0.16408778727054596,0.8847427368164062,3.969402371239994e-07,0.23786576092243195,0.8284168243408203,-0.02387969195842743,0.29230499267578125,0.734365701675415,-0.028736703097820282,0.31757715344429016,0.6513417363166809,-0.03246665373444557,0.3305344581604004,0.5830441117286682,-0.0360262393951416,0.2397032529115677,0.5782595872879028,-0.003842034377157688,0.24554118514060974,0.4612251818180084,-0.017499860376119614,0.24518099427223206,0.38666611909866333,-0.032119300216436386,0.24438057839870453,0.32133957743644714,-0.042933594435453415,0.19968073070049286,0.5685234069824219,-0.004612369928508997,0.20647181570529938,0.4391024708747864,-0.017185140401124954,0.2097667008638382,0.3536117672920227,-0.033223506063222885,0.21333934366703033,0.28445127606391907,-0.04492458328604698,0.16076983511447906,0.581129789352417,-0.00980394147336483,0.16683292388916016,0.455684632062912,-0.024763433262705803,0.17200610041618347,0.3769553303718567,-0.0384545773267746,0.1774173527956009,0.31051796674728394,-0.04724239185452461,0.12022049725055695,0.6110771894454956,-0.017658213153481483,0.12651173770427704,0.5071303844451904,-0.033053770661354065,0.1324004977941513,0.441529244184494,-0.041142385452985764,0.13972224295139313,0.3803340792655945,-0.04572932422161102,Bye
0.1645214557647705,0.8838682174682617,4.199956435968488e-07,0.23803533613681793,0.8281999230384827,-0.02480814978480339,0.2923545837402344,0.7355484962463379,-0.029828563332557678,0.31745195388793945,0.6528235673904419,-0.0335230678319931,0.33014389872550964,0.5835371017456055,-0.036921024322509766,0.24045950174331665,0.5794180631637573,-0.003279886906966567,0.24703821539878845,0.4623309373855591,-0.01653568632900715,0.24694320559501648,0.3878849744796753,-0.031198706477880478,0.24637006223201752,0.32256338000297546,-0.04214780777692795,0.20038864016532898,0.5693972110748291,-0.0034990182612091303,0.2080259472131729,0.4386073350906372,-0.015748480334877968,0.21172361075878143,0.3520403206348419,-0.03200875222682953,0.21580946445465088,0.2822839319705963,-0.043979428708553314,0.1612914353609085,0.5813513994216919,-0.008318702690303326,0.16861335933208466,0.4541778862476349,-0.023248083889484406,0.17438547313213348,0.37480923533439636,-0.03748994320631027,0.18026909232139587,0.3080763518810272,-0.0467350035905838,0.12080210447311401,0.6103544235229492,-0.01586594618856907,0.1280805617570877,0.507091224193573,-0.031346555799245834,0.13440430164337158,0.44168686866760254,-0.03988255187869072,0.14217208325862885,0.3796374797821045,-0.04491913318634033,Bye
0.16495823860168457,0.8834925293922424,4.0929799638433906e-07,0.23846282064914703,0.8279687762260437,-0.023799017071723938,0.2928273677825928,0.7353684306144714,-0.028213299810886383,0.3179594576358795,0.6533050537109375,-0.031490374356508255,0.3306427001953125,0.5838680267333984,-0.034490834921598434,0.24196425080299377,0.577655553817749,-0.001730026793666184,0.24786101281642914,0.4594469368457794,-0.014358412474393845,0.24732159078121185,0.3848433494567871,-0.028686998412013054,0.24627545475959778,0.31979721784591675,-0.03936995193362236,0.20188429951667786,0.5685738921165466,-0.0022375299595296383,0.20935410261154175,0.4384056627750397,-0.013615608215332031,0.2124158889055252,0.3527355492115021,-0.029617270454764366,0.21554693579673767,0.2845909595489502,-0.041470225900411606,0.16272716224193573,0.580978274345398,-0.007314850110560656,0.16897712647914886,0.4555938243865967,-0.021453378722071648,0.17374078929424286,0.3778117299079895,-0.03549479320645332,0.1785709261894226,0.31325793266296387,-0.04465886577963829,0.12181264907121658,0.6101956963539124,-0.015085944905877113,0.12861400842666626,0.5068931579589844,-0.029841654002666473,0.13457924127578735,0.4421454966068268,-0.03808801621198654,0.1420770287513733,0.3813023865222931,-0.04297000169754028,Bye
0.16479629278182983,0.8834370970726013,4.052997155667981e-07,0.23889513313770294,0.8272830247879028,-0.023105518892407417,0.2926136553287506,0.7352632880210876,-0.027170782908797264,0.3174680173397064,0.6540437340736389,-0.030194589868187904,0.3305486738681793,0.5851010084152222,-0.03297959268093109,0.24076855182647705,0.5765804052352905,-0.00066852115560323,0.24648825824260712,0.4567369818687439,-0.012574764899909496,0.245819091796875,0.3823850750923157,-0.026353973895311356,0.2444649338722229,0.31807076930999756,-0.03659598529338837,0.20117563009262085,0.5682719349861145,-0.0011984171578660607,0.20889540016651154,0.43773800134658813,-0.011768543161451817,0.2120107114315033,0.3528858423233032,-0.027313625440001488,0.21484513580799103,0.28597763180732727,-0.038885388523340225,0.16249532997608185,0.58087158203125,-0.006243219133466482,0.16963671147823334,0.4554574489593506,-0.01942751742899418,0.17506571114063263,0.37787750363349915,-0.033050745725631714,0.18043465912342072,0.3134077489376068,-0.042055655270814896,0.12183001637458801,0.6098768711090088,-0.013926202431321144,0.12918630242347717,0.5061848759651184,-0.02801612764596939,0.13553215563297272,0.4412306845188141,-0.035872314125299454,0.14330177009105682,0.38028478622436523,-0.040495067834854126,Bye
0.1647561937570572,0.8829635381698608,4.0409000234831183e-07,0.23898480832576752,0.8273400664329529,-0.023794926702976227,0.2922428250312805,0.7344242930412292,-0.028360504657030106,0.3170548379421234,0.6522636413574219,-0.03175685554742813,0.33082810044288635,0.5835869908332825,-0.034948334097862244,0.2404116988182068,0.576974093914032,-0.0027343437541276217,0.24625778198242188,0.4571584165096283,-0.01566397026181221,0.24561601877212524,0.38221094012260437,-0.029820285737514496,0.24422690272331238,0.31768491864204407,-0.04022175818681717,0.20054768025875092,0.5678737163543701,-0.003181271720677614,0.208094984292984,0.4366947114467621,-0.014727332629263401,0.21122421324253082,0.3520103991031647,-0.03021371178328991,0.21430377662181854,0.2855140268802643,-0.041571468114852905,0.16170364618301392,0.5800037980079651,-0.008161637932062149,0.1685623824596405,0.45450323820114136,-0.022178499028086662,0.17445051670074463,0.37666261196136475,-0.035714469850063324,0.18059761822223663,0.3117886185646057,-0.044520262628793716,0.1208648532629013,0.6089953780174255,-0.01581735908985138,0.1284208744764328,0.5049864053726196,-0.030537672340869904,0.1349409967660904,0.44020000100135803,-0.03842337802052498,0.14302797615528107,0.3796806335449219,-0.04295330122113228,Bye
0.16476744413375854,0.8833757042884827,3.981505471983837e-07,0.23934558033943176,0.8263380527496338,-0.0234877597540617,0.2924070656299591,0.7328304648399353,-0.028019670397043228,0.31639617681503296,0.6511722803115845,-0.03141322731971741,0.32975590229034424,0.583046019077301,-0.034673646092414856,0.2400199919939041,0.5770549178123474,-0.00317816692404449,0.24578113853931427,0.4570133090019226,-0.01634928770363331,0.24514758586883545,0.38142073154449463,-0.03053782694041729,0.2437346875667572,0.3158950209617615,-0.04096249118447304,0.20027504861354828,0.5685598850250244,-0.0037664163392037153,0.20777538418769836,0.4376973509788513,-0.015577222220599651,0.21071746945381165,0.35262590646743774,-0.031115902587771416,0.21356035768985748,0.28495293855667114,-0.0425104983150959,0.16155517101287842,0.5812498927116394,-0.008793043904006481,0.16846030950546265,0.4555835723876953,-0.02292790822684765,0.17395225167274475,0.37748733162879944,-0.03632913529872894,0.17932766675949097,0.3123485743999481,-0.04505563899874687,0.12106313556432724,0.6104096174240112,-0.016436344012618065,0.12847666442394257,0.5065488815307617,-0.031118661165237427,0.13492099940776825,0.44174060225486755,-0.038858525454998016,0.14256387948989868,0.38111838698387146,-0.043300069868564606,Bye
0.16427727043628693,0.8829169869422913,4.049560686780751e-07,0.23870441317558289,0.8255934715270996,-0.023034904152154922,0.29219621419906616,0.7330147624015808,-0.026978231966495514,0.3165121078491211,0.6516147255897522,-0.02986409328877926,0.3303713798522949,0.5826737284660339,-0.032516948878765106,0.2399957776069641,0.5761864185333252,-0.0002528042532503605,0.24592071771621704,0.45861682295799255,-0.012327568605542183,0.24568821489810944,0.3846546709537506,-0.026379456743597984,0.24494729936122894,0.31983572244644165,-0.03693638741970062,0.20019331574440002,0.5672100782394409,-0.0008040386601351202,0.20707324147224426,0.4371412396430969,-0.011639338918030262,0.21046997606754303,0.35248929262161255,-0.02745244838297367,0.2140825092792511,0.28474587202072144,-0.03923068568110466,0.1615046113729477,0.579732358455658,-0.005879776086658239,0.16800345480442047,0.454372763633728,-0.019587216898798943,0.17333175241947174,0.3763691186904907,-0.033507708460092545,0.1787445992231369,0.3105531632900238,-0.04268055781722069,0.12118788808584213,0.608919620513916,-0.013548544608056545,0.12830959260463715,0.506010115146637,-0.028073366731405258,0.1344999223947525,0.4415862560272217,-0.03610159084200859,0.14210735261440277,0.3805902302265167,-0.040818631649017334,Bye
0.16357629001140594,0.8820962905883789,3.9024757825245615e-07,0.2388792186975479,0.8241561055183411,-0.021571286022663116,0.29253754019737244,0.7322708964347839,-0.024554915726184845,0.3168942332267761,0.6502004265785217,-0.026916779577732086,0.33036017417907715,0.5818135738372803,-0.029138611629605293,0.23954011499881744,0.5764236450195312,0.0029048388823866844,0.24561753869056702,0.45980358123779297,-0.008377720601856709,0.2455373853445053,0.38686296343803406,-0.022078007459640503,0.24490466713905334,0.32322028279304504,-0.032471057027578354,0.20024560391902924,0.5672134160995483,0.001704410184174776,0.2067335844039917,0.43820682168006897,-0.008770082145929337,0.20946942269802094,0.35364824533462524,-0.02465776354074478,0.21222083270549774,0.28590986132621765,-0.0364801250398159,0.16191799938678741,0.5792132616043091,-0.004047916270792484,0.16851434111595154,0.4541829526424408,-0.01765134371817112,0.17362606525421143,0.37607279419898987,-0.03162030503153801,0.17854978144168854,0.3099197447299957,-0.04079660028219223,0.12152925133705139,0.6080726385116577,-0.012282715179026127,0.1285323202610016,0.5056290030479431,-0.0267088133841753,0.13475540280342102,0.4413648545742035,-0.0346490740776062,0.1422489434480667,0.3800883889198303,-0.03932580724358559,Bye
0.16233016550540924,0.8799611926078796,3.9177464827844233e-07,0.23658812046051025,0.8205070495605469,-0.02177237719297409,0.29104337096214294,0.7331821918487549,-0.024962296709418297,0.31679272651672363,0.6522761583328247,-0.02753753960132599,0.32899510860443115,0.5816308259963989,-0.029828112572431564,0.23854774236679077,0.5805444717407227,0.00531185744330287,0.24376840889453888,0.46438106894493103,-0.005460810381919146,0.24347560107707977,0.39213302731513977,-0.0194541122764349,0.2428687959909439,0.32932648062705994,-0.030040929093956947,0.19976723194122314,0.5703369975090027,0.004522645380347967,0.20639285445213318,0.44233572483062744,-0.005198635160923004,0.209030881524086,0.35935908555984497,-0.021491307765245438,0.21168917417526245,0.29303985834121704,-0.03383243456482887,0.16140562295913696,0.580440878868103,-0.0009875597897917032,0.16869071125984192,0.45650383830070496,-0.013943695463240147,0.17331020534038544,0.38109317421913147,-0.028110500425100327,0.17759805917739868,0.3185877203941345,-0.03754384070634842,0.12107724696397781,0.606664776802063,-0.0090408306568861,0.12948554754257202,0.5048938393592834,-0.022575566545128822,0.1358218491077423,0.4419648349285126,-0.03028886765241623,0.14325089752674103,0.3829224109649658,-0.034983739256858826,Bye
0.15845341980457306,0.8851364850997925,-3.1259389743354404e-07,0.22955243289470673,0.8135334253311157,-0.009668090380728245,0.28336358070373535,0.7353734374046326,-0.013393264263868332,0.31346747279167175,0.6530566215515137,-0.020650748163461685,0.32170480489730835,0.5850166082382202,-0.02644730545580387,0.23466788232326508,0.6230797171592712,0.008951305411756039,0.24428126215934753,0.5264614820480347,-0.00935490895062685,0.2413209080696106,0.5694811344146729,-0.02480003796517849,0.23424720764160156,0.622448205947876,-0.0320172980427742,0.198367640376091,0.613368034362793,0.004432641435414553,0.2007884383201599,0.513104259967804,-0.01469226460903883,0.20233985781669617,0.571752667427063,-0.02692680060863495,0.2012714296579361,0.631314754486084,-0.03124517761170864,0.16051006317138672,0.6141138672828674,-0.003460230538621545,0.1622750461101532,0.5048136711120605,-0.02087436243891716,0.17007456719875336,0.5620874762535095,-0.019386980682611465,0.17166675627231598,0.6255103349685669,-0.01398634072393179,0.11980745196342468,0.6271566152572632,-0.012844500131905079,0.12812240421772003,0.5427557826042175,-0.02439751848578453,0.13979442417621613,0.5872176289558411,-0.01775483973324299,0.14383913576602936,0.6434760093688965,-0.009191066026687622,Bye
0.15892602503299713,0.8700272440910339,-2.460328119013866e-07,0.22884546220302582,0.8056443333625793,-0.010258284397423267,0.2843255400657654,0.7360128164291382,-0.01463442575186491,0.3167056441307068,0.6651471853256226,-0.022542260587215424,0.3242262899875641,0.5974974632263184,-0.028361612930893898,0.23244057595729828,0.6331268548965454,0.00831906683743,0.24668999016284943,0.5492678880691528,-0.014503995887935162,0.2477434277534485,0.6105002164840698,-0.02996506355702877,0.2420787513256073,0.6648148894309998,-0.035530537366867065,0.1989867091178894,0.6295772790908813,0.00373285636305809,0.21327613294124603,0.5463661551475525,-0.020495379343628883,0.21733462810516357,0.6254774928092957,-0.030674442648887634,0.21464309096336365,0.686199426651001,-0.031441472470760345,0.16246455907821655,0.6349233984947205,-0.005103985778987408,0.17713820934295654,0.5540823936462402,-0.028219785541296005,0.18847647309303284,0.630091667175293,-0.02517036534845829,0.1891929805278778,0.6905485391616821,-0.016106251627206802,0.12068195641040802,0.6511384844779968,-0.01528086606413126,0.1381627470254898,0.5819457769393921,-0.030001552775502205,0.15593485534191132,0.632554829120636,-0.023625388741493225,0.1611562967300415,0.681734561920166,-0.013965987600386143,Bye
0.16438616812229156,0.8591557145118713,-1.060964081034399e-07,0.2293388843536377,0.8078157901763916,-0.017339782789349556,0.28211358189582825,0.7321057915687561,-0.024895476177334785,0.3138573169708252,0.6599284410476685,-0.03375343605875969,0.3232939839363098,0.5946566462516785,-0.039651427417993546,0.22549577057361603,0.6209991574287415,-0.006090320646762848,0.24198848009109497,0.5315846800804138,-0.030546018853783607,0.2471936047077179,0.5998472571372986,-0.04393798112869263,0.24219335615634918,0.6548241972923279,-0.04787057265639305,0.19317378103733063,0.6206061840057373,-0.007391632534563541,0.2086792290210724,0.5331110954284668,-0.03180737793445587,0.2171889990568161,0.6148005723953247,-0.039862535893917084,0.2132163643836975,0.6677005290985107,-0.03993099182844162,0.15756024420261383,0.6321215033531189,-0.012876131571829319,0.17154476046562195,0.5380317568778992,-0.0364658460021019,0.18671227991580963,0.6119568943977356,-0.032169800251722336,0.18656519055366516,0.6661586761474609,-0.02315904200077057,0.11725031584501266,0.6527751088142395,-0.019944852218031883,0.13309773802757263,0.5855463743209839,-0.03607133775949478,0.15460199117660522,0.6289657950401306,-0.03115520067512989,0.16001667082309723,0.6701764464378357,-0.022966263815760612,Bye
0.1637827455997467,0.8611153364181519,2.2355017392783338e-07,0.23136506974697113,0.8168312907218933,-0.021250251680612564,0.2857327163219452,0.7317023277282715,-0.02236783504486084,0.31406283378601074,0.6550447344779968,-0.023093951866030693,0.3238949477672577,0.5940415859222412,-0.02191438525915146,0.23326052725315094,0.6113272905349731,0.012610682286322117,0.24019940197467804,0.5233969688415527,-0.0018145621288567781,0.24116544425487518,0.5092517733573914,-0.01878957636654377,0.23976638913154602,0.5359552502632141,-0.02669515274465084,0.19489246606826782,0.6039893627166748,0.01752154342830181,0.19788581132888794,0.5073350667953491,0.005004299804568291,0.19854892790317535,0.49607518315315247,-0.012988889589905739,0.2011745125055313,0.5291076898574829,-0.022929171100258827,0.15744255483150482,0.6112497448921204,0.017307020723819733,0.15891730785369873,0.5212870836257935,0.0037533126305788755,0.1617233008146286,0.5047679543495178,-0.010103154927492142,0.1680801957845688,0.5379205942153931,-0.016417840495705605,0.11871452629566193,0.6326285600662231,0.014828263781964779,0.12414006888866425,0.5610979795455933,0.003220612881705165,0.1322081983089447,0.5353010892868042,-0.004294648766517639,0.14330589771270752,0.5445501804351807,-0.0069156973622739315,Bye
0.16343094408512115,0.8550588488578796,4.4148524125375843e-07,0.23192517459392548,0.809762716293335,-0.02265002764761448,0.28623539209365845,0.7196831703186035,-0.023842593654990196,0.3138705790042877,0.6448407173156738,-0.022989463061094284,0.327635258436203,0.5853396654129028,-0.0218436811119318,0.2332278937101364,0.5910986661911011,-0.0017454888438805938,0.24041864275932312,0.4904401898384094,-0.008977710269391537,0.2406705915927887,0.43020904064178467,-0.019154861569404602,0.24124307930469513,0.3762228488922119,-0.02726646326482296,0.19372345507144928,0.5781914591789246,0.0009626264218240976,0.19450269639492035,0.4746219217777252,-0.0057213748805224895,0.19452893733978271,0.40721672773361206,-0.01868736371397972,0.1966729611158371,0.3504924774169922,-0.0285152867436409,0.1562894880771637,0.5849790573120117,-0.00025288257165811956,0.1561111956834793,0.4849171042442322,-0.010292640887200832,0.15907610952854156,0.4231574833393097,-0.02328546717762947,0.16455018520355225,0.3702736496925354,-0.03189587593078613,0.11877720803022385,0.6073247790336609,-0.003912321757525206,0.1222596988081932,0.5196194052696228,-0.015430775471031666,0.1271444857120514,0.464847207069397,-0.023442456498742104,0.13532590866088867,0.41338300704956055,-0.02817976102232933,Bye
0.15973715484142303,0.8590837121009827,4.4006762323078874e-07,0.22940242290496826,0.8112207651138306,-0.022445494309067726,0.2827996611595154,0.7197547554969788,-0.02550697512924671,0.31200122833251953,0.643229603767395,-0.026768187060952187,0.32899680733680725,0.5855463743209839,-0.02806159481406212,0.22992919385433197,0.58404541015625,-0.008237488567829132,0.23737943172454834,0.47189953923225403,-0.018864618614315987,0.23728814721107483,0.4035285711288452,-0.03055480122566223,0.2366379052400589,0.3440028131008148,-0.039635878056287766,0.18937644362449646,0.5686668157577515,-0.007883838377892971,0.19261327385902405,0.44596847891807556,-0.017837749794125557,0.1928262859582901,0.3653498589992523,-0.0321541503071785,0.1934017390012741,0.2992978096008301,-0.0426991805434227,0.15045912563800812,0.5763458609580994,-0.011066842824220657,0.15237528085708618,0.4576696753501892,-0.023985521867871284,0.15431705117225647,0.3823612928390503,-0.03895288333296776,0.1574353277683258,0.31791627407073975,-0.04884876683354378,0.11089545488357544,0.6027193069458008,-0.016449088230729103,0.11074431985616684,0.5036538243293762,-0.031324006617069244,0.11208930611610413,0.4403582811355591,-0.04118550568819046,0.11649614572525024,0.38138657808303833,-0.047043852508068085,Bye
0.15727977454662323,0.8635883927345276,3.842878015802853e-07,0.22818413376808167,0.8090704679489136,-0.021933823823928833,0.2835268974304199,0.7206247448921204,-0.026321621611714363,0.3128860592842102,0.6434586048126221,-0.02968588098883629,0.32744336128234863,0.5816673636436462,-0.032861705869436264,0.22818060219287872,0.5789709091186523,-0.004102906212210655,0.2329920083284378,0.4663483500480652,-0.01616002433001995,0.23277519643306732,0.39686962962150574,-0.02936362288892269,0.232512965798378,0.3364710211753845,-0.039167389273643494,0.18829695880413055,0.566561758518219,-0.004718621261417866,0.19017812609672546,0.4424408972263336,-0.01548438798636198,0.19132114946842194,0.36371567845344543,-0.030218129977583885,0.19321893155574799,0.3005198836326599,-0.041021913290023804,0.150242418050766,0.5753282308578491,-0.00923282839357853,0.1515716165304184,0.45811977982521057,-0.02159571461379528,0.15522533655166626,0.38526278734207153,-0.03389803692698479,0.16007164120674133,0.32407087087631226,-0.0420139841735363,0.11178775876760483,0.6015763282775879,-0.016287533566355705,0.11362964659929276,0.503431499004364,-0.028982508927583694,0.11600060015916824,0.44180816411972046,-0.035522088408470154,0.12090049684047699,0.3844640552997589,-0.03915328532457352,Bye
0.15765441954135895,0.8710312247276306,7.600307583288668e-08,0.22509539127349854,0.8063670992851257,-0.011654325760900974,0.2771840989589691,0.7259436845779419,-0.012968858703970909,0.3085843026638031,0.6485323309898376,-0.017315464094281197,0.31679150462150574,0.5849604606628418,-0.021025221794843674,0.22246241569519043,0.600858211517334,0.017286237329244614,0.2278883159160614,0.49869057536125183,0.0023475061170756817,0.23598350584506989,0.48498594760894775,-0.014550493098795414,0.2388545274734497,0.5031304359436035,-0.02312701940536499,0.18695060908794403,0.5925524234771729,0.014516829513013363,0.18537402153015137,0.4800771176815033,-0.004282619804143906,0.19707179069519043,0.4843754768371582,-0.02384813316166401,0.20589716732501984,0.5298961400985718,-0.032929886132478714,0.15216520428657532,0.5969915390014648,0.007775358390063047,0.1493016481399536,0.48209628462791443,-0.009586511179804802,0.1628698855638504,0.4792447090148926,-0.021523913368582726,0.17486655712127686,0.5231503844261169,-0.024714378640055656,0.11549317091703415,0.6143891215324402,-0.0005413071485236287,0.12209628522396088,0.5206083655357361,-0.01386580616235733,0.13781626522541046,0.4939786493778229,-0.019556641578674316,0.15416230261325836,0.5056186318397522,-0.019890055060386658,Bye
0.15809281170368195,0.8677838444709778,-2.0233876796282857e-07,0.22729717195034027,0.8034196496009827,-0.009785589762032032,0.27847057580947876,0.7269214987754822,-0.015302017331123352,0.31083354353904724,0.657050609588623,-0.024231484159827232,0.32135364413261414,0.5975713133811951,-0.030875390395522118,0.2205585539340973,0.6113802194595337,0.0018755458295345306,0.23220010101795197,0.5107526779174805,-0.01986417919397354,0.2391345500946045,0.5685493350028992,-0.03320503607392311,0.2348424196243286,0.6248783469200134,-0.03787669911980629,0.18755951523780823,0.6117586493492126,-0.0032851125579327345,0.1976671665906906,0.5139645934104919,-0.027217021211981773,0.20807094871997833,0.590320885181427,-0.03688579425215721,0.2061859667301178,0.6489613056182861,-0.037887461483478546,0.15237464010715485,0.6243241429328918,-0.011940310709178448,0.16194891929626465,0.5155971050262451,-0.03473963215947151,0.1790170520544052,0.5858727693557739,-0.03184591606259346,0.18087728321552277,0.645638644695282,-0.023779217153787613,0.11333254724740982,0.6483882069587708,-0.021675074473023415,0.1293126493692398,0.5730679035186768,-0.0380818173289299,0.15131379663944244,0.6168363690376282,-0.03352576494216919,0.15822704136371613,0.6622922420501709,-0.025498099625110626,Bye
0.1614484041929245,0.8577333688735962,-1.5816837617421697e-07,0.22824949026107788,0.8016241788864136,-0.014404723420739174,0.28068938851356506,0.7273268103599548,-0.021770542487502098,0.3126816153526306,0.6591455340385437,-0.03186336159706116,0.32466235756874084,0.5975828170776367,-0.039253003895282745,0.2230934202671051,0.6092859506607056,-6.170837878016755e-05,0.2343994826078415,0.507809042930603,-0.025006266310811043,0.24039079248905182,0.5697799324989319,-0.0409616082906723,0.23766952753067017,0.6306965351104736,-0.046655625104904175,0.1899559497833252,0.6094571948051453,-0.0034571110736578703,0.2008860558271408,0.5127180218696594,-0.029661517590284348,0.2085365206003189,0.592745304107666,-0.040071822702884674,0.20661737024784088,0.6548295617103577,-0.040864743292331696,0.15456081926822662,0.621093213558197,-0.011149660684168339,0.16445766389369965,0.5139989256858826,-0.03556601330637932,0.17822526395320892,0.5867670774459839,-0.03213300183415413,0.17939233779907227,0.6496648192405701,-0.022959578782320023,0.11557567119598389,0.6427602171897888,-0.020483922213315964,0.13086141645908356,0.5710232853889465,-0.03806241601705551,0.15031743049621582,0.6143171191215515,-0.033591095358133316,0.15576553344726562,0.6602541208267212,-0.024991700425744057,Bye
0.1605282425880432,0.8510327935218811,2.2634559115886077e-08,0.23056472837924957,0.8089277148246765,-0.018070757389068604,0.2821860909461975,0.7315552234649658,-0.021884392946958542,0.3144552409648895,0.6595911383628845,-0.027317620813846588,0.32528156042099,0.601129949092865,-0.03106725960969925,0.22981180250644684,0.599831759929657,0.009143125265836716,0.23607492446899414,0.4941105842590332,-0.008388486690819263,0.2390688806772232,0.505569577217102,-0.025281094014644623,0.23541709780693054,0.5553380846977234,-0.03264852240681648,0.19306762516498566,0.5924294590950012,0.010151993483304977,0.19430144131183624,0.48058733344078064,-0.005910247564315796,0.20142105221748352,0.514843225479126,-0.020650707185268402,0.2044006735086441,0.5706897377967834,-0.027036143466830254,0.1578059047460556,0.5986350178718567,0.006459903437644243,0.15730461478233337,0.4864434003829956,-0.010022370144724846,0.16830326616764069,0.5184791684150696,-0.01760176755487919,0.1727687418460846,0.5788290500640869,-0.018364252522587776,0.12038123607635498,0.6159690618515015,0.0006431374931707978,0.12482891976833344,0.5314705967903137,-0.013703325763344765,0.13720405101776123,0.5483880043029785,-0.016521263867616653,0.1435069888830185,0.5949698686599731,-0.014640675857663155,Bye
0.15957927703857422,0.859290599822998,4.1513300175211043e-07,0.22967396676540375,0.8073955774307251,-0.021645059809088707,0.2840116620063782,0.7238431572914124,-0.02358217164874077,0.3144375681877136,0.6538187265396118,-0.024328216910362244,0.33149775862693787,0.5978887677192688,-0.02464081160724163,0.2290964126586914,0.5881386399269104,0.005109852645546198,0.23674225807189941,0.4954858124256134,-0.001990104326978326,0.2386585921049118,0.4398230314254761,-0.013455163687467575,0.24039803445339203,0.3903235197067261,-0.022609541192650795,0.1900794953107834,0.575717031955719,0.007127515040338039,0.1956515908241272,0.4752955734729767,0.0011052110930904746,0.19958540797233582,0.4127187430858612,-0.012523981742560863,0.20474080741405487,0.36307334899902344,-0.023256221786141396,0.15240749716758728,0.5824456810951233,0.004770524334162474,0.1552247554063797,0.4857580363750458,-0.004941537976264954,0.16049465537071228,0.4309350550174713,-0.017936542630195618,0.1682196706533432,0.3889015018939972,-0.02671760320663452,0.11350078135728836,0.6040285229682922,-8.004705887287855e-05,0.11553894728422165,0.5204599499702454,-0.011278009973466396,0.12121567130088806,0.47202205657958984,-0.018798399716615677,0.13146477937698364,0.43108493089675903,-0.023301227018237114,Bye
0.15757977962493896,0.8599001169204712,4.5256095404511143e-07,0.22797898948192596,0.8065637946128845,-0.021995259448885918,0.28294071555137634,0.7232893109321594,-0.0250533614307642,0.3132067322731018,0.6524028778076172,-0.026774773374199867,0.3275558650493622,0.5949212312698364,-0.02824828401207924,0.22672683000564575,0.5860510468482971,-0.001331017934717238,0.2327389419078827,0.476155549287796,-0.010305407457053661,0.23247119784355164,0.41073086857795715,-0.021926715970039368,0.23242385685443878,0.3515331745147705,-0.03080032952129841,0.1875564008951187,0.5738623142242432,-0.00038911038427613676,0.19108788669109344,0.45831865072250366,-0.008105868473649025,0.1928827464580536,0.38407471776008606,-0.02228262647986412,0.1957409381866455,0.32244014739990234,-0.03290293365716934,0.14994502067565918,0.5803825259208679,-0.003361326875165105,0.152876079082489,0.4720459580421448,-0.01380572933703661,0.1571589857339859,0.40412071347236633,-0.027036968618631363,0.1629696935415268,0.34607455134391785,-0.035661812871694565,0.11173729598522186,0.6011826992034912,-0.008806101977825165,0.11585304141044617,0.5065104961395264,-0.020302003249526024,0.12084462493658066,0.4491572678089142,-0.027354655787348747,0.1291790008544922,0.39641430974006653,-0.03122216835618019,Bye
0.15821339190006256,0.8635943531990051,4.2965365310010384e-07,0.23002725839614868,0.8077908754348755,-0.021744059398770332,0.2849968373775482,0.7233456373214722,-0.025051694363355637,0.3145526051521301,0.6502475142478943,-0.027121590450406075,0.3289027214050293,0.592934250831604,-0.028918856754899025,0.22568342089653015,0.5806036591529846,-0.000790183839853853,0.2306331992149353,0.4717057943344116,-0.0097988061606884,0.23047783970832825,0.40684011578559875,-0.021663302555680275,0.23043078184127808,0.3482024371623993,-0.03083552047610283,0.18657967448234558,0.5683015584945679,-0.00035508230212144554,0.18909482657909393,0.44923120737075806,-0.007961655035614967,0.19071079790592194,0.3733883798122406,-0.02190307155251503,0.19311116635799408,0.3101906180381775,-0.03252584859728813,0.14946457743644714,0.5767122507095337,-0.0038397894240915775,0.15118984878063202,0.46492287516593933,-0.013769050128757954,0.15487830340862274,0.3959774672985077,-0.026135042309761047,0.1599520891904831,0.3363489806652069,-0.03451348841190338,0.11203474551439285,0.6014831066131592,-0.00988709181547165,0.11597198992967606,0.50581955909729,-0.02081027626991272,0.12025056779384613,0.4473402500152588,-0.027044879272580147,0.12753264605998993,0.392382949590683,-0.030592409893870354,Bye
0.15866468846797943,0.8621817827224731,3.004809911999473e-07,0.2262517511844635,0.8026280999183655,-0.018807237967848778,0.2810136675834656,0.7256733775138855,-0.022879954427480698,0.31153228878974915,0.6552538871765137,-0.02709493786096573,0.3216404914855957,0.5933493375778198,-0.03127219155430794,0.22420591115951538,0.5903784036636353,0.00458782771602273,0.22824671864509583,0.4903217852115631,-0.0077781081199646,0.22985437512397766,0.4337833523750305,-0.022594742476940155,0.23141101002693176,0.39326760172843933,-0.03223499283194542,0.18711182475090027,0.5821914076805115,0.003870428539812565,0.1910945326089859,0.47014012932777405,-0.00781874731183052,0.19263996183872223,0.4156065285205841,-0.022434931248426437,0.19548268616199493,0.3861541450023651,-0.03192555531859398,0.15104880928993225,0.5904607772827148,-0.0010686361929401755,0.15565337240695953,0.48284807801246643,-0.014502739533782005,0.1620764583349228,0.4328785836696625,-0.024004651233553886,0.17039717733860016,0.4093123972415924,-0.028823265805840492,0.11322640627622604,0.6128736138343811,-0.008356631733477116,0.11963536590337753,0.5235579013824463,-0.02043365314602852,0.12901277840137482,0.4834529757499695,-0.023389089852571487,0.14001062512397766,0.4645124673843384,-0.023461688309907913,Bye
0.15568383038043976,0.8648175001144409,-2.548719351125328e-07,0.22565145790576935,0.8015581369400024,-0.00983409397304058,0.2783980965614319,0.7288129329681396,-0.0157649926841259,0.3117993474006653,0.6596018671989441,-0.02538559027016163,0.32013341784477234,0.5972762107849121,-0.03267936408519745,0.21966765820980072,0.6203970909118652,0.00263955001719296,0.23184257745742798,0.5266475081443787,-0.0216224305331707,0.23819425702095032,0.5883625745773315,-0.03689086064696312,0.23285356163978577,0.6466549634933472,-0.042046044021844864,0.18626873195171356,0.6222649216651917,-0.002569319913163781,0.19846022129058838,0.5353645086288452,-0.02854674868285656,0.2086021453142166,0.6160019040107727,-0.03903627023100853,0.20584425330162048,0.6757461428642273,-0.040482740849256516,0.1503096967935562,0.6322617530822754,-0.011627476662397385,0.16395488381385803,0.5313209891319275,-0.0373808816075325,0.18028059601783752,0.6107357144355774,-0.0341145396232605,0.18004003167152405,0.6751338839530945,-0.025020312517881393,0.11020538210868835,0.6514054536819458,-0.021741611883044243,0.13061589002609253,0.5825388431549072,-0.040377262979745865,0.1504160612821579,0.6369650363922119,-0.03512042015790939,0.15319940447807312,0.6895158886909485,-0.02595078945159912,Bye
0.16026456654071808,0.8571389317512512,-1.2881595523595024e-07,0.22821085155010223,0.7993858456611633,-0.013430429622530937,0.2822573781013489,0.731220543384552,-0.020183442160487175,0.31428053975105286,0.6682365536689758,-0.030064310878515244,0.32565146684646606,0.6064196825027466,-0.037689823657274246,0.22388163208961487,0.617626428604126,0.0039060746785253286,0.23758850991725922,0.5251802206039429,-0.022179866209626198,0.24215580523014069,0.5833221673965454,-0.040214866399765015,0.23985259234905243,0.6452997922897339,-0.04678714647889137,0.19138465821743011,0.6170955300331116,0.0002557403058744967,0.20494258403778076,0.5313994288444519,-0.028310205787420273,0.210630863904953,0.6094245910644531,-0.04075520858168602,0.2099504917860031,0.674553394317627,-0.04193368926644325,0.15685218572616577,0.6261840462684631,-0.008022215217351913,0.16952374577522278,0.5296637415885925,-0.034233007580041885,0.18190623819828033,0.6018158793449402,-0.03302421793341637,0.18451052904129028,0.6681036949157715,-0.024344777688384056,0.11814738065004349,0.645732045173645,-0.017874065786600113,0.1352393925189972,0.579278290271759,-0.036719586700201035,0.15377263724803925,0.6245738863945007,-0.03361889719963074,0.1608235090970993,0.6732169389724731,-0.02525031380355358,Bye
0.1655479222536087,0.8523673415184021,-7.68144516882785e-08,0.22817902266979218,0.8086159229278564,-0.016540788114070892,0.2816729247570038,0.7327476143836975,-0.022236471995711327,0.3145201504230499,0.6646743416786194,-0.029193924739956856,0.32557761669158936,0.6050182580947876,-0.033514417707920074,0.22744472324848175,0.6081861853599548,-0.0001943227689480409,0.23887725174427032,0.5052875280380249,-0.02016429603099823,0.2432851642370224,0.5524792671203613,-0.03424477577209473,0.23995648324489594,0.6060008406639099,-0.039564479142427444,0.1918470859527588,0.6049475073814392,-0.0007979226065799594,0.20098885893821716,0.5009040236473083,-0.021613679826259613,0.21160154044628143,0.568300187587738,-0.03222388029098511,0.212107315659523,0.6274548172950745,-0.03424715995788574,0.15645813941955566,0.6147890686988831,-0.005362608004361391,0.16211923956871033,0.5050367712974548,-0.024258410558104515,0.17896731197834015,0.5647753477096558,-0.024182265624403954,0.18291936814785004,0.6235659718513489,-0.018746813759207726,0.11912377923727036,0.6352007985115051,-0.011739014647901058,0.1284380406141281,0.5562195777893066,-0.026117991656064987,0.14753103256225586,0.5867757201194763,-0.02454546093940735,0.1554003357887268,0.6278480887413025,-0.01908261328935623,Bye
0.16024784743785858,0.8574958443641663,4.178715471425676e-07,0.22806887328624725,0.8109385371208191,-0.021815350279211998,0.2828303277492523,0.7258638143539429,-0.02290819026529789,0.31422311067581177,0.6568894982337952,-0.02271326258778572,0.3274288475513458,0.5994551777839661,-0.021443085744976997,0.22909559309482574,0.591081440448761,0.008133262395858765,0.23823164403438568,0.5033534169197083,0.002511439612135291,0.24023553729057312,0.4545975625514984,-0.00787877943366766,0.24266624450683594,0.41792139410972595,-0.015621447004377842,0.191329687833786,0.5791886448860168,0.011193888261914253,0.19747081398963928,0.48021256923675537,0.005792919080704451,0.20220763981342316,0.4309487044811249,-0.007057186681777239,0.21085169911384583,0.4050624966621399,-0.016542859375476837,0.1544346660375595,0.5847417712211609,0.009684602729976177,0.1576710194349289,0.4888075590133667,-0.00033434966462664306,0.16631300747394562,0.44750335812568665,-0.013390664011240005,0.17964237928390503,0.43498706817626953,-0.021200306713581085,0.11545613408088684,0.6042088270187378,0.005646210163831711,0.12132059782743454,0.5185191035270691,-0.00576043501496315,0.13138461112976074,0.4773525595664978,-0.013698355294764042,0.14718876779079437,0.46053290367126465,-0.017892006784677505,Bye
0.15859538316726685,0.8587328195571899,4.6151151877893426e-07,0.2282319813966751,0.8084262013435364,-0.02118368074297905,0.28238382935523987,0.723993182182312,-0.023646168410778046,0.31312623620033264,0.6541170477867126,-0.025027407333254814,0.32837581634521484,0.5963354706764221,-0.026110569015145302,0.22913777828216553,0.5856093764305115,0.0010511872824281454,0.2385755479335785,0.484497606754303,-0.00725115742534399,0.24121852219104767,0.4235771894454956,-0.018972119316458702,0.24398308992385864,0.36791470646858215,-0.02826090157032013,0.1895543336868286,0.5721950531005859,0.001664049574173987,0.19426575303077698,0.464069128036499,-0.005102327559143305,0.19789326190948486,0.395164430141449,-0.01870567724108696,0.20275084674358368,0.3368456959724426,-0.029274489730596542,0.15132278203964233,0.5789279341697693,-0.0017768415855243802,0.15408974885940552,0.4772605299949646,-0.011845585890114307,0.15956644713878632,0.41569286584854126,-0.024254802614450455,0.16736873984336853,0.3616292178630829,-0.03266147896647453,0.11255834996700287,0.6008226871490479,-0.007743555586785078,0.11612612009048462,0.5134312510490417,-0.01942136324942112,0.12220655381679535,0.46127504110336304,-0.026384489610791206,0.1321367472410202,0.41277390718460083,-0.030386092141270638,Bye
0.15856383740901947,0.8626227378845215,4.5495136191675556e-07,0.2296251654624939,0.8080081343650818,-0.020449699833989143,0.2845158576965332,0.7232185006141663,-0.022418323904275894,0.3149471879005432,0.6530565619468689,-0.023562559857964516,0.3283221423625946,0.5963637232780457,-0.024429576471447945,0.22782181203365326,0.5804718732833862,0.0022065225057303905,0.2377302050590515,0.47343114018440247,-0.005779182072728872,0.2401939183473587,0.40935733914375305,-0.017340365797281265,0.2423402965068817,0.3513987958431244,-0.026531381532549858,0.18779799342155457,0.5670912265777588,0.0019372768001630902,0.1902409940958023,0.4493679404258728,-0.004844150505959988,0.1925199031829834,0.3744408190250397,-0.01907915621995926,0.19551323354244232,0.312106192111969,-0.03001186065375805,0.14986373484134674,0.5752540826797485,-0.002298497362062335,0.15045690536499023,0.465491384267807,-0.01224531140178442,0.15485261380672455,0.3971627354621887,-0.02560875564813614,0.16091486811637878,0.33697256445884705,-0.03468141704797745,0.11181052774190903,0.6000627875328064,-0.008999270386993885,0.11302520334720612,0.5057531595230103,-0.020584547892212868,0.11667558550834656,0.44808128476142883,-0.027786605060100555,0.12416832149028778,0.3930990695953369,-0.032002683728933334,Bye
0.15874989330768585,0.8629425168037415,4.240300199853664e-07,0.22907216846942902,0.8072192072868347,-0.021172741428017616,0.2847215533256531,0.7231022715568542,-0.02437935210764408,0.31550970673561096,0.6497767567634583,-0.02666615881025791,0.32770243287086487,0.5894755125045776,-0.028479348868131638,0.22718487679958344,0.5774725079536438,0.0015649927081540227,0.236166313290596,0.47045230865478516,-0.00698718149214983,0.23889489471912384,0.4069480895996094,-0.018870748579502106,0.24136115610599518,0.3503069579601288,-0.027908101677894592,0.18729844689369202,0.5651900768280029,0.0016545932739973068,0.18962135910987854,0.44610947370529175,-0.004993214271962643,0.19080562889575958,0.37112194299697876,-0.01827690564095974,0.1926136165857315,0.3095272481441498,-0.02852352149784565,0.14976298809051514,0.5739320516586304,-0.002329197246581316,0.15039794147014618,0.46308502554893494,-0.010775988921523094,0.15341274440288544,0.39568424224853516,-0.021678384393453598,0.15811339020729065,0.3375849723815918,-0.029335370287299156,0.1123165488243103,0.5992676019668579,-0.009057321585714817,0.11420738697052002,0.5047314763069153,-0.018355604261159897,0.11691539734601974,0.44649356603622437,-0.023123912513256073,0.12276816368103027,0.39164870977401733,-0.025789037346839905,Bye
0.15993483364582062,0.8635674715042114,-7.834308490828334e-08,0.22503069043159485,0.7975565195083618,-0.010743005201220512,0.27640843391418457,0.7231765985488892,-0.013435794971883297,0.30811503529548645,0.649872899055481,-0.019212793558835983,0.31715384125709534,0.5903791189193726,-0.023461006581783295,0.2209530919790268,0.6021504402160645,0.011957746930420399,0.22773298621177673,0.503760039806366,-0.003738885512575507,0.2342061847448349,0.5177236199378967,-0.018912000581622124,0.23283277451992035,0.5599321126937866,-0.025959094986319542,0.18543362617492676,0.5943419337272644,0.008604129776358604,0.1831926852464676,0.48293694853782654,-0.007717544212937355,0.1924104541540146,0.514581024646759,-0.02128702960908413,0.19518978893756866,0.5699780583381653,-0.02695333957672119,0.14965498447418213,0.6000806093215942,0.00161572580691427,0.14679265022277832,0.48889073729515076,-0.012314333580434322,0.15830779075622559,0.518169641494751,-0.015890339389443398,0.1623084396123886,0.5735807418823242,-0.014582939445972443,0.1125442162156105,0.6184868216514587,-0.007118076551705599,0.11827901005744934,0.5328677296638489,-0.015334288589656353,0.12994267046451569,0.5462404489517212,-0.01257810927927494,0.13457950949668884,0.5877498388290405,-0.0076917801052331924,Bye
0.160297691822052,0.8625863790512085,-1.370994624494415e-07,0.22770537436008453,0.8047163486480713,-0.012421558611094952,0.2813167870044708,0.7295656204223633,-0.019432900473475456,0.316335529088974,0.6623691320419312,-0.029180968180298805,0.3260691463947296,0.6020835638046265,-0.03711181506514549,0.2207924872636795,0.6100229024887085,0.00021092053793836385,0.23045888543128967,0.5111783742904663,-0.022266684100031853,0.23823325335979462,0.561887264251709,-0.03808893635869026,0.23583073914051056,0.6179943680763245,-0.04450423642992973,0.18739555776119232,0.6120090484619141,-0.004536135587841272,0.195762038230896,0.5102179050445557,-0.028829295188188553,0.2084956020116806,0.5789992809295654,-0.04034733399748802,0.20998550951480865,0.6415385007858276,-0.042420994490385056,0.15225493907928467,0.6264490485191345,-0.013013126328587532,0.1627781093120575,0.5154463052749634,-0.03867378830909729,0.18094751238822937,0.588411808013916,-0.03848082199692726,0.1839594841003418,0.6528540253639221,-0.03164888545870781,0.11524956673383713,0.6542170643806458,-0.022602764889597893,0.13525515794754028,0.5864070653915405,-0.04374423250555992,0.1537424921989441,0.6432875394821167,-0.041395653039216995,0.1574147790670395,0.6975559592247009,-0.034235890954732895,Bye
0.16139894723892212,0.8603917956352234,-1.1556103629573045e-07,0.22924403846263885,0.8061933517456055,-0.015459906309843063,0.2836775481700897,0.7291333675384521,-0.022785205394029617,0.31721532344818115,0.6633877754211426,-0.032352447509765625,0.3278486430644989,0.6026023030281067,-0.039486419409513474,0.2251356542110443,0.6070422530174255,-0.0007340905722230673,0.23615223169326782,0.5086977481842041,-0.0253763347864151,0.24055542051792145,0.5667600035667419,-0.0421593114733696,0.2377200424671173,0.6262160539627075,-0.04880388453602791,0.190774604678154,0.6092348098754883,-0.004258172586560249,0.20027054846286774,0.5100206732749939,-0.030266601592302322,0.20929741859436035,0.5839298963546753,-0.04202746972441673,0.20984295010566711,0.6465878486633301,-0.043833229690790176,0.15469928085803986,0.6239768266677856,-0.012125235982239246,0.16620425879955292,0.5186726450920105,-0.03921318054199219,0.18121163547039032,0.594475507736206,-0.03829272836446762,0.1838274449110031,0.6584967374801636,-0.030352076515555382,0.11700902134180069,0.6513897776603699,-0.02148074470460415,0.1382705271244049,0.5874828696250916,-0.04372071847319603,0.15522615611553192,0.643222451210022,-0.041525699198246,0.15834695100784302,0.6955134272575378,-0.03392164036631584,Bye
0.1640908271074295,0.8541402816772461,-8.022828978937468e-08,0.22913110256195068,0.8102447390556335,-0.015410074032843113,0.28297895193099976,0.7312410473823547,-0.022478090599179268,0.31724804639816284,0.6631230711936951,-0.031170709058642387,0.33067238330841064,0.6031965613365173,-0.037605367600917816,0.2271839678287506,0.6056599020957947,-0.0044803558848798275,0.2366451770067215,0.4976772665977478,-0.025455325841903687,0.2448616921901703,0.5440286993980408,-0.039174407720565796,0.24321575462818146,0.5972849726676941,-0.04490591585636139,0.19212083518505096,0.6044319272041321,-0.007612471003085375,0.20023030042648315,0.4960094392299652,-0.030125973746180534,0.21289527416229248,0.5639862418174744,-0.0410478375852108,0.2126861959695816,0.6206865906715393,-0.043852876871824265,0.15601225197315216,0.6178252100944519,-0.014367499388754368,0.16408343613147736,0.49938809871673584,-0.03851372376084328,0.18297137320041656,0.5655955076217651,-0.03907584026455879,0.18551786243915558,0.6230788230895996,-0.03404567018151283,0.11787817627191544,0.6443110704421997,-0.02237425558269024,0.13556109368801117,0.5750942826271057,-0.04346668720245361,0.15615853667259216,0.6225231885910034,-0.043177224695682526,0.16067121922969818,0.6695239543914795,-0.038375746458768845,Bye
0.1671900898218155,0.8534863591194153,-7.983127403576873e-08,0.23057349026203156,0.8079572916030884,-0.014498417265713215,0.2834269404411316,0.7268704771995544,-0.021247711032629013,0.3170882761478424,0.6598547101020813,-0.029787661507725716,0.328971266746521,0.6020380854606628,-0.03614962100982666,0.22704201936721802,0.5968527793884277,-0.005036300513893366,0.23475292325019836,0.487980455160141,-0.026169508695602417,0.24542127549648285,0.5350101590156555,-0.040638986974954605,0.24443696439266205,0.5905826687812805,-0.04662035033106804,0.1917639970779419,0.5969598293304443,-0.008786086924374104,0.19737668335437775,0.48243141174316406,-0.030512627214193344,0.21292641758918762,0.5466753840446472,-0.04212703928351402,0.2135566771030426,0.6066324710845947,-0.04581639543175697,0.1560547798871994,0.6113722324371338,-0.015963653102517128,0.15976102650165558,0.4875016212463379,-0.03764956071972847,0.1814323514699936,0.5472165942192078,-0.039083391427993774,0.1854228973388672,0.6071829795837402,-0.03530043363571167,0.11776366829872131,0.6386103630065918,-0.02449900470674038,0.1305481493473053,0.5593114495277405,-0.04267841577529907,0.1535123884677887,0.5973053574562073,-0.04238146170973778,0.16053612530231476,0.643645167350769,-0.038269441574811935,Bye
0.16289247572422028,0.8555169105529785,1.1257025533950582e-07,0.23242482542991638,0.8105704188346863,-0.01894395425915718,0.286332905292511,0.7289958000183105,-0.022919047623872757,0.318118691444397,0.6569504737854004,-0.028061242774128914,0.32350635528564453,0.5976763963699341,-0.03213322162628174,0.22826240956783295,0.5931357741355896,0.006299801170825958,0.2330595701932907,0.48894116282463074,-0.012849262915551662,0.23806996643543243,0.4873533844947815,-0.03322569280862808,0.23757874965667725,0.5261068344116211,-0.04348021745681763,0.19181105494499207,0.5885374546051025,0.006891525816172361,0.18898804485797882,0.4739362597465515,-0.01258488092571497,0.2027226686477661,0.48659494519233704,-0.0345211960375309,0.21259430050849915,0.5400713682174683,-0.04624446853995323,0.15626388788223267,0.5996717214584351,0.0031364616006612778,0.15140774846076965,0.48386409878730774,-0.01698954403400421,0.16913381218910217,0.49210748076438904,-0.03361596167087555,0.18191662430763245,0.5490157604217529,-0.04049307480454445,0.11920419335365295,0.6244975924491882,-0.002397584728896618,0.1238032877445221,0.5430007576942444,-0.02086055837571621,0.14028456807136536,0.5425735116004944,-0.031053360551595688,0.1539335548877716,0.580230712890625,-0.0345696359872818,Bye
0.16181989014148712,0.8551298975944519,1.2383269165638922e-07,0.2320132851600647,0.8095927238464355,-0.019472992047667503,0.28502511978149414,0.7267844080924988,-0.0233923252671957,0.315423846244812,0.6541665196418762,-0.02856762520968914,0.3241916596889496,0.5950883030891418,-0.03263295069336891,0.22761783003807068,0.5918849110603333,0.005151351448148489,0.23284193873405457,0.48763278126716614,-0.015272507444024086,0.2380136102437973,0.48616158962249756,-0.035778265446424484,0.23733268678188324,0.5267221331596375,-0.04532409831881523,0.1909940391778946,0.5855700969696045,0.006068261340260506,0.18761314451694489,0.4681152403354645,-0.013987619429826736,0.20143264532089233,0.48037391901016235,-0.034450288861989975,0.21197804808616638,0.5363768339157104,-0.04406416788697243,0.15584635734558105,0.5955272912979126,0.00244721956551075,0.1490112990140915,0.47716307640075684,-0.01815204508602619,0.16590745747089386,0.4838618040084839,-0.03296990692615509,0.17911969125270844,0.5420997142791748,-0.03744766116142273,0.1190643385052681,0.6193251609802246,-0.0030947900377213955,0.12283075600862503,0.5326690077781677,-0.02184033766388893,0.1396765261888504,0.5279638171195984,-0.03130375221371651,0.15466943383216858,0.5664600133895874,-0.03332226723432541,Bye
0.16349484026432037,0.8544461727142334,1.1722753612275483e-07,0.23251557350158691,0.8086637854576111,-0.020006276667118073,0.28574198484420776,0.7283788919448853,-0.0253924448043108,0.3182190954685211,0.656714677810669,-0.032262079417705536,0.3253347873687744,0.5963953733444214,-0.03813309967517853,0.22920143604278564,0.588129460811615,0.003946979064494371,0.23450002074241638,0.4825347363948822,-0.018609920516610146,0.2393636554479599,0.4841313064098358,-0.04067594185471535,0.23845364153385162,0.530095100402832,-0.05067341774702072,0.19197587668895721,0.5822272300720215,0.004484298173338175,0.1894942820072174,0.46472781896591187,-0.01736147329211235,0.20310744643211365,0.47702160477638245,-0.039981551468372345,0.21335306763648987,0.5347817540168762,-0.05091250687837601,0.15666577219963074,0.5920640230178833,0.00041938904905691743,0.1491060107946396,0.4759669601917267,-0.020095592364668846,0.1656901240348816,0.4783385097980499,-0.03726690262556076,0.1792881190776825,0.5355730056762695,-0.043574608862400055,0.11914794892072678,0.615305483341217,-0.005627564620226622,0.11896920204162598,0.5257174968719482,-0.02272428572177887,0.13516132533550262,0.5131713151931763,-0.03308777138590813,0.15161369740962982,0.5464504361152649,-0.03628498315811157,Bye
