0.75289386510849,0.8276594281196594,-7.056543722683273e-07,0.6882901191711426,0.7542543411254883,-0.020172499120235443,0.6505591869354248,0.6412972211837769,-0.019761547446250916,0.636579155921936,0.5521988272666931,-0.022773902863264084,0.6235889792442322,0.4837961196899414,-0.016294728964567184,0.6954365968704224,0.5671621561050415,0.027744043618440628,0.6719005107879639,0.5031309723854065,0.002098432509228587,0.6766931414604187,0.5800553560256958,-0.0018638941692188382,0.6901028752326965,0.600761890411377,0.003530086949467659,0.7341475486755371,0.5742930769920349,0.028828075155615807,0.7156861424446106,0.5353637933731079,0.003453341079875827,0.7112348675727844,0.625732958316803,0.01033745240420103,0.7199422717094421,0.6167310476303101,0.025302065536379814,0.7743449211120605,0.5883085131645203,0.02012944407761097,0.7586457133293152,0.5519621968269348,-0.012383603490889072,0.7483300566673279,0.635532021522522,0.002942393533885479,0.7569848895072937,0.6407265663146973,0.02538546361029148,0.8167665004730225,0.5983415842056274,0.008996298536658287,0.8147792816162109,0.5343158841133118,-0.003739595878869295,0.7975738048553467,0.5813668966293335,0.010721923783421516,0.8002544045448303,0.6023906469345093,0.02859593741595745,A
0.752692461013794,0.8309876322746277,-7.03084936048981e-07,0.6878674030303955,0.7571420669555664,-0.02092539705336094,0.6512157917022705,0.644024133682251,-0.02037854865193367,0.63726407289505,0.5547567009925842,-0.023021066561341286,0.624126672744751,0.4867161810398102,-0.015929503366351128,0.6934588551521301,0.5692476034164429,0.028967194259166718,0.6719907522201538,0.5054704546928406,0.0036742822267115116,0.6769410371780396,0.5829094648361206,-0.00014688423834741116,0.6887883543968201,0.6034871339797974,0.005368608050048351,0.7332587242126465,0.5763828754425049,0.030956106260418892,0.7165251970291138,0.5386911630630493,0.0063409991562366486,0.7119756937026978,0.6300845742225647,0.013380642049014568,0.7193429470062256,0.6197639107704163,0.028489012271165848,0.7745949625968933,0.5902273058891296,0.022991329431533813,0.7600103616714478,0.5546398758888245,-0.008746650069952011,0.7495627403259277,0.6381670832633972,0.006677716039121151,0.7571503520011902,0.6415178179740906,0.02905055321753025,0.8174792528152466,0.6000492572784424,0.012478580698370934,0.8153397440910339,0.5386441349983215,0.0002703898644540459,0.7983633279800415,0.5866707563400269,0.014724657870829105,0.8009994029998779,0.6072304248809814,0.03258474916219711,A
0.7515401244163513,0.8324887752532959,-7.09960033873358e-07,0.6873572468757629,0.759395956993103,-0.019641689956188202,0.6511377692222595,0.6465998888015747,-0.019512707367539406,0.6374348998069763,0.5573309063911438,-0.023411773145198822,0.6241699457168579,0.48849964141845703,-0.018379921093583107,0.694953203201294,0.5747289657592773,0.027978692203760147,0.6724353432655334,0.5071595311164856,0.000930993992369622,0.6760162115097046,0.5821660161018372,-0.004354446195065975,0.6887723207473755,0.6069364547729492,0.0004195937654003501,0.7343454957008362,0.5812870264053345,0.02831827849149704,0.7166344523429871,0.5404117107391357,0.002438632771372795,0.7117387652397156,0.6297292709350586,0.008703630417585373,0.7205921411514282,0.6242941617965698,0.02309482917189598,0.7752386927604675,0.5948598384857178,0.01878850907087326,0.7600639462471008,0.5562167763710022,-0.014398230239748955,0.7496402263641357,0.6393117308616638,0.0010254770750179887,0.757832944393158,0.6480701565742493,0.023566395044326782,0.8180579543113708,0.6057025790214539,0.006811340805143118,0.8162729740142822,0.5392818450927734,-0.006399901583790779,0.7988183498382568,0.5861743688583374,0.008415644988417625,0.8006477355957031,0.6095067262649536,0.026524441316723824,A
0.7526317834854126,0.8355235457420349,-7.234835379676952e-07,0.6867082118988037,0.7623448967933655,-0.01879308559000492,0.65117347240448,0.6489039659500122,-0.017552953213453293,0.6379042863845825,0.5591632723808289,-0.020246628671884537,0.6234338879585266,0.49097102880477905,-0.013960499316453934,0.6946781873703003,0.5766177773475647,0.029421770945191383,0.6714383959770203,0.5094748139381409,0.002082738559693098,0.6751419901847839,0.585872232913971,-0.004301020409911871,0.687521755695343,0.6111027002334595,-0.0002849781303666532,0.7348069548606873,0.5839282274246216,0.029796380549669266,0.7152979969978333,0.5432880520820618,0.003812463255599141,0.7107828855514526,0.6329306960105896,0.009174670092761517,0.7203670740127563,0.628568172454834,0.022858062759041786,0.7761818170547485,0.5979942083358765,0.02035760134458542,0.7590640187263489,0.5593783259391785,-0.01289550494402647,0.7489797472953796,0.6434064507484436,0.002031976357102394,0.758112370967865,0.6527451276779175,0.024306325241923332,0.8192741870880127,0.6087397336959839,0.00857813935726881,0.8160337209701538,0.5434036254882812,-0.004608932416886091,0.7985056042671204,0.5910136699676514,0.010113068856298923,0.8008686304092407,0.6142039895057678,0.02820572629570961,A
0.7516560554504395,0.8373910784721375,-7.318213874896173e-07,0.6863614916801453,0.7629473209381104,-0.017452893778681755,0.6510592699050903,0.6500579714775085,-0.01631109043955803,0.6388084292411804,0.5612555742263794,-0.019552890211343765,0.6241990327835083,0.49279212951660156,-0.014047051779925823,0.6955811977386475,0.5794480443000793,0.029660280793905258,0.6724151968955994,0.5119794607162476,0.0026600612327456474,0.6748501062393188,0.5875128507614136,-0.003292972920462489,0.6870050430297852,0.6124169230461121,0.0008883915143087506,0.7352443337440491,0.5868595838546753,0.02888735942542553,0.7155131697654724,0.5445381999015808,0.002883276203647256,0.7099331021308899,0.6345688700675964,0.008859530091285706,0.7195901870727539,0.6304641962051392,0.0230158269405365,0.7761628031730652,0.6009780168533325,0.01843757927417755,0.7586008310317993,0.5609037280082703,-0.014849589206278324,0.7477890253067017,0.6460965275764465,0.000956811651121825,0.7567620277404785,0.6558913588523865,0.02383594587445259,0.8192533254623413,0.6123929023742676,0.005719858221709728,0.8162441253662109,0.5447338819503784,-0.00723603181540966,0.7982168793678284,0.5931742787361145,0.008396814577281475,0.8002309203147888,0.6172922253608704,0.027055567130446434,A
0.7518378496170044,0.8388276100158691,-7.175287919380935e-07,0.6861998438835144,0.7626402378082275,-0.017343681305646896,0.650909960269928,0.6494747400283813,-0.01540258526802063,0.6386830806732178,0.5612959861755371,-0.017619675025343895,0.623841404914856,0.49283069372177124,-0.010950198397040367,0.697717547416687,0.5791358351707458,0.031528063118457794,0.6721953749656677,0.511920154094696,0.00544528616592288,0.6747609972953796,0.5883240699768066,-0.0002894069184549153,0.6879792809486389,0.6130750775337219,0.004138030577450991,0.7368015050888062,0.5877395868301392,0.03147580102086067,0.7149693369865417,0.5456247925758362,0.0060945916920900345,0.7098838090896606,0.635491669178009,0.01163050252944231,0.7210264801979065,0.6319804787635803,0.025533409789204597,0.7769936323165894,0.6025528907775879,0.021730011329054832,0.7576636075973511,0.5638185739517212,-0.011003289371728897,0.7476632595062256,0.64875328540802,0.0035761657636612654,0.7585833072662354,0.6579555869102478,0.02572392113506794,0.8196772933006287,0.6136278510093689,0.009819341823458672,0.8156351447105408,0.5464855432510376,-0.002550652949139476,0.7984588742256165,0.593888521194458,0.012338600121438503,0.8023450970649719,0.6169794797897339,0.030497822910547256,A
0.7543933391571045,0.8386030197143555,-7.120361829038302e-07,0.687454342842102,0.7630791068077087,-0.01831061765551567,0.6514105796813965,0.6502214670181274,-0.016241170465946198,0.6388934850692749,0.5616487264633179,-0.017855696380138397,0.6245764493942261,0.4934335947036743,-0.010396329686045647,0.6970115303993225,0.5795481204986572,0.030840523540973663,0.6725890636444092,0.5117645263671875,0.005688367411494255,0.6760482788085938,0.5880700945854187,0.0006544177886098623,0.6881675124168396,0.6145205497741699,0.005592627450823784,0.7367713451385498,0.5872358679771423,0.031784746795892715,0.7163302898406982,0.5461661219596863,0.007745465263724327,0.7121073603630066,0.6345056891441345,0.01316885743290186,0.7215955853462219,0.6317875385284424,0.02651374228298664,0.7776659727096558,0.6023337841033936,0.023117125034332275,0.7597871422767639,0.5647737383842468,-0.008507291786372662,0.7501046061515808,0.6481382846832275,0.00509771890938282,0.7591573596000671,0.6580724716186523,0.026087114587426186,0.8205938339233398,0.6140303611755371,0.012325949035584927,0.8175479769706726,0.548441469669342,0.00031780460267327726,0.8007654547691345,0.5939957499504089,0.014304039999842644,0.8033630847930908,0.616204023361206,0.03158869966864586,A
0.7528340816497803,0.8388993740081787,-7.162785777836689e-07,0.6873982548713684,0.763175368309021,-0.017637154087424278,0.6512954831123352,0.6506107449531555,-0.016547106206417084,0.6390420198440552,0.5620771646499634,-0.01952853426337242,0.6246551871299744,0.49317270517349243,-0.013749707490205765,0.6986322402954102,0.5803205370903015,0.028905441984534264,0.6726966500282288,0.5117111206054688,0.001963876886293292,0.6755445599555969,0.5873264670372009,-0.003897567978128791,0.6882848739624023,0.6144762635231018,0.0006721136742271483,0.7375494241714478,0.5882382988929749,0.028667228296399117,0.7147150635719299,0.545060932636261,0.0025680791586637497,0.7106123566627502,0.633752167224884,0.008118787780404091,0.7215133309364319,0.6321847438812256,0.022000150755047798,0.7779021263122559,0.6023929715156555,0.01883261278271675,0.7574033737182617,0.5629395246505737,-0.014257579110562801,0.7482454776763916,0.6465773582458496,0.0005265002837404609,0.7587465047836304,0.6567145586013794,0.022658836096525192,0.8209186792373657,0.6135108470916748,0.006837721914052963,0.8159621357917786,0.5467478632926941,-0.005965769290924072,0.7991675138473511,0.5944809913635254,0.008919102139770985,0.8028726577758789,0.6178566217422485,0.027013542130589485,A
0.7541002631187439,0.8393229246139526,-7.25209019947215e-07,0.6882683634757996,0.7651697397232056,-0.020690245553851128,0.6513223648071289,0.6498048305511475,-0.020053505897521973,0.6379151344299316,0.5598570704460144,-0.022670907899737358,0.623930811882019,0.49201852083206177,-0.01550659816712141,0.697093665599823,0.5776587128639221,0.02545260265469551,0.6714450120925903,0.5106088519096375,-0.0010637700324878097,0.6765894889831543,0.59075528383255,-0.004597825463861227,0.6896378993988037,0.6125957369804382,0.0013227445306256413,0.7372424602508545,0.5859309434890747,0.026663055643439293,0.7164275050163269,0.5439568758010864,0.000510944053530693,0.7124848365783691,0.6367399096488953,0.008407539688050747,0.7222814559936523,0.6287521719932556,0.0242445170879364,0.7783848643302917,0.6009283661842346,0.01804686337709427,0.7606152296066284,0.5629814863204956,-0.014848701655864716,0.7503766417503357,0.648775041103363,0.0017230258090421557,0.7600780725479126,0.6537884473800659,0.025054512545466423,0.8216153383255005,0.6125462055206299,0.0068667056038975716,0.8182318210601807,0.5487216114997864,-0.005886224564164877,0.8012232184410095,0.5960592031478882,0.008972064591944218,0.8048678636550903,0.6165532469749451,0.027071980759501457,A
0.7531325817108154,0.8409497737884521,-7.164097155509808e-07,0.6878326535224915,0.7638394832611084,-0.01816684380173683,0.6510637998580933,0.6503570675849915,-0.01682840846478939,0.6381131410598755,0.5613123178482056,-0.019467169418931007,0.6255573034286499,0.491705060005188,-0.012855024076998234,0.6983939409255981,0.5778100490570068,0.031233076006174088,0.6733183860778809,0.5121343731880188,0.005134912673383951,0.6769594550132751,0.5898022651672363,-8.271312981378287e-05,0.689405083656311,0.612088143825531,0.004529005382210016,0.7378864884376526,0.5860464572906494,0.03129406273365021,0.7161064147949219,0.5453801155090332,0.005648273974657059,0.7119234800338745,0.6358386278152466,0.011580838821828365,0.7220364212989807,0.6282930374145508,0.025916092097759247,0.7788787484169006,0.6003115177154541,0.02152986265718937,0.7593008875846863,0.562706708908081,-0.010886924341320992,0.7495253682136536,0.6469932198524475,0.004634603392332792,0.759566068649292,0.6512550711631775,0.02716081216931343,0.8222761154174805,0.6111414432525635,0.0094384690746665,0.8167464137077332,0.5470885634422302,-0.002455061534419656,0.7995964884757996,0.5975446701049805,0.013198260217905045,0.8040947914123535,0.6192441582679749,0.03182027116417885,A
0.7541804313659668,0.8418155908584595,-7.317528343264712e-07,0.688479483127594,0.7668967843055725,-0.020628400146961212,0.6516121625900269,0.6502867937088013,-0.02027711644768715,0.638775110244751,0.5594481825828552,-0.023317327722907066,0.6244852542877197,0.49137017130851746,-0.016334334388375282,0.6994144916534424,0.5770208239555359,0.02689044177532196,0.6734422445297241,0.5112186670303345,0.00018552230903878808,0.6776346564292908,0.5927137732505798,-0.0034542186185717583,0.6909245252609253,0.6132185459136963,0.0023669207002967596,0.7391752600669861,0.585813045501709,0.02789934352040291,0.717740535736084,0.5437043905258179,0.0014029070734977722,0.7127829194068909,0.6390079259872437,0.009630779735744,0.7231914401054382,0.6286543607711792,0.02598457597196102,0.7799404859542847,0.6008207201957703,0.018924621865153313,0.7613794207572937,0.5624703764915466,-0.013931539840996265,0.7503111362457275,0.6497241258621216,0.0034701784607023,0.7608472108840942,0.6530124545097351,0.02745693363249302,0.822870135307312,0.6119163036346436,0.00727170892059803,0.8188691735267639,0.5484232306480408,-0.005087606143206358,0.8010210394859314,0.5970207452774048,0.010399067774415016,0.80527263879776,0.6170772314071655,0.028998281806707382,A
0.7531702518463135,0.8429234027862549,-7.433292239511502e-07,0.6859349608421326,0.7647021412849426,-0.01825525052845478,0.6501147747039795,0.6478502750396729,-0.015956146642565727,0.6381981372833252,0.5590851306915283,-0.017059724777936935,0.6229892373085022,0.49180376529693604,-0.008278942666947842,0.699812650680542,0.5746898055076599,0.02877475693821907,0.671306312084198,0.5116196870803833,0.0028052630368620157,0.6769358515739441,0.5945522785186768,-0.0021426966413855553,0.6912238001823425,0.6126840710639954,0.00235738349147141,0.7395159602165222,0.5841954946517944,0.029378795996308327,0.7156276106834412,0.5439149141311646,0.0034545750822871923,0.7119376063346863,0.6389755010604858,0.00986267440021038,0.7232924103736877,0.6296043992042542,0.024452630430459976,0.7800648808479309,0.5991673469543457,0.0204485896974802,0.759792685508728,0.5616891384124756,-0.011424742639064789,0.7494134306907654,0.649601399898529,0.004579395521432161,0.7611424326896667,0.6529085636138916,0.027284879237413406,0.8226801753044128,0.6097228527069092,0.009134761989116669,0.8180955052375793,0.5467207431793213,-0.0022939671762287617,0.8005913496017456,0.5956514477729797,0.013041840866208076,0.8054429888725281,0.6156933307647705,0.03139941021800041,A
0.7523153424263,0.8449612855911255,-7.441590241796803e-07,0.6855993270874023,0.765891432762146,-0.018005941063165665,0.6494317650794983,0.647864580154419,-0.015371193177998066,0.6372090578079224,0.5587425231933594,-0.016336174681782722,0.6223958730697632,0.4912770092487335,-0.00765612768009305,0.6993423104286194,0.5754008293151855,0.029534868896007538,0.6706556677818298,0.5118396282196045,0.0033411916811019182,0.6759955286979675,0.5952013731002808,-0.0020430400036275387,0.6908926367759705,0.613486647605896,0.002024989342316985,0.7386723756790161,0.5841317176818848,0.029804475605487823,0.714041531085968,0.5429006814956665,0.0032341370824724436,0.709773063659668,0.637561023235321,0.009152519516646862,0.7221894860267639,0.629077136516571,0.02350090816617012,0.7791646122932434,0.5982574820518494,0.02050158940255642,0.758019208908081,0.5585912466049194,-0.01217464730143547,0.746544361114502,0.6469316482543945,0.003795065451413393,0.7587252259254456,0.6512893438339233,0.026685189455747604,0.8221044540405273,0.608268678188324,0.008809453807771206,0.8168649673461914,0.5444616675376892,-0.0033869987819343805,0.7988392114639282,0.5950751304626465,0.011907498352229595,0.8040127754211426,0.6159744262695312,0.030395392328500748,A
0.7507076263427734,0.8435616493225098,-7.505808525820612e-07,0.685102641582489,0.7675253748893738,-0.01854339800775051,0.6492401361465454,0.6498804688453674,-0.018491230905056,0.6377990245819092,0.5600444078445435,-0.022227058187127113,0.6237366199493408,0.49146342277526855,-0.0166071318089962,0.6986022591590881,0.5755718946456909,0.022151391953229904,0.6692929267883301,0.5108873844146729,-0.0059700896963477135,0.67448490858078,0.5934264063835144,-0.01080425176769495,0.6897885799407959,0.6124376654624939,-0.006342688109725714,0.7380735874176025,0.5841353535652161,0.021107695996761322,0.712399959564209,0.5427823662757874,-0.007872403599321842,0.70876145362854,0.6380192637443542,-0.0006028462084941566,0.7216218113899231,0.6305718421936035,0.01482374221086502,0.7788555026054382,0.5981244444847107,0.01079777255654335,0.7562490105628967,0.5590501427650452,-0.023984523490071297,0.7458176016807556,0.6475908756256104,-0.006107021123170853,0.7581568956375122,0.6529901623725891,0.018198931589722633,0.8220507502555847,0.6088027954101562,-0.001964746741577983,0.8160218596458435,0.5445066690444946,-0.016306445002555847,0.798380970954895,0.5945649147033691,-0.0005655207787640393,0.8032625317573547,0.6157774925231934,0.01843699999153614,A
0.7519698143005371,0.8464668989181519,-7.464359441655688e-07,0.6859478950500488,0.7684412002563477,-0.018429528921842575,0.6485676169395447,0.6495749950408936,-0.01678054966032505,0.6356743574142456,0.5597739219665527,-0.01862482912838459,0.6224942803382874,0.49120157957077026,-0.010696511715650558,0.699154794216156,0.5755682587623596,0.024807380512356758,0.668505072593689,0.5118579268455505,-0.0014520861441269517,0.6744106411933899,0.5951566696166992,-0.006078144069761038,0.6900362372398376,0.6120380759239197,-0.0018337025539949536,0.7385091185569763,0.5838643908500671,0.02463577315211296,0.7120473980903625,0.5435917973518372,-0.0024854533839970827,0.708892285823822,0.6376537084579468,0.004316038452088833,0.7217848300933838,0.6295343041419983,0.01900213584303856,0.7787297368049622,0.5985897779464722,0.015232766978442669,0.7562189698219299,0.5584644675254822,-0.017553916200995445,0.7455015778541565,0.6455472707748413,-0.000735962123144418,0.7575465440750122,0.6510178446769714,0.022446732968091965,0.821429967880249,0.6100289225578308,0.0033466273453086615,0.8176243901252747,0.5451039671897888,-0.009386048652231693,0.7991368770599365,0.5925336480140686,0.005667026154696941,0.8022165298461914,0.6129526495933533,0.02390477806329727,A
0.7520538568496704,0.8474695682525635,-7.335954137488443e-07,0.6852505803108215,0.768149733543396,-0.018003620207309723,0.6479450464248657,0.6502290964126587,-0.01689327321946621,0.6360050439834595,0.5595406293869019,-0.019651265814900398,0.6217389106750488,0.49082785844802856,-0.012884671799838543,0.6979452967643738,0.5754647254943848,0.02775471657514572,0.6683515906333923,0.5131275057792664,0.001143694738857448,0.673856794834137,0.5953150987625122,-0.004293879959732294,0.6891511678695679,0.6113095283508301,-0.0006514507695101202,0.7372190356254578,0.5836042761802673,0.027100253850221634,0.7114061117172241,0.5431734919548035,-0.0001923420059029013,0.70737224817276,0.6369631886482239,0.005743838846683502,0.7194662690162659,0.6268103122711182,0.01984439603984356,0.7779916524887085,0.5975709557533264,0.01701643317937851,0.755559504032135,0.5570117831230164,-0.01601308025419712,0.7445418238639832,0.6437694430351257,0.0005612366367131472,0.7562583088874817,0.6478837728500366,0.023564517498016357,0.8212258815765381,0.6078044772148132,0.004448541905730963,0.8150551319122314,0.5433168411254883,-0.0083392933011055,0.7971060872077942,0.5922128558158875,0.00691189942881465,0.8019024729728699,0.6125664710998535,0.025295527651906013,A
0.7512223124504089,0.8449916839599609,-7.378442887784331e-07,0.6844568252563477,0.7665805816650391,-0.017975041642785072,0.6480080485343933,0.6480299830436707,-0.016572032123804092,0.6357094645500183,0.5573982000350952,-0.019126717001199722,0.6202653646469116,0.4900575876235962,-0.012384059838950634,0.694921612739563,0.5729211568832397,0.027414079755544662,0.666120707988739,0.509952187538147,-3.708187796291895e-05,0.6719062328338623,0.5931124687194824,-0.005888591054826975,0.6866404414176941,0.6104251146316528,-0.0023993912618607283,0.7349331378936768,0.5808938145637512,0.02662074565887451,0.7083688974380493,0.540581226348877,-0.0019453008426353335,0.7055702805519104,0.635097086429596,0.0039366851560771465,0.7182587385177612,0.6262547373771667,0.018261821940541267,0.7765921354293823,0.595026969909668,0.016313962638378143,0.753226637840271,0.5543689131736755,-0.017800217494368553,0.7432431578636169,0.6421834826469421,-0.0008761146455071867,0.7553684115409851,0.6473159790039062,0.022690797224640846,0.8202035427093506,0.6058667898178101,0.00352210970595479,0.8129438161849976,0.5412657260894775,-0.009977594949305058,0.7958529591560364,0.5911924839019775,0.005342083051800728,0.8013507723808289,0.6118080615997314,0.0239231176674366,A
0.7500851154327393,0.8441698551177979,-7.421400027851632e-07,0.685378909111023,0.7671205997467041,-0.01902020536363125,0.6475793123245239,0.6489254236221313,-0.019231727346777916,0.6345984935760498,0.557605504989624,-0.023046949878335,0.6217460036277771,0.4888630509376526,-0.017036141827702522,0.6955164074897766,0.5714205503463745,0.022928206250071526,0.6652480959892273,0.5094156265258789,-0.004755624104291201,0.6706811189651489,0.5942041277885437,-0.008570827543735504,0.686119556427002,0.608291506767273,-0.0038041912484914064,0.7350686192512512,0.5802414417266846,0.022029593586921692,0.7079026699066162,0.5374716520309448,-0.007719587534666061,0.7044163942337036,0.6352843642234802,0.0009675497421994805,0.7176939249038696,0.6236900091171265,0.01792711205780506,0.7761312127113342,0.5943731665611267,0.011656717397272587,0.7523897290229797,0.5531048774719238,-0.023353252559900284,0.7418373227119446,0.6427798867225647,-0.003537973389029503,0.7547810673713684,0.6442538499832153,0.022282563149929047,0.8195136785507202,0.6054133772850037,-0.0013395420974120498,0.8120204210281372,0.5420864820480347,-0.015287532471120358,0.7941596508026123,0.5952856540679932,0.0014004824915900826,0.8000729084014893,0.6154311895370483,0.021108048036694527,A
0.7496334910392761,0.8418137431144714,-7.271687536558602e-07,0.6841624975204468,0.7647016048431396,-0.020062504336237907,0.6471107006072998,0.6473874449729919,-0.02066008560359478,0.6341818571090698,0.555657684803009,-0.024817174300551414,0.6194964051246643,0.48821836709976196,-0.019285324960947037,0.6932311654090881,0.5715821385383606,0.024115031585097313,0.6665980219841003,0.5082668662071228,-0.0031505273655056953,0.6720340847969055,0.5911585092544556,-0.0075876289047300816,0.6855663061141968,0.6075340509414673,-0.0032209153287112713,0.7332140803337097,0.5796493887901306,0.024097025394439697,0.7091666460037231,0.5375298857688904,-0.004023183602839708,0.7053400874137878,0.6332569122314453,0.003519223304465413,0.7164572477340698,0.6220259070396423,0.01900296099483967,0.7748368382453918,0.593667209148407,0.014511339366436005,0.7538275122642517,0.5510406494140625,-0.01899748668074608,0.7430140972137451,0.6381620168685913,-0.0004072347073815763,0.7537738680839539,0.6415571570396423,0.02390282414853573,0.8180629014968872,0.6047559380531311,0.0021795700304210186,0.8120419383049011,0.5415550470352173,-0.01100942213088274,0.7948843240737915,0.5912161469459534,0.004781072959303856,0.8001149892807007,0.6107984185218811,0.023491857573390007,A
0.7490376234054565,0.8419979810714722,-7.260218808369245e-07,0.6848377585411072,0.7649716138839722,-0.02122524008154869,0.6468059420585632,0.6479976177215576,-0.02251817286014557,0.6336944103240967,0.5567705631256104,-0.027182763442397118,0.620649516582489,0.4879906177520752,-0.021843569353222847,0.6937809586524963,0.5693644285202026,0.022786160930991173,0.6657096743583679,0.5084592700004578,-0.00430942652747035,0.671107828617096,0.5905658006668091,-0.007090638391673565,0.6853413581848145,0.6052762866020203,-0.001285573118366301,0.7333504557609558,0.578151285648346,0.02310376614332199,0.7091351747512817,0.5369114875793457,-0.004839807283133268,0.7050049304962158,0.6339085698127747,0.004908458795398474,0.7159773111343384,0.6207257509231567,0.022438617423176765,0.7746298909187317,0.592503011226654,0.01358988881111145,0.7534084320068359,0.5518235564231873,-0.020461004227399826,0.7428041696548462,0.6403177976608276,-0.0007136401254683733,0.7539440989494324,0.6423424482345581,0.024851590394973755,0.8179330229759216,0.6035444140434265,0.001224912004545331,0.811570405960083,0.5394817590713501,-0.012538048438727856,0.7947121858596802,0.5896672606468201,0.003519123885780573,0.8008801341056824,0.6092638373374939,0.022733747959136963,A
0.7497230172157288,0.8423976898193359,-7.192363113972533e-07,0.6845712065696716,0.7642202377319336,-0.019937025383114815,0.6469306945800781,0.6474211812019348,-0.02011234313249588,0.6340667605400085,0.5572043061256409,-0.0240065585821867,0.6206368207931519,0.4879873991012573,-0.0182888712733984,0.6941416263580322,0.5697481036186218,0.026702318340539932,0.6658012270927429,0.5090919733047485,0.0004219631664454937,0.6707687973976135,0.5890456438064575,-0.003735297592356801,0.6849091053009033,0.605689287185669,0.0009639387717470527,0.7334859371185303,0.5778660774230957,0.026896342635154724,0.7084501385688782,0.5384353995323181,9.163482172880322e-05,0.7043489217758179,0.6319034099578857,0.007763668429106474,0.7156013250350952,0.6207876801490784,0.02326415665447712,0.7746764421463013,0.5923598408699036,0.017336569726467133,0.7525867819786072,0.5518338084220886,-0.015811843797564507,0.7418246269226074,0.6381173729896545,0.001807934488169849,0.7528192400932312,0.6427271962165833,0.025628983974456787,0.8181164264678955,0.6034310460090637,0.005070942919701338,0.8123190402984619,0.5383531451225281,-0.00843762792646885,0.794625997543335,0.5866870880126953,0.0065620411187410355,0.7992960214614868,0.6072836518287659,0.024898812174797058,A
0.7496358752250671,0.8397349119186401,-7.334843417083903e-07,0.6842884421348572,0.7636669874191284,-0.01946038194000721,0.6471630334854126,0.6463934779167175,-0.01960684545338154,0.6343158483505249,0.5560058355331421,-0.023509908467531204,0.6207152009010315,0.487701952457428,-0.0177459754049778,0.6936601400375366,0.5689879655838013,0.025562206283211708,0.665644109249115,0.5081807971000671,-0.002716910792514682,0.6708985567092896,0.5900164246559143,-0.008089837618172169,0.6854314208030701,0.6048245429992676,-0.004062318708747625,0.733366072177887,0.5776963829994202,0.02540852315723896,0.7085556387901306,0.5368531942367554,-0.003582045901566744,0.7046522498130798,0.6324624419212341,0.0036655564326792955,0.7163055539131165,0.6198239326477051,0.019290637224912643,0.7749549746513367,0.5912323594093323,0.015543701127171516,0.7530435919761658,0.5498802065849304,-0.01889476366341114,0.7425296902656555,0.6376082301139832,-0.0006520224851556122,0.7543963193893433,0.6405779123306274,0.023905839771032333,0.8183170557022095,0.6006044745445251,0.002990931970998645,0.8119673132896423,0.5370575189590454,-0.010865468531847,0.7948529720306396,0.5868567824363708,0.0045564379543066025,0.8008626699447632,0.6061863303184509,0.023335130885243416,A
0.7497909665107727,0.8403890132904053,-7.269612183335994e-07,0.6838237643241882,0.7622742056846619,-0.020285794511437416,0.6464042067527771,0.6442775130271912,-0.01981579139828682,0.6339349150657654,0.5539438724517822,-0.022636905312538147,0.6195917129516602,0.4852989912033081,-0.015620866790413857,0.6938900351524353,0.567724883556366,0.02532532438635826,0.6650754809379578,0.508004903793335,-0.0011424773838371038,0.6715376377105713,0.5896496772766113,-0.005348766688257456,0.6861833930015564,0.6046798229217529,-0.0006463041645474732,0.7337619066238403,0.5762749314308167,0.0260849017649889,0.7087640762329102,0.5378682017326355,-0.00090975925559178,0.7058225274085999,0.6328587532043457,0.006824739743024111,0.7174245119094849,0.6210305690765381,0.022375667467713356,0.7749580144882202,0.590653657913208,0.017182709649205208,0.753314197063446,0.5510331392288208,-0.015902025625109673,0.7434690594673157,0.6386072039604187,0.0018453699303790927,0.7551663517951965,0.6423709392547607,0.025784596800804138,0.8180035948753357,0.6010394096374512,0.005556274205446243,0.8127589821815491,0.537356436252594,-0.0075938706286251545,0.795575737953186,0.5860986709594727,0.007559305056929588,0.800443172454834,0.6060801148414612,0.02601356990635395,A
0.7511833310127258,0.8404221534729004,-7.225511922115402e-07,0.6848238110542297,0.7618064284324646,-0.018438316881656647,0.6473044157028198,0.6446408629417419,-0.017093805596232414,0.6336687207221985,0.5554783344268799,-0.019630780443549156,0.6207587718963623,0.48592284321784973,-0.012789284810423851,0.6948864459991455,0.5664940476417542,0.030440418049693108,0.6664014458656311,0.5086658596992493,0.0038615346420556307,0.6718358397483826,0.5886338949203491,-0.0024426868185400963,0.6865214705467224,0.6031559109687805,0.0006255620974116027,0.7344038486480713,0.5743586421012878,0.030343884602189064,0.7090054750442505,0.537362277507782,0.0030568717047572136,0.7053282260894775,0.6299930810928345,0.008199874311685562,0.7169792652130127,0.6186478734016418,0.021882476285099983,0.7756310701370239,0.5884205102920532,0.02057757042348385,0.7531105279922485,0.5500357747077942,-0.013164627365767956,0.7428807616233826,0.6367515325546265,0.0026233401149511337,0.7546576261520386,0.6410074830055237,0.025459960103034973,0.8189712166786194,0.5985580086708069,0.008351177908480167,0.8124167323112488,0.5352808237075806,-0.005327302496880293,0.7946433424949646,0.5860182642936707,0.009429723024368286,0.7996180653572083,0.6072556376457214,0.02779768779873848,A
0.7505263686180115,0.8389230370521545,-7.251332476698735e-07,0.6847634315490723,0.7593939304351807,-0.015164867974817753,0.6483476758003235,0.6425517201423645,-0.012675371952354908,0.634549081325531,0.5549695491790771,-0.014940100722014904,0.6207236647605896,0.48621371388435364,-0.008402601815760136,0.6961392760276794,0.5664272308349609,0.03306153044104576,0.66603022813797,0.5072618722915649,0.005968422628939152,0.6704890131950378,0.5862820744514465,-0.0023602915462106466,0.6854028701782227,0.6032970547676086,-0.000796307809650898,0.7347303032875061,0.5740450620651245,0.031246623024344444,0.7061757445335388,0.5353126525878906,0.003230044152587652,0.7026403546333313,0.6250463128089905,0.00645365659147501,0.7163268327713013,0.6185373663902283,0.018456956371665,0.775230348110199,0.5882856845855713,0.02005680650472641,0.7500449419021606,0.5467299818992615,-0.013588729314506054,0.7395378947257996,0.6322644352912903,0.0012576380977407098,0.7525408267974854,0.6419058442115784,0.02337389625608921,0.8179335594177246,0.5992256999015808,0.006627196911722422,0.8111022114753723,0.5339459180831909,-0.006439072545617819,0.7925702333450317,0.5811457633972168,0.008023783564567566,0.7965909242630005,0.6025683283805847,0.025924891233444214,A
0.7467555999755859,0.8339889049530029,-7.543096671724925e-07,0.6832277178764343,0.7601389288902283,-0.019780971109867096,0.648435652256012,0.6403764486312866,-0.020053986459970474,0.6347139477729797,0.5501623749732971,-0.02403039112687111,0.6211628913879395,0.48296576738357544,-0.018523436039686203,0.6918306946754456,0.5636947154998779,0.02125891111791134,0.6645574569702148,0.5023290514945984,-0.007488268427550793,0.6704777479171753,0.5864934921264648,-0.012656016275286674,0.6854298114776611,0.6030126810073853,-0.008679812774062157,0.732106626033783,0.5700528621673584,0.020737290382385254,0.7068215012550354,0.5303454995155334,-0.009920768439769745,0.7038648128509521,0.6268408894538879,-0.0024363587144762278,0.7170565724372864,0.619357168674469,0.013435409404337406,0.7738207578659058,0.5841314792633057,0.010849924758076668,0.752717912197113,0.5434708595275879,-0.025222189724445343,0.7425562143325806,0.6335035562515259,-0.006205675657838583,0.7548743486404419,0.6422907710075378,0.01931021548807621,0.8172645568847656,0.5962576270103455,-0.0017313029384240508,0.8144794702529907,0.5315173268318176,-0.01677972823381424,0.7946532368659973,0.5804636478424072,-0.001157578662969172,0.7956382632255554,0.6024007797241211,0.01791149005293846,A
0.7463437914848328,0.8318706750869751,-7.696273769397521e-07,0.683598518371582,0.7600231766700745,-0.020657507702708244,0.6475956439971924,0.6407702565193176,-0.02102384902536869,0.6329514980316162,0.5512286424636841,-0.024867750704288483,0.6199679374694824,0.4843459129333496,-0.01896885596215725,0.6902351975440979,0.5612495541572571,0.020284440368413925,0.661898136138916,0.5005179643630981,-0.009935418143868446,0.6694443821907043,0.5880460143089294,-0.01618880406022072,0.6847772598266602,0.6030765771865845,-0.012988105416297913,0.7309001684188843,0.568303108215332,0.019794711843132973,0.7054411768913269,0.528367817401886,-0.012247555889189243,0.7032668590545654,0.6272992491722107,-0.0053909337148070335,0.7163349986076355,0.6186391711235046,0.010398758575320244,0.7728389501571655,0.5820279121398926,0.009812911972403526,0.7512626647949219,0.5431153178215027,-0.02776952274143696,0.7415732741355896,0.6366286873817444,-0.008359266445040703,0.7548497319221497,0.6436035633087158,0.01794162578880787,0.8164293169975281,0.5938119888305664,-0.002910431707277894,0.8110316395759583,0.5321796536445618,-0.018593423068523407,0.7920300364494324,0.5854060053825378,-0.0021266737021505833,0.7952475547790527,0.6070988178253174,0.017833329737186432,A
0.7460474371910095,0.8320741653442383,-7.438698048645165e-07,0.6839914917945862,0.7587897181510925,-0.020154189318418503,0.6468629837036133,0.6410791873931885,-0.021515537053346634,0.6326769590377808,0.5511034727096558,-0.02684376947581768,0.6211060285568237,0.48144668340682983,-0.02269296906888485,0.6915421485900879,0.5607935786247253,0.022643333300948143,0.6635987162590027,0.5015475749969482,-0.0064202346839010715,0.6697244644165039,0.5849431753158569,-0.011747603304684162,0.6850723624229431,0.5994318723678589,-0.007938968017697334,0.7311075925827026,0.5680513978004456,0.021365854889154434,0.7063450813293457,0.5286315083503723,-0.008914885111153126,0.7030961513519287,0.6252243518829346,-0.0012214978924021125,0.7154920697212219,0.6142773628234863,0.015021988190710545,0.7724636793136597,0.581138551235199,0.01042655948549509,0.7502135634422302,0.543857991695404,-0.026149602606892586,0.7407714128494263,0.635239839553833,-0.0067544542253017426,0.753517210483551,0.6400058269500732,0.01919725351035595,0.8158125281333923,0.5920742750167847,-0.0032572795171290636,0.8090139031410217,0.5309502482414246,-0.01868288591504097,0.7912217974662781,0.5838193297386169,-0.0021770817693322897,0.795871376991272,0.6046591997146606,0.017676495015621185,A
0.7465572357177734,0.83095383644104,-7.321607995436352e-07,0.6839683055877686,0.7575531005859375,-0.019218746572732925,0.6471229195594788,0.6396679878234863,-0.019933421164751053,0.6326024532318115,0.549210250377655,-0.0247099157422781,0.6197815537452698,0.4804615378379822,-0.02011740952730179,0.6912067532539368,0.5580679178237915,0.024265550076961517,0.6616407036781311,0.4994280934333801,-0.0045662978664040565,0.6686354279518127,0.5834493041038513,-0.010722406208515167,0.6835630536079407,0.5980058312416077,-0.0076663740910589695,0.7302952408790588,0.5647056698799133,0.022825192660093307,0.7034944891929626,0.5257341861724854,-0.007056940346956253,0.7017467021942139,0.622367799282074,-0.000295807549264282,0.7143675088882446,0.6126883029937744,0.01495153084397316,0.7715968489646912,0.5782713294029236,0.011834693141281605,0.7481734156608582,0.5408681631088257,-0.024043673649430275,0.7394985556602478,0.6320990324020386,-0.005365495570003986,0.7525132894515991,0.6375716924667358,0.019791213795542717,0.8146397471427917,0.5898263454437256,-0.0018138982122763991,0.8068593740463257,0.5308281183242798,-0.01663200929760933,0.7906590104103088,0.5826253294944763,-0.0005342714721336961,0.7967819571495056,0.6016181707382202,0.018839165568351746,A
0.7461089491844177,0.8317258358001709,-7.421641043947602e-07,0.6838300228118896,0.7574893236160278,-0.018528742715716362,0.6470292210578918,0.6395646929740906,-0.019005119800567627,0.6323692202568054,0.5497612953186035,-0.02385670877993107,0.61963951587677,0.47981151938438416,-0.01938769407570362,0.6916239261627197,0.5590037107467651,0.025783982127904892,0.6616948843002319,0.4994630813598633,-0.0036273475270718336,0.6681281328201294,0.5825010538101196,-0.01013780478388071,0.6832906007766724,0.5979110598564148,-0.006949215196073055,0.7301858067512512,0.5662637948989868,0.02400883287191391,0.703005850315094,0.5261362195014954,-0.006105818785727024,0.7010931968688965,0.6222166419029236,0.0006218248745426536,0.7140402793884277,0.6126420497894287,0.016016265377402306,0.771253228187561,0.5792377591133118,0.012531093321740627,0.746554970741272,0.5406302809715271,-0.023944823071360588,0.738237738609314,0.6323351860046387,-0.0054384320974349976,0.7518105506896973,0.6384893655776978,0.019896209239959717,0.8143712282180786,0.5895816087722778,-0.0014985223533585668,0.8055409789085388,0.5281733870506287,-0.016649549826979637,0.7893146872520447,0.5806719064712524,-0.00043138276669196784,0.7957836985588074,0.6006713509559631,0.01919020153582096,A
0.7463021874427795,0.8295962810516357,-7.271780191331345e-07,0.6843613386154175,0.7565727233886719,-0.019870111718773842,0.6462203860282898,0.6388130187988281,-0.021253766492009163,0.6313589811325073,0.5475201606750488,-0.026909206062555313,0.6183196306228638,0.4776272475719452,-0.02333616092801094,0.6897119283676147,0.5581085085868835,0.024735545739531517,0.6611719131469727,0.49754598736763,-0.005297743249684572,0.6679424047470093,0.5804095268249512,-0.011940548196434975,0.6823246479034424,0.5970021486282349,-0.008823306299746037,0.7287746071815491,0.5645489692687988,0.023188799619674683,0.7025572061538696,0.5225629806518555,-0.0074677057564258575,0.7006772756576538,0.6193082928657532,-0.00037328325561247766,0.7130438089370728,0.610386848449707,0.015301771461963654,0.770301878452301,0.5772550106048584,0.011717002838850021,0.7468676567077637,0.5363060832023621,-0.025201857089996338,0.7382491230964661,0.6282574534416199,-0.005689350888133049,0.7507824301719666,0.6350593566894531,0.02025863341987133,0.8136410713195801,0.5883932113647461,-0.002505224198102951,0.8053489327430725,0.5273385047912598,-0.017935262992978096,0.788475751876831,0.5815616250038147,-0.0011937260860577226,0.7938780188560486,0.602355420589447,0.018710190430283546,A
0.745841383934021,0.828955352306366,-7.423303713949281e-07,0.6836870908737183,0.7534897327423096,-0.015629159286618233,0.6454793810844421,0.6358038187026978,-0.015353180468082428,0.6311743259429932,0.5451419353485107,-0.02028878778219223,0.6172894835472107,0.47566866874694824,-0.016515390947461128,0.690831184387207,0.5565480589866638,0.02857782505452633,0.6605076789855957,0.49566566944122314,-0.0006471846136264503,0.6659375429153442,0.5771628618240356,-0.007608477026224136,0.6807920932769775,0.5946990847587585,-0.005047489423304796,0.7289856672286987,0.5629135966300964,0.024661917239427567,0.6996897459030151,0.5207918882369995,-0.005743914283812046,0.6981305480003357,0.6155107617378235,0.00044540787348523736,0.7127329707145691,0.6086717844009399,0.015219244174659252,0.7700252532958984,0.5754678845405579,0.011160316877067089,0.7433404922485352,0.5341655611991882,-0.025265801697969437,0.7353039979934692,0.6250854730606079,-0.006324614863842726,0.7495970129966736,0.6334652900695801,0.018940236419439316,0.8135013580322266,0.5870486497879028,-0.0047933682799339294,0.8021124005317688,0.5253055095672607,-0.020212769508361816,0.7858103513717651,0.5785677433013916,-0.003707773517817259,0.793118417263031,0.5995731949806213,0.015876958146691322,A
0.7476215362548828,0.8273057341575623,-7.109885586942255e-07,0.6839933395385742,0.7517457604408264,-0.018219035118818283,0.6459981799125671,0.6342979073524475,-0.01871873252093792,0.6311910152435303,0.543859601020813,-0.02411465346813202,0.617317795753479,0.4756171703338623,-0.020288866013288498,0.6895542740821838,0.5560376644134521,0.02852988988161087,0.66130131483078,0.49409669637680054,-8.677049481775612e-05,0.6663747429847717,0.5751527547836304,-0.006581876426935196,0.6798062324523926,0.5929521918296814,-0.003451249562203884,0.7283151745796204,0.561978280544281,0.02669992670416832,0.7016160488128662,0.5191605687141418,-0.002206826815381646,0.6988815665245056,0.6137860417366028,0.004809126257896423,0.7116854190826416,0.6058327555656433,0.019883709028363228,0.7695533633232117,0.5757889747619629,0.014942998997867107,0.746052086353302,0.5307759642601013,-0.019819678738713264,0.7372016310691833,0.6209312081336975,-0.0006637393962591887,0.7499883770942688,0.6326618790626526,0.02446567453444004,0.8119842410087585,0.5882437229156494,0.00038415894960053265,0.8057728409767151,0.5245881080627441,-0.013661363162100315,0.7893359661102295,0.5704869031906128,0.0019404470222070813,0.7945626974105835,0.5890474915504456,0.020584695041179657,A
