0.5663608312606812,0.8074573278427124,8.35119280395702e-08,0.5275219678878784,0.7305449843406677,0.021296974271535873,0.4895869493484497,0.6924813985824585,0.027974875643849373,0.4584270715713501,0.6822085976600647,0.028755975887179375,0.4330599308013916,0.6917179822921753,0.027447553351521492,0.47957488894462585,0.6587902903556824,0.016775669530034065,0.41969409584999084,0.6370922923088074,0.010509010404348373,0.38584190607070923,0.6195471882820129,0.006579536013305187,0.35724541544914246,0.6016408205032349,0.00403392082080245,0.47490522265434265,0.6710628271102905,-0.00031415533157996833,0.4087093770503998,0.6397361159324646,-0.006663414184004068,0.372266560792923,0.6171392798423767,-0.010133540257811546,0.34322068095207214,0.5943372845649719,-0.0124003104865551,0.46777647733688354,0.703090488910675,-0.016991816461086273,0.4042115807533264,0.6684921979904175,-0.023260032758116722,0.36816027760505676,0.6439296007156372,-0.027073318138718605,0.3407784104347229,0.6163840293884277,-0.029356244951486588,0.4567939043045044,0.7519076466560364,-0.0319187231361866,0.406332403421402,0.7146196365356445,-0.03764735907316208,0.37805092334747314,0.6891825795173645,-0.039131488651037216,0.35394302010536194,0.6634767651557922,-0.03977194428443909,bad
0.5659018158912659,0.8073908686637878,8.474839319205785e-08,0.5283369421958923,0.7306715846061707,0.01914738491177559,0.4903053641319275,0.6912693977355957,0.024732347577810287,0.4587116837501526,0.680595338344574,0.024825792759656906,0.4331726133823395,0.6898677945137024,0.023006338626146317,0.4797779619693756,0.6580096483230591,0.014616749249398708,0.4202693998813629,0.6379486918449402,0.007749907672405243,0.38649746775627136,0.6212149262428284,0.0032663990277796984,0.35795751214027405,0.603777289390564,0.00035983583074994385,0.4742754399776459,0.6713173985481262,-0.0015803342685103416,0.4086295962333679,0.6394835114479065,-0.008475368842482567,0.37215304374694824,0.6164958477020264,-0.012298328801989555,0.3430079519748688,0.5933616161346436,-0.014746163971722126,0.46663811802864075,0.7035496234893799,-0.017463048920035362,0.40365877747535706,0.668131411075592,-0.024039780721068382,0.3677816092967987,0.6431257128715515,-0.028041023761034012,0.3407486081123352,0.6156441569328308,-0.030367782339453697,0.4556642770767212,0.7519026398658752,-0.03178342804312706,0.40560102462768555,0.7143300175666809,-0.03744836524128914,0.3771700859069824,0.6888765096664429,-0.03890655189752579,0.35312169790267944,0.6634036898612976,-0.039496906101703644,bad
0.5657825469970703,0.8064458966255188,7.473317964468151e-08,0.5278416872024536,0.7287809252738953,0.021156666800379753,0.4902007579803467,0.6894606351852417,0.027762260288000107,0.4588049650192261,0.6783562898635864,0.028593609109520912,0.4335831105709076,0.6886675357818604,0.027275852859020233,0.48025310039520264,0.657090961933136,0.016154419630765915,0.4200579524040222,0.6378693580627441,0.010241684503853321,0.38633841276168823,0.6217027306556702,0.006591463927179575,0.3579021990299225,0.6047684550285339,0.004240270238369703,0.47454893589019775,0.6700825691223145,-0.0006473522516898811,0.4080813527107239,0.637973964214325,-0.006659873761236668,0.37172242999076843,0.615252673625946,-0.00977027416229248,0.34301164746284485,0.5926302671432495,-0.011689874343574047,0.46692225337028503,0.7021955847740173,-0.016926592215895653,0.4030032157897949,0.666813850402832,-0.022835340350866318,0.3671893775463104,0.6421686410903931,-0.026470981538295746,0.34037351608276367,0.6150612831115723,-0.028568750247359276,0.4560582637786865,0.750925600528717,-0.03142556920647621,0.40485113859176636,0.7136110067367554,-0.03672400489449501,0.3765491545200348,0.6885534524917603,-0.03790334612131119,0.3525029420852661,0.6632491946220398,-0.0382780097424984,bad
0.566695511341095,0.8088744282722473,6.401929653065963e-08,0.5290288925170898,0.7312703132629395,0.022222762927412987,0.49137550592422485,0.6922266483306885,0.02952699363231659,0.4606354534626007,0.6806991100311279,0.03070712275803089,0.4356310963630676,0.6909675002098083,0.029575549066066742,0.48023703694343567,0.6575019359588623,0.018178671598434448,0.4205245077610016,0.6394107937812805,0.012760262936353683,0.3865499794483185,0.6247599124908447,0.009107219986617565,0.35756349563598633,0.6094775199890137,0.006602461915463209,0.4742358326911926,0.6699185967445374,0.0007382474723272026,0.4085939824581146,0.6364912986755371,-0.005041433032602072,0.37221670150756836,0.6141890287399292,-0.008553652092814445,0.34329164028167725,0.593032717704773,-0.010780513286590576,0.46659591794013977,0.7020420432090759,-0.016130145639181137,0.4036077857017517,0.6651594638824463,-0.022053943946957588,0.36813563108444214,0.6403172612190247,-0.02613864094018936,0.3414871394634247,0.6137162446975708,-0.028487620875239372,0.4557383060455322,0.7514490485191345,-0.031113700941205025,0.40462639927864075,0.7130514979362488,-0.036414697766304016,0.37626463174819946,0.6877461671829224,-0.03761640563607216,0.35225385427474976,0.662748396396637,-0.03795613348484039,bad
0.5679959058761597,0.8084734678268433,5.3939555044735243e-08,0.529708743095398,0.7300760746002197,0.02306630089879036,0.49198952317237854,0.6913490891456604,0.030266690999269485,0.4607384204864502,0.6795480251312256,0.03122697025537491,0.4357041120529175,0.6902430653572083,0.029667068272829056,0.4815024137496948,0.6566315293312073,0.017544632777571678,0.42107534408569336,0.6390731930732727,0.011900998651981354,0.3868018686771393,0.6253591775894165,0.008143476210534573,0.35729241371154785,0.6110169887542725,0.005581217352300882,0.47545188665390015,0.6695400476455688,-0.00047506208647973835,0.40868255496025085,0.6356186270713806,-0.006569223012775183,0.37175455689430237,0.6136969327926636,-0.010077816434204578,0.34227973222732544,0.5930050611495972,-0.012299368157982826,0.4679676294326782,0.7024022936820984,-0.01771971955895424,0.403916597366333,0.664201021194458,-0.023872850462794304,0.3684466481208801,0.6392161846160889,-0.027679231017827988,0.34188148379325867,0.6124168634414673,-0.02981267310678959,0.457436203956604,0.7527930736541748,-0.03294694423675537,0.4054000675678253,0.7133469581604004,-0.03836503252387047,0.37683066725730896,0.6874052882194519,-0.039230190217494965,0.35269787907600403,0.6614837646484375,-0.039311472326517105,bad
0.5673083066940308,0.8108790516853333,5.678427683619702e-08,0.5295140743255615,0.7317712903022766,0.0226376224309206,0.4922172427177429,0.6928552985191345,0.029896987602114677,0.46115046739578247,0.6811215281486511,0.03079817071557045,0.4359213709831238,0.6915698647499084,0.02931949310004711,0.4815186560153961,0.6575360298156738,0.018997836858034134,0.4218318462371826,0.6391080021858215,0.013723752461373806,0.38755032420158386,0.6260362863540649,0.009976289235055447,0.3578648269176483,0.6126036047935486,0.007317136507481337,0.47555461525917053,0.6699612736701965,0.0010899689514189959,0.40943780541419983,0.6353020668029785,-0.004563122056424618,0.3728664219379425,0.6135913133621216,-0.008165210485458374,0.34360724687576294,0.5931969881057739,-0.01060832105576992,0.46799373626708984,0.7021551728248596,-0.016263319179415703,0.4047921895980835,0.6634995937347412,-0.022101396694779396,0.3694795072078705,0.6389937400817871,-0.026090530678629875,0.34307247400283813,0.6129915118217468,-0.028481686487793922,0.4568306505680084,0.7519801259040833,-0.03173207864165306,0.405156672000885,0.7128002047538757,-0.03678993508219719,0.37662091851234436,0.6870049238204956,-0.03772006556391716,0.3524014353752136,0.6615324020385742,-0.03797553479671478,bad
0.5679688453674316,0.8093344569206238,4.970631550804683e-08,0.5286563634872437,0.729114294052124,0.024473365396261215,0.49176642298698425,0.6904698014259338,0.0322890505194664,0.4614254832267761,0.6793259382247925,0.033354803919792175,0.4370265603065491,0.6907718777656555,0.03174209222197533,0.48191168904304504,0.6571012139320374,0.020536400377750397,0.4220817983150482,0.6395397186279297,0.01554897241294384,0.3880321681499481,0.6263675093650818,0.01201464980840683,0.35886359214782715,0.6120599508285522,0.009480027481913567,0.4754888117313385,0.6701515913009644,0.0017253132537007332,0.40967538952827454,0.6353251338005066,-0.003524542786180973,0.37392282485961914,0.6129710674285889,-0.006681402679532766,0.3453632593154907,0.5914016962051392,-0.008744432590901852,0.4678725600242615,0.7027498483657837,-0.016430681571364403,0.4041665494441986,0.6634056568145752,-0.021860472857952118,0.3691307008266449,0.6387034058570862,-0.025342075154185295,0.34271684288978577,0.6116911768913269,-0.027400966733694077,0.4574747383594513,0.7527896761894226,-0.032565537840127945,0.40561819076538086,0.7127522826194763,-0.037539348006248474,0.37716493010520935,0.6865379810333252,-0.038194894790649414,0.3528883159160614,0.6609792709350586,-0.038195766508579254,bad
0.5692501664161682,0.8095100522041321,5.105080091993841e-08,0.5305047631263733,0.729407787322998,0.02493247017264366,0.4936735928058624,0.69101482629776,0.03334623947739601,0.4639403820037842,0.6794065833091736,0.035057079046964645,0.43939274549484253,0.688071608543396,0.03419768810272217,0.48303142189979553,0.6574373245239258,0.021013688296079636,0.4229762554168701,0.6389542818069458,0.016186462715268135,0.3886815011501312,0.62459796667099,0.012887625955045223,0.3595578670501709,0.6094899773597717,0.010655348189175129,0.47678419947624207,0.6694599390029907,0.0023031141608953476,0.41035401821136475,0.6349107623100281,-0.0024551276583224535,0.374070405960083,0.6126652956008911,-0.005197132937610149,0.3457563817501068,0.5913861393928528,-0.0069786496460437775,0.46896809339523315,0.7017817497253418,-0.015739355236291885,0.4047846496105194,0.663359522819519,-0.0206449031829834,0.3693825602531433,0.6388485431671143,-0.02387954853475094,0.34316813945770264,0.6121591925621033,-0.0258368831127882,0.4580433964729309,0.7521217465400696,-0.031739894300699234,0.4063948094844818,0.7123488783836365,-0.03644832223653793,0.3779050409793854,0.6862117648124695,-0.037079744040966034,0.35378938913345337,0.6605640053749084,-0.03707044944167137,bad
0.5702150464057922,0.8087283968925476,5.392049828856216e-08,0.5310617089271545,0.7295444011688232,0.023818250745534897,0.4934816062450409,0.6913996338844299,0.03139331191778183,0.4626100957393646,0.6799614429473877,0.0324096716940403,0.4378191828727722,0.6901953816413879,0.030881844460964203,0.4839126169681549,0.6574549674987793,0.01966053806245327,0.42392265796661377,0.6390209197998047,0.014473841525614262,0.38966912031173706,0.6250197887420654,0.010907310992479324,0.3602883219718933,0.6105865240097046,0.008463012985885143,0.4777466654777527,0.6693474650382996,0.0012360959080979228,0.4112549126148224,0.6334863901138306,-0.0039474451914429665,0.3749895691871643,0.6113051176071167,-0.006860562600195408,0.3462340831756592,0.5908898115158081,-0.008756174705922604,0.4700162410736084,0.701414942741394,-0.016565395519137383,0.4059072434902191,0.6616588830947876,-0.02163819596171379,0.3705656826496124,0.6374939680099487,-0.024971794337034225,0.3442434072494507,0.6118861436843872,-0.027039676904678345,0.45899441838264465,0.7517160177230835,-0.032417118549346924,0.40724167227745056,0.7121672034263611,-0.036886539310216904,0.37876132130622864,0.6860327124595642,-0.03741604462265968,0.3546302020549774,0.6606050133705139,-0.037452492862939835,bad
0.5699163675308228,0.8086462020874023,5.217855303385477e-08,0.5304181575775146,0.7286648154258728,0.024724377319216728,0.4936925768852234,0.6919569969177246,0.03255724161863327,0.46360719203948975,0.6805620789527893,0.033635884523391724,0.43903830647468567,0.6897737979888916,0.03207290917634964,0.4845271706581116,0.6578491926193237,0.020258596166968346,0.42425575852394104,0.6391314268112183,0.015160742215812206,0.3897082507610321,0.625774621963501,0.011789185926318169,0.3600335419178009,0.6121559143066406,0.009534717537462711,0.4784984588623047,0.6695694327354431,0.001490571303293109,0.4116872549057007,0.6331812739372253,-0.0036950246430933475,0.3753122091293335,0.6112908124923706,-0.006438832264393568,0.34659525752067566,0.5909351110458374,-0.008160032331943512,0.4707362949848175,0.7014005184173584,-0.016611063852906227,0.4062691628932953,0.6611588597297668,-0.02171410620212555,0.37085193395614624,0.636823296546936,-0.02496051788330078,0.34476587176322937,0.6111035943031311,-0.02689218521118164,0.4594581723213196,0.7515687942504883,-0.03266562148928642,0.4072223901748657,0.7115309238433838,-0.03720737248659134,0.3787177503108978,0.6853286623954773,-0.037686239928007126,0.354584664106369,0.6597829461097717,-0.03761414811015129,bad
0.5694660544395447,0.806765615940094,4.491856842037123e-08,0.5306346416473389,0.7268065810203552,0.02408868633210659,0.494085431098938,0.688336193561554,0.031931255012750626,0.46353158354759216,0.6761415004730225,0.033163152635097504,0.43879809975624084,0.6856602430343628,0.03188854828476906,0.4843987226486206,0.6555350422859192,0.02045343443751335,0.42416101694107056,0.6376221179962158,0.01565144583582878,0.3898605704307556,0.624580979347229,0.012428748421370983,0.3604868948459625,0.6110117435455322,0.01018751971423626,0.47828739881515503,0.667597234249115,0.0021703881211578846,0.412092387676239,0.6328424215316772,-0.002895547542721033,0.37604546546936035,0.6112868785858154,-0.0058489469811320305,0.34739699959754944,0.5910517573356628,-0.007783060427755117,0.4704257845878601,0.6992601752281189,-0.015500911511480808,0.40670108795166016,0.66073077917099,-0.02068171836435795,0.37141045928001404,0.6367072463035583,-0.02426883764564991,0.3451487720012665,0.6111105680465698,-0.02645714394748211,0.45912542939186096,0.7484377026557922,-0.03116339072585106,0.4071459472179413,0.7099730968475342,-0.03585250675678253,0.378559947013855,0.6848073601722717,-0.0366368405520916,0.3543224036693573,0.6603281497955322,-0.036799218505620956,bad
0.5693001747131348,0.8049337863922119,3.936767711820721e-08,0.5295171141624451,0.7270970940589905,0.024479998275637627,0.4922458827495575,0.6896392703056335,0.03282908722758293,0.46240004897117615,0.6778321266174316,0.0343589186668396,0.43817615509033203,0.6869713664054871,0.03351094573736191,0.4836462438106537,0.6568197011947632,0.023077193647623062,0.42445167899131775,0.639655590057373,0.01856250874698162,0.3896948993206024,0.6268957257270813,0.01515731681138277,0.3600723147392273,0.6132732629776001,0.012736743316054344,0.47781234979629517,0.667377769947052,0.0046441941522061825,0.4125731587409973,0.6333727836608887,0.00010115383338415995,0.37662121653556824,0.6121400594711304,-0.002690281253308058,0.3481602072715759,0.5916156768798828,-0.00450280774384737,0.4700181186199188,0.6973851323127747,-0.01337980106472969,0.40702787041664124,0.6597375273704529,-0.017939992249011993,0.3717094957828522,0.636092483997345,-0.021168388426303864,0.34546592831611633,0.6102464199066162,-0.023178568109869957,0.4586496353149414,0.7450399398803711,-0.029525896534323692,0.40744489431381226,0.7075607776641846,-0.03372364863753319,0.3787422776222229,0.6828704476356506,-0.03429953008890152,0.35450851917266846,0.6588704586029053,-0.03436598926782608,bad
0.5724518895149231,0.8010994791984558,5.245622247684878e-08,0.5309115052223206,0.725976288318634,0.02023761160671711,0.49116963148117065,0.6859580278396606,0.026559412479400635,0.4586069583892822,0.6715984344482422,0.027065617963671684,0.4326879382133484,0.6769351959228516,0.02575341984629631,0.4855482578277588,0.6529483199119568,0.017486929893493652,0.42464694380760193,0.6345016956329346,0.011398287490010262,0.38998356461524963,0.6191496253013611,0.007163170259445906,0.36044543981552124,0.6033489108085632,0.004301316570490599,0.4810037314891815,0.6642934083938599,0.00075545534491539,0.414998859167099,0.6341780424118042,-0.005508412607014179,0.3780623972415924,0.6138682961463928,-0.009456655941903591,0.34764042496681213,0.5928399562835693,-0.01205852348357439,0.4738040566444397,0.6944498419761658,-0.01565582863986492,0.40998634696006775,0.659284770488739,-0.02154785394668579,0.37345439195632935,0.6371873021125793,-0.024998905137181282,0.3452022969722748,0.6114037036895752,-0.027081064879894257,0.46244433522224426,0.7410685420036316,-0.03053223341703415,0.41163575649261475,0.7048193216323853,-0.035300709307193756,0.3830573558807373,0.6806715130805969,-0.03593819960951805,0.35921967029571533,0.6563042402267456,-0.03604531288146973,bad
0.5779460668563843,0.800868034362793,4.674589604292123e-08,0.5345102548599243,0.7454476356506348,0.01581086590886116,0.49469542503356934,0.7046583294868469,0.02103383280336857,0.46427834033966064,0.6849740147590637,0.021338913589715958,0.4400702118873596,0.6804795861244202,0.02038867585361004,0.4880746304988861,0.6529204845428467,0.014810658060014248,0.4280910789966583,0.6386443376541138,0.0070872437208890915,0.3912120461463928,0.6234860420227051,0.0012624610681086779,0.3604661226272583,0.6070558428764343,-0.002756391651928425,0.48563429713249207,0.6585346460342407,-0.0001508427521912381,0.4192068576812744,0.6327942609786987,-0.008268119767308235,0.3807283341884613,0.6131237745285034,-0.013663709163665771,0.34933480620384216,0.5914656519889832,-0.017214326187968254,0.47930842638015747,0.6852899789810181,-0.01527654193341732,0.4151320457458496,0.6548054814338684,-0.023590203374624252,0.37610048055648804,0.6337299346923828,-0.02880534715950489,0.34606948494911194,0.608174204826355,-0.03174165263772011,0.4676063358783722,0.7303372025489807,-0.02928241342306137,0.4168763756752014,0.6984970569610596,-0.03613988310098648,0.38715121150016785,0.6765064597129822,-0.038388676941394806,0.3626883029937744,0.6538640260696411,-0.039504166692495346,bad
0.5858139991760254,0.7916949987411499,5.444979933599825e-08,0.545296311378479,0.7364090085029602,0.011739644221961498,0.503534197807312,0.6920841336250305,0.015146077610552311,0.4721388518810272,0.6723953485488892,0.0144456522539258,0.44735783338546753,0.6710302829742432,0.012940643355250359,0.4913880228996277,0.6420993208885193,0.011881565675139427,0.4320371150970459,0.6262333989143372,0.0033158380538225174,0.39523351192474365,0.6071597337722778,-0.0035439373459666967,0.36559250950813293,0.587215781211853,-0.008035767823457718,0.4900955855846405,0.648762047290802,-0.0011136733228340745,0.42456182837486267,0.6270442008972168,-0.008633728139102459,0.38547202944755554,0.6053465604782104,-0.014299377799034119,0.35404834151268005,0.5813780426979065,-0.0183381587266922,0.4848622977733612,0.6737016439437866,-0.014563824981451035,0.4219271242618561,0.6472963690757751,-0.021123142912983894,0.3833248019218445,0.6264140605926514,-0.025734880939126015,0.3539835512638092,0.6007939577102661,-0.028737744316458702,0.4751061499118805,0.7136769890785217,-0.027513377368450165,0.42563000321388245,0.6856375932693481,-0.032289519906044006,0.3966176211833954,0.6650643348693848,-0.03380200266838074,0.3730378746986389,0.6448132395744324,-0.034708354622125626,bad
0.5954133868217468,0.7750225067138672,1.0404279215947554e-08,0.55466228723526,0.7306248545646667,0.00835444312542677,0.5161980986595154,0.6825590133666992,0.010979600250720978,0.4860079288482666,0.6553534865379333,0.009895251132547855,0.461191862821579,0.6444347500801086,0.008714082650840282,0.503843367099762,0.6156045198440552,0.013836314901709557,0.4482789635658264,0.6007258892059326,0.005230320617556572,0.4106315076351166,0.5859711170196533,-0.0030359141528606415,0.3795671761035919,0.5721274614334106,-0.008966604247689247,0.4998936355113983,0.6220000982284546,0.0023055332712829113,0.4383459687232971,0.5992314219474792,-0.0056248875334858894,0.40010061860084534,0.5814240574836731,-0.013019119389355183,0.36754703521728516,0.5622971653938293,-0.018337061628699303,0.4935775399208069,0.6458595991134644,-0.010156631469726562,0.43517616391181946,0.6199966669082642,-0.016825750470161438,0.3976050615310669,0.6025311350822449,-0.02201719954609871,0.3670649826526642,0.5810193419456482,-0.025751398876309395,0.48421427607536316,0.6831375360488892,-0.022664329037070274,0.4406636655330658,0.6566762328147888,-0.026829499751329422,0.41352954506874084,0.6394203305244446,-0.028226342052221298,0.38988620042800903,0.6213685274124146,-0.029356926679611206,bad
0.6121842861175537,0.7606983780860901,3.914195079168792e-10,0.5515512824058533,0.7526708245277405,0.0036111008375883102,0.5132573843002319,0.6956835389137268,0.0038346245419234037,0.4896320104598999,0.6483857035636902,0.0011270600371062756,0.4717460572719574,0.6166888475418091,-0.0021039238199591637,0.5210738182067871,0.5988754034042358,0.004408275242894888,0.4621765613555908,0.5849930047988892,-0.007463374175131321,0.4214780032634735,0.5681178569793701,-0.017821086570620537,0.3874548375606537,0.549338161945343,-0.025490568950772285,0.5243637561798096,0.5988780856132507,-0.006482099648565054,0.4574890434741974,0.5815415978431702,-0.01813826896250248,0.4143151640892029,0.5632209181785583,-0.02833712100982666,0.3768639862537384,0.5400663018226624,-0.035898756235837936,0.5226644277572632,0.6190654039382935,-0.018286701291799545,0.45791569352149963,0.5974990725517273,-0.030345359817147255,0.41604316234588623,0.5790877938270569,-0.03760889917612076,0.38119471073150635,0.5549501180648804,-0.04217195510864258,0.5155866146087646,0.6549733877182007,-0.030290931463241577,0.46652063727378845,0.6282458901405334,-0.03946660831570625,0.43648624420166016,0.6099514961242676,-0.04276759922504425,0.41025659441947937,0.5893908143043518,-0.044912561774253845,bad
0.6375795006752014,0.7373296618461609,-2.6792706719902526e-08,0.570380687713623,0.7369260191917419,0.0024281705264002085,0.5275777578353882,0.6773747801780701,0.002732432447373867,0.49898508191108704,0.6329178214073181,0.00039173351251520216,0.47650018334388733,0.6023526191711426,-0.0024073084350675344,0.5437216758728027,0.578620970249176,0.0037536490708589554,0.48665788769721985,0.561382532119751,-0.008147595450282097,0.4462738633155823,0.5454578995704651,-0.01879417523741722,0.4119970202445984,0.5262905359268188,-0.027066590264439583,0.5491857528686523,0.5760406851768494,-0.006804702803492546,0.4823589026927948,0.5548203587532043,-0.020044896751642227,0.4379636347293854,0.5372442007064819,-0.031464751809835434,0.39960795640945435,0.5134686827659607,-0.039718057960271835,0.5506443381309509,0.5935810208320618,-0.018367964774370193,0.4845372438430786,0.570048451423645,-0.032792091369628906,0.44179844856262207,0.5521011352539062,-0.040274932980537415,0.4067075550556183,0.5271505117416382,-0.04457603767514229,0.5460789203643799,0.6284071803092957,-0.0301310196518898,0.4953370690345764,0.6035583019256592,-0.04147958382964134,0.4634779989719391,0.5836023092269897,-0.04557352513074875,0.4363628029823303,0.5587895512580872,-0.04817536100745201,bad
0.6727811694145203,0.7284713387489319,2.1928130422566028e-08,0.5966606736183167,0.7304478883743286,-0.00020631366351153702,0.5523954033851624,0.6687854528427124,-0.0031475063879042864,0.524630606174469,0.6210408806800842,-0.008886171504855156,0.49811601638793945,0.5872071385383606,-0.01567048393189907,0.5651620626449585,0.5594858527183533,-0.0005166439223103225,0.509765625,0.543701171875,-0.017124302685260773,0.47012704610824585,0.5242314338684082,-0.032570820301771164,0.43815967440605164,0.5002095699310303,-0.04430290684103966,0.5788492560386658,0.5528621673583984,-0.012559259310364723,0.5118796825408936,0.5400678515434265,-0.028569526970386505,0.4665651321411133,0.5207055807113647,-0.04275348782539368,0.42932620644569397,0.4931427240371704,-0.05328814685344696,0.5907682776451111,0.570602536201477,-0.02605409175157547,0.5221279263496399,0.5568820238113403,-0.04278099536895752,0.47848379611968994,0.53743976354599,-0.05054442957043648,0.4444045126438141,0.5102495551109314,-0.055233705788850784,0.5984113216400146,0.6121582388877869,-0.040192022919654846,0.5489259362220764,0.5912575721740723,-0.0553089864552021,0.5155720114707947,0.5732845664024353,-0.06011749431490898,0.48754188418388367,0.5497649312019348,-0.06274963915348053,bad
0.7047832608222961,0.731997013092041,5.565654248584906e-08,0.6307997703552246,0.7249810695648193,-0.005652224645018578,0.5821530818939209,0.6683233976364136,-0.013395678251981735,0.5524582266807556,0.6218976378440857,-0.023476917296648026,0.5223809480667114,0.589771032333374,-0.034883495420217514,0.5893601775169373,0.5623975992202759,-0.011204392649233341,0.5396664142608643,0.5387937426567078,-0.03319524601101875,0.5024909377098083,0.5150734186172485,-0.053327154368162155,0.4703887701034546,0.48545315861701965,-0.06878091394901276,0.6088352203369141,0.553737223148346,-0.023614704608917236,0.5504351258277893,0.5338120460510254,-0.04505979269742966,0.5058590769767761,0.5115391612052917,-0.06380009651184082,0.46719610691070557,0.481204628944397,-0.07786759734153748,0.632358729839325,0.5670799016952515,-0.03735697269439697,0.5725119113922119,0.5483266115188599,-0.058078911155462265,0.5289731621742249,0.5257405638694763,-0.06845755875110626,0.4948922097682953,0.4957713484764099,-0.07536593824625015,0.6550754308700562,0.6032921671867371,-0.05207708477973938,0.612216055393219,0.5779421329498291,-0.07080697268247604,0.5797149538993835,0.5572731494903564,-0.0771801769733429,0.5543118119239807,0.5295813679695129,-0.08106689155101776,bad
0.7341161370277405,0.7291465997695923,2.448350322481474e-08,0.6561421751976013,0.7263834476470947,-0.010126709938049316,0.6041120290756226,0.6697520017623901,-0.02092285454273224,0.5730351805686951,0.6151412129402161,-0.03275806084275246,0.5493909120559692,0.5737469792366028,-0.0458957739174366,0.6214088797569275,0.5600790977478027,-0.02360517531633377,0.5785180330276489,0.5309018492698669,-0.048982515931129456,0.544898271560669,0.5089726448059082,-0.0703502893447876,0.5159191489219666,0.4832027554512024,-0.08688560873270035,0.6447908878326416,0.5517820119857788,-0.035539660602808,0.5971440076828003,0.5309571027755737,-0.06175884231925011,0.5569998025894165,0.5144937038421631,-0.08042959868907928,0.521202564239502,0.49352729320526123,-0.09432203322649002,0.6731368899345398,0.5662851333618164,-0.049128953367471695,0.6247538924217224,0.5479723811149597,-0.07463997602462769,0.5881659984588623,0.5289803147315979,-0.08524616807699203,0.5582493543624878,0.5055282711982727,-0.09239140897989273,0.7022817134857178,0.6034829020500183,-0.06381774693727493,0.6706297993659973,0.5776247382164001,-0.08721452206373215,0.6449503898620605,0.555547297000885,-0.09541246294975281,0.6232917308807373,0.5290399789810181,-0.10068406909704208,bad
0.7605597376823425,0.725333571434021,8.152684927154041e-08,0.6814800500869751,0.7198016047477722,-0.012988206930458546,0.6294694542884827,0.6704705953598022,-0.028259579092264175,0.599759042263031,0.6182575821876526,-0.04377162829041481,0.5758805274963379,0.571437418460846,-0.06102777644991875,0.6446807980537415,0.5812551379203796,-0.03981141746044159,0.6096631288528442,0.544353723526001,-0.07304225116968155,0.5816255807876587,0.5195453763008118,-0.0980859324336052,0.5560371279716492,0.4945085048675537,-0.11676815152168274,0.6705476641654968,0.5749865770339966,-0.05291542038321495,0.6350611448287964,0.5377190709114075,-0.08850029855966568,0.6013562679290771,0.516089916229248,-0.1104922890663147,0.5685785412788391,0.4955722689628601,-0.12633924186229706,0.7019531726837158,0.5879542231559753,-0.06756071001291275,0.6677691340446472,0.5539466142654419,-0.10298234969377518,0.6379110813140869,0.5325490236282349,-0.11805066466331482,0.6093988418579102,0.5113559365272522,-0.12765052914619446,0.7364661693572998,0.6202211380004883,-0.08271446079015732,0.7141538858413696,0.5876660346984863,-0.11469346284866333,0.6935995221138,0.5649242401123047,-0.1275145262479782,0.6734744310379028,0.5407446622848511,-0.13591954112052917,bad
0.775104284286499,0.7295345067977905,2.1714357956170716e-07,0.7028836011886597,0.7213055491447449,-0.01470756996423006,0.6464964151382446,0.6698545217514038,-0.032879333943128586,0.6167977452278137,0.607725977897644,-0.05017510801553726,0.598242998123169,0.5472903847694397,-0.06947583705186844,0.6606601476669312,0.6311149597167969,-0.05453765019774437,0.627752423286438,0.5766549110412598,-0.09164529293775558,0.606042742729187,0.5403687357902527,-0.11672187596559525,0.586037814617157,0.5057139992713928,-0.13508228957653046,0.6896623373031616,0.6204922199249268,-0.06730157881975174,0.6571077108383179,0.5605771541595459,-0.10612484812736511,0.6296411156654358,0.5244656801223755,-0.12830235064029694,0.6015909910202026,0.4921887218952179,-0.144422248005867,0.7251906991004944,0.6209861636161804,-0.08075239509344101,0.6922176480293274,0.5684484839439392,-0.11940302699804306,0.6627809405326843,0.5378071665763855,-0.1363106220960617,0.6336773037910461,0.5096222162246704,-0.14717349410057068,0.7659884095191956,0.6317981481552124,-0.09416711330413818,0.7449164390563965,0.5910751223564148,-0.12890315055847168,0.72528475522995,0.5618160367012024,-0.1437786966562271,0.7066382169723511,0.5331429243087769,-0.1539025455713272,bad
0.7837609052658081,0.7219219207763672,3.1328781346928736e-07,0.7129851579666138,0.7147727012634277,-0.0165999922901392,0.6593584418296814,0.6808277368545532,-0.04031595587730408,0.6328521966934204,0.6254639029502869,-0.06299519538879395,0.6225388646125793,0.5603023767471313,-0.08814096450805664,0.6755465269088745,0.6270015835762024,-0.07286577671766281,0.6461937427520752,0.5792557001113892,-0.11896059662103653,0.6281344294548035,0.5474717020988464,-0.15090231597423553,0.6121829748153687,0.5184050798416138,-0.17459043860435486,0.7079035639762878,0.6162897348403931,-0.08773544430732727,0.6813367605209351,0.5646908283233643,-0.14050236344337463,0.6569901704788208,0.5328418016433716,-0.17182567715644836,0.632670521736145,0.5094202160835266,-0.19467175006866455,0.7448346018791199,0.6177811026573181,-0.10244140028953552,0.7210859656333923,0.5701354742050171,-0.1537451446056366,0.700630784034729,0.546428382396698,-0.17870302498340607,0.6841042041778564,0.5357828140258789,-0.1939745545387268,0.7845187187194824,0.628928005695343,-0.11647527664899826,0.7688264846801758,0.5919048190116882,-0.1631830781698227,0.7513707280158997,0.5674577951431274,-0.18718701601028442,0.7358154654502869,0.5520346164703369,-0.2034662812948227,bad
0.788040041923523,0.7242482900619507,4.4050690917174506e-07,0.724500834941864,0.717920184135437,-0.022185448557138443,0.6716073751449585,0.6903016567230225,-0.05144025757908821,0.6432249546051025,0.6398038864135742,-0.07758312672376633,0.6316558718681335,0.5784335732460022,-0.10592323541641235,0.6847372651100159,0.6527273654937744,-0.09355174750089645,0.6546667814254761,0.598703920841217,-0.14504680037498474,0.6387432217597961,0.557738184928894,-0.1800321638584137,0.6275949478149414,0.5213548541069031,-0.20544637739658356,0.7180208563804626,0.6413177251815796,-0.10636115074157715,0.6874876618385315,0.5814792513847351,-0.16379110515117645,0.669487476348877,0.5395230054855347,-0.19732113182544708,0.6541631817817688,0.5076876282691956,-0.22197282314300537,0.757053554058075,0.6377006769180298,-0.1181255578994751,0.7318145632743835,0.5810096859931946,-0.17207521200180054,0.7153381109237671,0.5527827143669128,-0.1987476497888565,0.7022205591201782,0.5394806861877441,-0.2160286158323288,0.798963189125061,0.6405671834945679,-0.1292584240436554,0.7863234281539917,0.6002439856529236,-0.17983485758304596,0.7707824110984802,0.5735680460929871,-0.20668786764144897,0.7557561993598938,0.5567741394042969,-0.2251894772052765,bad
0.7905446887016296,0.719065248966217,5.210438303038245e-07,0.7280819416046143,0.7143115997314453,-0.022046353667974472,0.6790116429328918,0.6907239556312561,-0.0556095615029335,0.6513914465904236,0.6472308039665222,-0.08521812409162521,0.6365177035331726,0.5886873602867126,-0.11737433075904846,0.6885131597518921,0.6612840890884399,-0.1102781593799591,0.6578707098960876,0.6073716878890991,-0.1670941710472107,0.6438850164413452,0.5622989535331726,-0.20425011217594147,0.637982189655304,0.524891197681427,-0.23008456826210022,0.7231585383415222,0.6502353549003601,-0.12430457025766373,0.6958537697792053,0.5883376598358154,-0.18770398199558258,0.6792571544647217,0.5437363386154175,-0.2241254448890686,0.6678630709648132,0.5124204754829407,-0.25095173716545105,0.7632456421852112,0.6452197432518005,-0.13597559928894043,0.7427245378494263,0.5947685241699219,-0.1943834275007248,0.7247629165649414,0.5599005222320557,-0.2254774272441864,0.7128760814666748,0.5403590202331543,-0.2462644726037979,0.8052874207496643,0.6432415843009949,-0.1460927277803421,0.7944722771644592,0.6050849556922913,-0.19773882627487183,0.7811711430549622,0.5782745480537415,-0.2255590260028839,0.7691076993942261,0.5622202157974243,-0.245840385556221,bad
0.8018367886543274,0.716627836227417,6.144639996819024e-07,0.7330946326255798,0.7036908268928528,-0.01818978600203991,0.6882590651512146,0.6857826113700867,-0.058858830481767654,0.6638400554656982,0.6454756855964661,-0.09464036673307419,0.6482351422309875,0.5848485827445984,-0.13270053267478943,0.6963729858398438,0.6789562702178955,-0.14081686735153198,0.6616288423538208,0.6313345432281494,-0.20863647758960724,0.6498162150382996,0.5775846242904663,-0.2475091516971588,0.646356463432312,0.532948911190033,-0.2727157771587372,0.7323734164237976,0.6655985713005066,-0.15837618708610535,0.7054870128631592,0.6115240454673767,-0.236466646194458,0.6889861226081848,0.5582865476608276,-0.27460289001464844,0.6794208884239197,0.5171017646789551,-0.30210545659065247,0.7731552720069885,0.6518287658691406,-0.17106477916240692,0.7529346942901611,0.6167337894439697,-0.2408125400543213,0.7342066764831543,0.5734418034553528,-0.27407851815223694,0.7236931324005127,0.5418534874916077,-0.29557034373283386,0.8137577176094055,0.6351597905158997,-0.18056419491767883,0.8019430637359619,0.6097791790962219,-0.23721890151500702,0.7889185547828674,0.5822212100028992,-0.26610374450683594,0.7768288254737854,0.560676097869873,-0.28762054443359375,bad
0.7932608723640442,0.7235170006752014,3.372850301275321e-07,0.728395402431488,0.709610104560852,-0.02766384929418564,0.6743438243865967,0.6800412535667419,-0.06335535645484924,0.6471935510635376,0.6341699957847595,-0.09488406777381897,0.640855073928833,0.5680157542228699,-0.12735071778297424,0.6955865025520325,0.6682325601577759,-0.10996440798044205,0.6617347598075867,0.6073199510574341,-0.16484937071800232,0.6560125350952148,0.5657751560211182,-0.1992197483778,0.6544486284255981,0.5291005969047546,-0.22325940430164337,0.7325121164321899,0.6635499000549316,-0.12136144936084747,0.7064164876937866,0.6001166701316833,-0.18039570748806,0.695916473865509,0.5539038181304932,-0.2093786746263504,0.6869598031044006,0.5177943110466003,-0.23135323822498322,0.7736083269119263,0.660435140132904,-0.1318282186985016,0.7559410333633423,0.6117041707038879,-0.1865801066160202,0.7466257214546204,0.5665318369865417,-0.2099861353635788,0.7366352677345276,0.5321457982063293,-0.22576454281806946,0.8159914612770081,0.6560702323913574,-0.14212259650230408,0.8095585107803345,0.6168044209480286,-0.1878218650817871,0.7999289631843567,0.5897291898727417,-0.208673357963562,0.7870660424232483,0.5685878992080688,-0.22467166185379028,bad
0.799613356590271,0.7058160901069641,6.744573397554632e-07,0.7298593521118164,0.7035924196243286,-0.032422639429569244,0.6866233348846436,0.6904003620147705,-0.07972877472639084,0.6665852069854736,0.6539657115936279,-0.11998391896486282,0.653989315032959,0.5955970883369446,-0.16224348545074463,0.696445643901825,0.655529260635376,-0.15519888699054718,0.6676380634307861,0.6275922656059265,-0.2266823947429657,0.657311737537384,0.5781633257865906,-0.266968309879303,0.6557797789573669,0.5350360870361328,-0.29325929284095764,0.7350862622261047,0.6410216093063354,-0.16902777552604675,0.7137891054153442,0.6027786135673523,-0.25122371315956116,0.698422372341156,0.5521382689476013,-0.29302534461021423,0.6924823522567749,0.5129525065422058,-0.3241150975227356,0.7772648334503174,0.6326783299446106,-0.17910677194595337,0.7640587687492371,0.6144829988479614,-0.2539232075214386,0.7491529583930969,0.5725432634353638,-0.29067304730415344,0.7437721490859985,0.5401114225387573,-0.31514880061149597,0.81913822889328,0.6313856840133667,-0.18733224272727966,0.8138110637664795,0.6101170778274536,-0.248920738697052,0.803418755531311,0.5821532011032104,-0.2812432646751404,0.7948504686355591,0.5599364042282104,-0.3059985041618347,bad
0.8095179200172424,0.6979044079780579,6.970444133003184e-07,0.7418141961097717,0.699558436870575,-0.030389884486794472,0.696709930896759,0.6879304051399231,-0.07779992371797562,0.6727942228317261,0.6508272290229797,-0.11736589670181274,0.6567472219467163,0.5882495641708374,-0.15941163897514343,0.708246648311615,0.6566006541252136,-0.16148875653743744,0.675676167011261,0.6280968189239502,-0.2360965758562088,0.6603109836578369,0.5780892968177795,-0.277431845664978,0.6560507416725159,0.5351989269256592,-0.30369576811790466,0.7450853586196899,0.6378794312477112,-0.17545807361602783,0.7202849984169006,0.5999974012374878,-0.26074501872062683,0.7007386088371277,0.5539548397064209,-0.3027973771095276,0.6935927867889404,0.5178898572921753,-0.33367031812667847,0.7861249446868896,0.6245654225349426,-0.1850561946630478,0.7693966031074524,0.6075356602668762,-0.26233160495758057,0.7502394318580627,0.5700843930244446,-0.29966631531715393,0.7445924878120422,0.5379251837730408,-0.3238435685634613,0.8256424069404602,0.6162336468696594,-0.19208963215351105,0.8157431483268738,0.6040928363800049,-0.2557622492313385,0.8048567175865173,0.5759062767028809,-0.2890206277370453,0.7981683015823364,0.5493459701538086,-0.3137732446193695,bad
0.8000971674919128,0.705478847026825,6.875573035358684e-07,0.73796147108078,0.704853892326355,-0.02925332635641098,0.6933377385139465,0.6887900829315186,-0.07038568705320358,0.6692312955856323,0.6537883281707764,-0.10538863390684128,0.6562079191207886,0.5900611281394958,-0.14263659715652466,0.7100604176521301,0.663291871547699,-0.13473986089229584,0.6791622042655945,0.631875216960907,-0.19610345363616943,0.6657961010932922,0.5786314010620117,-0.23233546316623688,0.6598371267318726,0.5302113890647888,-0.256803423166275,0.7450448274612427,0.6474473476409912,-0.14630158245563507,0.7240675687789917,0.6025205850601196,-0.21530841290950775,0.7083109021186829,0.5500123500823975,-0.25085753202438354,0.6998549699783325,0.5116298198699951,-0.2779374122619629,0.7845044136047363,0.6383472681045532,-0.15465494990348816,0.7718475461006165,0.6132989525794983,-0.21810013055801392,0.7571433186531067,0.5666435956954956,-0.24874304234981537,0.7501279711723328,0.53256756067276,-0.26948797702789307,0.8240445852279663,0.634499728679657,-0.16144129633903503,0.8176125884056091,0.6073095202445984,-0.21333546936511993,0.807817280292511,0.5744677782058716,-0.23915743827819824,0.7999286651611328,0.5511370301246643,-0.25935712456703186,bad
0.8084136843681335,0.6927585005760193,7.405032533824851e-07,0.7407528758049011,0.6951278448104858,-0.033007312566041946,0.6954333186149597,0.6847976446151733,-0.08242636173963547,0.6720882058143616,0.6527454257011414,-0.12221657484769821,0.65848708152771,0.5880416035652161,-0.16416314244270325,0.7072453498840332,0.6564576625823975,-0.17164300382137299,0.678747296333313,0.6255747079849243,-0.242751345038414,0.6650684475898743,0.5731621384620667,-0.27906835079193115,0.6595701575279236,0.5307955741882324,-0.30262282490730286,0.7472595572471619,0.6352605819702148,-0.18313302099704742,0.7250290513038635,0.5972158312797546,-0.2639305591583252,0.7081383466720581,0.5471853613853455,-0.29998698830604553,0.7034485340118408,0.5078014731407166,-0.32803720235824585,0.7904171943664551,0.6222593188285828,-0.18966081738471985,0.7753230929374695,0.6021283864974976,-0.26335278153419495,0.7562169432640076,0.5618423223495483,-0.2971905469894409,0.7496253252029419,0.5282897353172302,-0.32068532705307007,0.832727313041687,0.6149055361747742,-0.19362545013427734,0.8231923580169678,0.6024113893508911,-0.25649258494377136,0.8125751614570618,0.5753401517868042,-0.28914132714271545,0.8065632581710815,0.5498895049095154,-0.31412622332572937,bad
0.8065128326416016,0.6937960982322693,7.403551194329339e-07,0.7400157451629639,0.6942421197891235,-0.02874276600778103,0.6969937086105347,0.6797147989273071,-0.07354108989238739,0.6755093932151794,0.6429044008255005,-0.1111622303724289,0.6611334681510925,0.5807168483734131,-0.15112967789173126,0.7105203866958618,0.6546398401260376,-0.15031392872333527,0.6806033849716187,0.6254873275756836,-0.21911555528640747,0.66575688123703,0.5751802325248718,-0.2588042616844177,0.6595269441604614,0.5318396091461182,-0.284530907869339,0.7482369542121887,0.6360436677932739,-0.16299977898597717,0.7274914383888245,0.5921587347984314,-0.23934389650821686,0.7097384929656982,0.5363637804985046,-0.2775261104106903,0.702095091342926,0.49288102984428406,-0.30654287338256836,0.7901983261108398,0.6244194507598877,-0.17152634263038635,0.7775598168373108,0.5995895862579346,-0.24137672781944275,0.7594695687294006,0.5540491938591003,-0.27561408281326294,0.7518126964569092,0.5180927515029907,-0.2986065447330475,0.8316320180892944,0.6176659464836121,-0.1776256561279297,0.8231792449951172,0.5961703658103943,-0.2351130247116089,0.8114349246025085,0.5636412501335144,-0.2646901309490204,0.8029937744140625,0.5366654992103577,-0.28735366463661194,bad
0.8109261989593506,0.6920274496078491,7.711249168096401e-07,0.7430650591850281,0.6860671043395996,-0.03053106553852558,0.6973957419395447,0.6740383505821228,-0.0794946625828743,0.6741131544113159,0.6377401351928711,-0.11883510649204254,0.6606783270835876,0.5731613636016846,-0.16058135032653809,0.7072013020515442,0.6628096699714661,-0.17335176467895508,0.6784982681274414,0.6306187510490417,-0.24462679028511047,0.6632509231567383,0.5746870040893555,-0.28035569190979004,0.6552461981773376,0.528934895992279,-0.3030508756637573,0.7475871443748474,0.6402961015701294,-0.1848784238100052,0.7236984372138977,0.5971457362174988,-0.2655978202819824,0.7043575048446655,0.5414270162582397,-0.29913681745529175,0.6959624290466309,0.4949233829975128,-0.3247561752796173,0.791087806224823,0.6213974356651306,-0.19093085825443268,0.7746545076370239,0.5955818891525269,-0.2637106478214264,0.7552974224090576,0.5491796135902405,-0.29453763365745544,0.7468628287315369,0.5081943869590759,-0.3154585659503937,0.8337703943252563,0.6036648154258728,-0.1942138373851776,0.8234069347381592,0.5867637395858765,-0.25531983375549316,0.8120138645172119,0.5562641024589539,-0.28523099422454834,0.8048480749130249,0.5255422592163086,-0.30792492628097534,bad
0.8071681261062622,0.6821202635765076,8.099096362457203e-07,0.7375929355621338,0.6810532808303833,-0.03430362790822983,0.6937458515167236,0.6675979495048523,-0.08579295873641968,0.6735116839408875,0.6272908449172974,-0.1274077594280243,0.661435067653656,0.5596449971199036,-0.1708720326423645,0.7077715396881104,0.656596302986145,-0.17704306542873383,0.6782252192497253,0.6175066232681274,-0.24825440347194672,0.6677769422531128,0.5594326853752136,-0.28350329399108887,0.6659495830535889,0.5144208669662476,-0.3053860664367676,0.7484897375106812,0.637929379940033,-0.18713054060935974,0.726444661617279,0.5893568396568298,-0.2678961157798767,0.7096350789070129,0.5294849872589111,-0.30227532982826233,0.704629123210907,0.485937237739563,-0.32848286628723145,0.7918891906738281,0.6210196614265442,-0.1916010081768036,0.7764191031455994,0.5908072590827942,-0.2636395990848541,0.7586225867271423,0.540962815284729,-0.29420894384384155,0.7513454556465149,0.5035274624824524,-0.3149653971195221,0.8340873718261719,0.606295645236969,-0.19365744292736053,0.8258649706840515,0.5838896036148071,-0.2526169419288635,0.8147876262664795,0.5488888621330261,-0.2807915508747101,0.8069785833358765,0.5204427242279053,-0.30249783396720886,bad
0.8030521273612976,0.6840682029724121,7.267410637723515e-07,0.7380256056785583,0.6813831329345703,-0.026699213311076164,0.6924247145652771,0.6621898412704468,-0.06804538518190384,0.6681205630302429,0.6195518374443054,-0.10337178409099579,0.654412031173706,0.5500913262367249,-0.1406346559524536,0.7087125778198242,0.6509392261505127,-0.13604718446731567,0.6774858832359314,0.6081957817077637,-0.19720278680324554,0.667289137840271,0.5491718053817749,-0.23151327669620514,0.6644567251205444,0.4992540776729584,-0.25365692377090454,0.7465925812721252,0.6352296471595764,-0.14847812056541443,0.7264743447303772,0.5820326209068298,-0.21668954193592072,0.7109053134918213,0.5189489722251892,-0.24816636741161346,0.7035250067710876,0.47169455885887146,-0.2718024253845215,0.7881633639335632,0.6226888298988342,-0.15730386972427368,0.7754092216491699,0.5875837206840515,-0.22042717039585114,0.7604114413261414,0.5334396958351135,-0.2477567344903946,0.7529930472373962,0.49365100264549255,-0.2655947804450989,0.8285173177719116,0.6113020777702332,-0.16429083049297333,0.821731686592102,0.578865647315979,-0.21570175886154175,0.8121879696846008,0.5388468503952026,-0.2384917289018631,0.8049148917198181,0.508891224861145,-0.25557661056518555,bad
0.7982498407363892,0.677508533000946,7.199901119747665e-07,0.7356144785881042,0.6758377552032471,-0.029503488913178444,0.6905776858329773,0.6564695239067078,-0.07079639285802841,0.6684837937355042,0.6127718687057495,-0.10582464188337326,0.658032238483429,0.5430158972740173,-0.14313529431819916,0.7044127583503723,0.6279732584953308,-0.13366718590259552,0.6771820187568665,0.5799342393875122,-0.19714702665805817,0.6697872877120972,0.5257155299186707,-0.23520506918430328,0.6686386466026306,0.4759385883808136,-0.25993016362190247,0.741851806640625,0.614736795425415,-0.1445763111114502,0.7251117825508118,0.5604795217514038,-0.21457050740718842,0.7119464874267578,0.5024904608726501,-0.24863450229167938,0.7062774300575256,0.4555325210094452,-0.2736010253429413,0.7836583256721497,0.6071094870567322,-0.1525222212076187,0.7746235132217407,0.5699543952941895,-0.2170489877462387,0.7616493701934814,0.5188239216804504,-0.2451925426721573,0.7550581693649292,0.477329820394516,-0.2630215883255005,0.8246603012084961,0.6011052131652832,-0.15897807478904724,0.8222543001174927,0.5684824585914612,-0.21172602474689484,0.8144927620887756,0.5296209454536438,-0.235152006149292,0.806812584400177,0.4977996051311493,-0.2521548271179199,bad
0.7990767359733582,0.6691039204597473,7.388430276478175e-07,0.7346706390380859,0.6701755523681641,-0.030795060098171234,0.6885209679603577,0.6503456234931946,-0.0726751908659935,0.667345404624939,0.6110178828239441,-0.10774242877960205,0.6589618921279907,0.5448411703109741,-0.14554736018180847,0.7059008479118347,0.6071932911872864,-0.13809387385845184,0.6794108748435974,0.5633155107498169,-0.19986578822135925,0.6720379590988159,0.5073447227478027,-0.23567987978458405,0.6701443791389465,0.45642927289009094,-0.2597109377384186,0.7457655072212219,0.5921459794044495,-0.14898596704006195,0.7267628312110901,0.5437289476394653,-0.21792744100093842,0.7139031887054443,0.48978736996650696,-0.251625120639801,0.7086307406425476,0.44441813230514526,-0.2771536409854889,0.7878018617630005,0.5870862007141113,-0.15689118206501007,0.7745015621185303,0.5560175180435181,-0.22046689689159393,0.7598104476928711,0.5059118866920471,-0.2507829964160919,0.7545267939567566,0.4638468027114868,-0.271058052778244,0.828279972076416,0.5869314670562744,-0.16332198679447174,0.8221128582954407,0.556867778301239,-0.21707101166248322,0.8138351440429688,0.5198420286178589,-0.24355517327785492,0.8092530369758606,0.4879246652126312,-0.26340603828430176,bad
0.7978723049163818,0.656771719455719,6.881016929582984e-07,0.7319650650024414,0.6590360403060913,-0.039158862084150314,0.6847898364067078,0.637505829334259,-0.08570877462625504,0.6647418737411499,0.5994862914085388,-0.12289945781230927,0.6541284322738647,0.534198522567749,-0.1631925106048584,0.7018983364105225,0.5842740535736084,-0.15957285463809967,0.6803010106086731,0.5418351292610168,-0.23152334988117218,0.6730503439903259,0.49482470750808716,-0.2735190987586975,0.6733148694038391,0.45609211921691895,-0.3014085590839386,0.7445095181465149,0.5662236213684082,-0.1682501882314682,0.7263044714927673,0.5248653292655945,-0.24721494317054749,0.7122140526771545,0.47935882210731506,-0.2880190312862396,0.7082754373550415,0.43852248787879944,-0.31948477029800415,0.7874215841293335,0.5621210932731628,-0.17415699362754822,0.7739341259002686,0.5341570973396301,-0.2471150904893875,0.7565853595733643,0.49372628331184387,-0.2852765619754791,0.7518563866615295,0.45728862285614014,-0.3116062581539154,0.8288114070892334,0.5666700005531311,-0.17853285372257233,0.8225961923599243,0.5448062419891357,-0.24247388541698456,0.815288245677948,0.5123831033706665,-0.278008371591568,0.8142579793930054,0.4799332618713379,-0.30488109588623047,bad
0.7960006594657898,0.6523779630661011,6.64612969103473e-07,0.7267319560050964,0.65635746717453,-0.046756111085414886,0.6790041327476501,0.6306669116020203,-0.09770636260509491,0.6578954458236694,0.5940896272659302,-0.13699176907539368,0.6486375331878662,0.5270180702209473,-0.1790473461151123,0.6953703165054321,0.5702233910560608,-0.17622263729572296,0.6771603226661682,0.5292161107063293,-0.2519857883453369,0.6729041934013367,0.4845164716243744,-0.2927830219268799,0.6758079528808594,0.4497169852256775,-0.3191007375717163,0.7416414022445679,0.5516229867935181,-0.1826496422290802,0.7237392067909241,0.510888397693634,-0.26663070917129517,0.7103500962257385,0.47225409746170044,-0.30712881684303284,0.708314061164856,0.4396156370639801,-0.3378651738166809,0.786854088306427,0.5474895238876343,-0.18669676780700684,0.7746283411979675,0.5220854878425598,-0.26488611102104187,0.7571553587913513,0.4880228340625763,-0.305206298828125,0.7524135708808899,0.4578476846218109,-0.3327188789844513,0.8302037715911865,0.5548838376998901,-0.18946439027786255,0.823981523513794,0.5353908538818359,-0.25864335894584656,0.8144220113754272,0.5037817358970642,-0.2981724143028259,0.8121678829193115,0.47211524844169617,-0.3278903365135193,bad
0.789563775062561,0.6498132944107056,6.593231773877051e-07,0.7231186032295227,0.6515856385231018,-0.04434235021471977,0.6765263676643372,0.6290786862373352,-0.09122524410486221,0.6576109528541565,0.5920357704162598,-0.12992025911808014,0.6533494591712952,0.5252124667167664,-0.1714445799589157,0.6927543878555298,0.5512600541114807,-0.14685696363449097,0.6750156879425049,0.5133468508720398,-0.21781454980373383,0.6739987134933472,0.4695977568626404,-0.26136672496795654,0.6781675815582275,0.4279588758945465,-0.29070964455604553,0.7372066974639893,0.5380702614784241,-0.15575051307678223,0.7225210070610046,0.4943656325340271,-0.2349158525466919,0.7135791778564453,0.45745471119880676,-0.2783238887786865,0.7133590579032898,0.4269750714302063,-0.3099782168865204,0.7814173698425293,0.5415008068084717,-0.1641579270362854,0.7725404500961304,0.5129528641700745,-0.23931850492954254,0.7591066360473633,0.4797322154045105,-0.28079813718795776,0.7550543546676636,0.45503222942352295,-0.3078007102012634,0.823880136013031,0.5574501752853394,-0.17198148369789124,0.8212782144546509,0.5291670560836792,-0.2365536391735077,0.8126888871192932,0.49227970838546753,-0.2735838294029236,0.8089689612388611,0.46192851662635803,-0.3009754419326782,bad
0.7890580892562866,0.6543552875518799,6.644571612923755e-07,0.7246145606040955,0.6521602869033813,-0.04407097026705742,0.6771524548530579,0.6261683106422424,-0.09109310060739517,0.6584658622741699,0.5888298749923706,-0.13059929013252258,0.6555373072624207,0.520376980304718,-0.1733320653438568,0.6917535662651062,0.5457831621170044,-0.14166858792304993,0.6735630035400391,0.504055380821228,-0.20987309515476227,0.6723729968070984,0.45968371629714966,-0.25388962030410767,0.6776339411735535,0.41735297441482544,-0.28433090448379517,0.7358970046043396,0.5356736779212952,-0.15057173371315002,0.7211893796920776,0.4872468113899231,-0.22626708447933197,0.7135283350944519,0.4451836049556732,-0.270687073469162,0.7136396765708923,0.41131025552749634,-0.3036041259765625,0.7804394960403442,0.542350709438324,-0.1588052660226822,0.7702894806861877,0.5063027143478394,-0.22950559854507446,0.759573221206665,0.4675847291946411,-0.2696555554866791,0.7561896443367004,0.44150397181510925,-0.2967010736465454,0.8231716156005859,0.5638251304626465,-0.166728675365448,0.8216021656990051,0.526814877986908,-0.22760187089443207,0.8140251636505127,0.48759424686431885,-0.26210132241249084,0.8084587454795837,0.4588474631309509,-0.28793689608573914,bad
0.784798800945282,0.6586506366729736,4.837690994463628e-07,0.7244687676429749,0.6584756970405579,-0.03341659530997276,0.6758846640586853,0.6256029009819031,-0.06499910354614258,0.6552895307540894,0.5797500014305115,-0.09216909110546112,0.6567097902297974,0.5145937204360962,-0.12152012437582016,0.6956655979156494,0.5411794781684875,-0.08797579258680344,0.6762749552726746,0.4958246946334839,-0.13475659489631653,0.6756808161735535,0.46259814500808716,-0.16764479875564575,0.6775649189949036,0.4271065592765808,-0.1917397677898407,0.7362160682678223,0.5300210118293762,-0.09594167768955231,0.7234969735145569,0.4761272966861725,-0.14753104746341705,0.7179726362228394,0.4445916414260864,-0.17815381288528442,0.7148383259773254,0.4207618534564972,-0.20011544227600098,0.7778714299201965,0.5410083532333374,-0.10510522872209549,0.7678821682929993,0.49268025159835815,-0.15524090826511383,0.7589077949523926,0.46268603205680847,-0.18047469854354858,0.7504234910011292,0.442755788564682,-0.19688747823238373,0.8188689947128296,0.5699046850204468,-0.11490704119205475,0.8199800848960876,0.5250988602638245,-0.162288099527359,0.8146770000457764,0.48774927854537964,-0.18558171391487122,0.8074566721916199,0.4598132371902466,-0.2013923078775406,bad
0.7866083979606628,0.6248063445091248,1.4052479002657492e-07,0.7601390480995178,0.6438324451446533,-0.049358248710632324,0.7298507690429688,0.6227017641067505,-0.08352341502904892,0.7191954255104065,0.5840572714805603,-0.11002235859632492,0.7196836471557617,0.5286206603050232,-0.13503016531467438,0.7083790898323059,0.524642825126648,-0.08327643573284149,0.6865260004997253,0.4779844582080841,-0.1283261924982071,0.6845707893371582,0.4980694651603699,-0.1549084186553955,0.6882724165916443,0.5282293558120728,-0.1693735271692276,0.720072865486145,0.5003892779350281,-0.07650069892406464,0.697762668132782,0.4409351944923401,-0.12734925746917725,0.6980514526367188,0.46579134464263916,-0.1487933099269867,0.7065764665603638,0.5042879581451416,-0.15707123279571533,0.7392058968544006,0.49606209993362427,-0.07262952625751495,0.7272754907608032,0.45600444078445435,-0.12062059342861176,0.7382045388221741,0.5082058906555176,-0.12812957167625427,0.750326931476593,0.5511212944984436,-0.12571974098682404,0.7621556520462036,0.5064516067504883,-0.07127353549003601,0.7607738971710205,0.4954257607460022,-0.11134720593690872,0.7713715434074402,0.5338881611824036,-0.11952029168605804,0.7833948135375977,0.5617634654045105,-0.11926715821027756,bad
0.7915073037147522,0.6664649844169617,-5.078784397483105e-07,0.7447760701179504,0.6583002805709839,-0.024183355271816254,0.6978210806846619,0.6235578656196594,-0.04192468896508217,0.6650367975234985,0.5953903794288635,-0.05746305361390114,0.6590927243232727,0.5493314266204834,-0.07023652642965317,0.6928325295448303,0.4778214395046234,-0.04336132854223251,0.6806018352508545,0.5237554907798767,-0.08347371220588684,0.6909272074699402,0.5873374938964844,-0.10649677366018295,0.6979686617851257,0.6269504427909851,-0.11823014914989471,0.7352231740951538,0.4594811201095581,-0.049545273184776306,0.7219487428665161,0.5432349443435669,-0.08568829298019409,0.7277527451515198,0.6221933960914612,-0.09356451034545898,0.7311239242553711,0.6524782776832581,-0.09437854588031769,0.7819755673408508,0.4761964678764343,-0.059550393372774124,0.7705070972442627,0.5736421942710876,-0.09326163679361343,0.7698531150817871,0.646549642086029,-0.08632475882768631,0.7704896926879883,0.6714651584625244,-0.07643764466047287,0.82663893699646,0.5150227546691895,-0.07201655954122543,0.818656861782074,0.597783088684082,-0.09868944436311722,0.8150869011878967,0.6490191221237183,-0.09530125558376312,0.8166309595108032,0.6641792058944702,-0.08717544376850128,bad
0.7908941507339478,0.6215741038322449,-4.865025289291225e-07,0.73524010181427,0.6055611371994019,-0.037697985768318176,0.6866756677627563,0.5818438529968262,-0.06713991612195969,0.6589546203613281,0.5755231380462646,-0.09247687458992004,0.6526343822479248,0.5829794406890869,-0.11590921133756638,0.6946178078651428,0.4689071476459503,-0.08033019304275513,0.6890386343002319,0.5754565000534058,-0.13461054861545563,0.69548100233078,0.6504570841789246,-0.16499273478984833,0.6962869167327881,0.7004460692405701,-0.17941494286060333,0.743645191192627,0.4741864800453186,-0.08376645296812057,0.7388032078742981,0.6144704222679138,-0.13774661719799042,0.7357224822044373,0.7059085369110107,-0.15205511450767517,0.7300735712051392,0.7631494998931885,-0.15599128603935242,0.7911211848258972,0.5034244656562805,-0.09044346958398819,0.7845359444618225,0.6329043507575989,-0.1399037092924118,0.7764309644699097,0.7176923751831055,-0.1375511735677719,0.7683578133583069,0.7771012783050537,-0.12713991105556488,0.8295736312866211,0.5459694266319275,-0.10013366490602493,0.8247116804122925,0.6208688616752625,-0.1342158317565918,0.8193327784538269,0.6731659173965454,-0.1316126585006714,0.8147034049034119,0.7094152569770813,-0.12293872237205505,bad
0.7827174067497253,0.616141676902771,-5.468129415930889e-07,0.7257204651832581,0.6015005707740784,-0.039185237139463425,0.6801829934120178,0.5869013071060181,-0.0689639076590538,0.6552907228469849,0.5914108753204346,-0.0937027856707573,0.6472936272621155,0.6083574295043945,-0.11730122566223145,0.6813156008720398,0.48080193996429443,-0.0818079262971878,0.6803069114685059,0.6078165173530579,-0.13013797998428345,0.6919581890106201,0.69776451587677,-0.1554277241230011,0.698218822479248,0.7716655135154724,-0.1661771684885025,0.7320749759674072,0.4797670543193817,-0.08375000208616257,0.7329719662666321,0.655112087726593,-0.13353237509727478,0.73453688621521,0.7593876719474792,-0.14770756661891937,0.7305400371551514,0.8321589231491089,-0.15242186188697815,0.7822420597076416,0.507263720035553,-0.08810640126466751,0.7758210897445679,0.6721802949905396,-0.13646794855594635,0.7689846754074097,0.7677101492881775,-0.1365719437599182,0.7607753872871399,0.8384621143341064,-0.12830662727355957,0.8220843076705933,0.5525516271591187,-0.09501955658197403,0.8173051476478577,0.657333493232727,-0.1303706169128418,0.8120912313461304,0.7264073491096497,-0.12818782031536102,0.8047798871994019,0.77629154920578,-0.11973783373832703,bad
0.7786504626274109,0.6024010181427002,-5.301550913827668e-07,0.7192203998565674,0.5884137153625488,-0.036889854818582535,0.6712251305580139,0.5757734179496765,-0.06196599453687668,0.645668089389801,0.5927985310554504,-0.08242767304182053,0.6384780406951904,0.6283469796180725,-0.10295256972312927,0.677125871181488,0.48702138662338257,-0.07039128988981247,0.6729894280433655,0.6268205046653748,-0.11059670150279999,0.6818434596061707,0.7119277119636536,-0.13230037689208984,0.6875489950180054,0.7804509401321411,-0.1416400820016861,0.7294990420341492,0.4873223602771759,-0.07164745777845383,0.7262459397315979,0.6679061055183411,-0.11531925201416016,0.7271111011505127,0.7707966566085815,-0.13173454999923706,0.7219332456588745,0.8487468361854553,-0.13860540091991425,0.7792240381240845,0.511671781539917,-0.07476390153169632,0.7694167494773865,0.6829804182052612,-0.1198045015335083,0.7638561725616455,0.7795841693878174,-0.1260347068309784,0.7555298805236816,0.8549731373786926,-0.12214844673871994,0.8171667456626892,0.553056001663208,-0.07992485165596008,0.8109308481216431,0.6606264114379883,-0.11332333087921143,0.8067100048065186,0.731804370880127,-0.11391741782426834,0.799778163433075,0.7881376147270203,-0.10807371139526367,bad
0.7796244025230408,0.5897530913352966,-5.427942255664675e-07,0.7170438766479492,0.5789167881011963,-0.037189386785030365,0.6674243807792664,0.5751014351844788,-0.06274836510419846,0.6408731937408447,0.5944997072219849,-0.0831836685538292,0.6357163190841675,0.622002363204956,-0.10360285639762878,0.6733668446540833,0.48456206917762756,-0.07637562602758408,0.6699972748756409,0.6255843043327332,-0.11636623740196228,0.677678644657135,0.712889552116394,-0.13620279729366302,0.6819882392883301,0.7832365036010742,-0.14511644840240479,0.7250410318374634,0.484340101480484,-0.07754061371088028,0.7220414876937866,0.6669613718986511,-0.12277457118034363,0.7241228222846985,0.7676710486412048,-0.13754935562610626,0.7204159498214722,0.8446243405342102,-0.14338311553001404,0.774755597114563,0.508113443851471,-0.0802508071064949,0.7663372159004211,0.6802857518196106,-0.12481269985437393,0.7593675255775452,0.773873507976532,-0.12908688187599182,0.7509909272193909,0.8477926254272461,-0.1247563287615776,0.8137668371200562,0.5481851696968079,-0.08512447774410248,0.8075917959213257,0.6618413925170898,-0.1199677437543869,0.8012238144874573,0.7313352823257446,-0.12210018932819366,0.7927273511886597,0.7846739888191223,-0.11757922172546387,bad
0.7801167964935303,0.5779728889465332,-6.237651177798398e-07,0.7141314148902893,0.5719056129455566,-0.03370394930243492,0.6627959609031677,0.5694854855537415,-0.05511302873492241,0.6384876370429993,0.5942442417144775,-0.07220134139060974,0.634115993976593,0.6281086206436157,-0.08991418778896332,0.6760762929916382,0.4847346842288971,-0.06714065372943878,0.6713351011276245,0.6243874430656433,-0.10105767846107483,0.6779748797416687,0.7166427373886108,-0.11768623441457748,0.6825097799301147,0.7919160723686218,-0.124886155128479,0.7263957858085632,0.4820651113986969,-0.06791875511407852,0.7224984765052795,0.6679297685623169,-0.10632780194282532,0.7240256667137146,0.7699180841445923,-0.11988139152526855,0.7225638031959534,0.8490549325942993,-0.12574969232082367,0.7744069695472717,0.5022509694099426,-0.06997860223054886,0.7668498754501343,0.6793888807296753,-0.10855387896299362,0.762405514717102,0.771447479724884,-0.11372043192386627,0.7582696676254272,0.8439187407493591,-0.11080384999513626,0.8127572536468506,0.5379701256752014,-0.07395921647548676,0.8051207065582275,0.6579918265342712,-0.10401755571365356,0.7998935580253601,0.7287691831588745,-0.10569177567958832,0.7940423488616943,0.7827184796333313,-0.10157790780067444,bad
0.7776110768318176,0.5747898817062378,-5.563384775086888e-07,0.7117805480957031,0.5723888278007507,-0.03465206176042557,0.6633923053741455,0.581322193145752,-0.05799290910363197,0.6405431628227234,0.6151490807533264,-0.07669122517108917,0.6395173072814941,0.6524787545204163,-0.09661359339952469,0.6725645661354065,0.49238094687461853,-0.06891841441392899,0.6693997979164124,0.631467342376709,-0.10251164436340332,0.6757523417472839,0.7203798890113831,-0.11968382447957993,0.6806045174598694,0.7900612950325012,-0.12811432778835297,0.7235904335975647,0.48729264736175537,-0.06991898268461227,0.7218862771987915,0.6697899699211121,-0.10896395891904831,0.722457766532898,0.7725155353546143,-0.12508076429367065,0.7202022671699524,0.8510192632675171,-0.13349610567092896,0.7721976041793823,0.5050177574157715,-0.07183336466550827,0.7663313746452332,0.6828083992004395,-0.11164306104183197,0.7605491876602173,0.7785199284553528,-0.11880423873662949,0.7549268007278442,0.8530799746513367,-0.11784645915031433,0.8104662299156189,0.5393661260604858,-0.07555240392684937,0.80324786901474,0.6617482900619507,-0.10719012469053268,0.7977995276451111,0.7365456223487854,-0.1094929650425911,0.7913781404495239,0.793307363986969,-0.10620708763599396,bad
0.7744702696800232,0.5676751136779785,-5.911613811804273e-07,0.7100273370742798,0.5687873363494873,-0.03148690238595009,0.6624130010604858,0.5808595418930054,-0.05260353162884712,0.6408513784408569,0.6129066348075867,-0.06941522657871246,0.6372115612030029,0.6453332304954529,-0.08790049701929092,0.6713820695877075,0.5034129619598389,-0.06807547062635422,0.6698627471923828,0.6444087028503418,-0.09945087879896164,0.6767387986183167,0.7308827042579651,-0.11460420489311218,0.6826789379119873,0.7997857332229614,-0.12175779044628143,0.7224013805389404,0.4958733916282654,-0.06965275853872299,0.7216254472732544,0.6788511872291565,-0.10649368166923523,0.7223974466323853,0.7832545638084412,-0.12120474129915237,0.7221211194992065,0.864338219165802,-0.1290350705385208,0.7708058953285217,0.510108232498169,-0.0716872587800026,0.7655569911003113,0.6872270107269287,-0.10950557142496109,0.7602614760398865,0.7819710969924927,-0.11628785729408264,0.756397008895874,0.85618656873703,-0.1155102550983429,0.8090625405311584,0.5409339070320129,-0.07516778260469437,0.8031423091888428,0.6627436876296997,-0.10541356354951859,0.7982085347175598,0.7353379130363464,-0.10780075937509537,0.7924295663833618,0.7912766337394714,-0.10499567538499832,bad
0.7677639126777649,0.5489546656608582,-5.563276204156864e-07,0.7035831809043884,0.5611887574195862,-0.03511667996644974,0.6588040590286255,0.5797938108444214,-0.05865463986992836,0.6387684345245361,0.6114658713340759,-0.07727844268083572,0.6349247097969055,0.6455613374710083,-0.09787158668041229,0.6713711619377136,0.5021998882293701,-0.0773204118013382,0.6736445426940918,0.6360664367675781,-0.11314249783754349,0.6814830899238586,0.7261742949485779,-0.13033714890480042,0.6873109340667725,0.7993817925453186,-0.1382729560136795,0.7217479944229126,0.49652597308158875,-0.07838808000087738,0.7267299294471741,0.6781778335571289,-0.11964142322540283,0.7276938557624817,0.7808341383934021,-0.13524240255355835,0.7282973527908325,0.857643723487854,-0.1434054970741272,0.7696279287338257,0.5111830830574036,-0.08007093518972397,0.7688929438591003,0.6862279772758484,-0.12226638942956924,0.7624152898788452,0.7808346748352051,-0.12957027554512024,0.7589113712310791,0.8537158370018005,-0.1282644420862198,0.80706787109375,0.5407753586769104,-0.0833900198340416,0.8046634793281555,0.6653240323066711,-0.11764336377382278,0.8004744052886963,0.7357763648033142,-0.12126949429512024,0.7957425713539124,0.7889867424964905,-0.1185014545917511,bad
0.7714265584945679,0.5472401976585388,-5.396097435550473e-07,0.7063024044036865,0.5693793296813965,-0.03523261100053787,0.6600483059883118,0.5894096493721008,-0.058235641568899155,0.6398167610168457,0.6205187439918518,-0.07630805671215057,0.6391539573669434,0.6467230916023254,-0.09654749184846878,0.6705279350280762,0.5008794665336609,-0.07477670907974243,0.6718648672103882,0.6358436942100525,-0.10806016623973846,0.6798233985900879,0.7266206741333008,-0.12400897592306137,0.6851968765258789,0.7996696829795837,-0.1318672001361847,0.7215140461921692,0.4944935739040375,-0.07550904899835587,0.7250677347183228,0.6718751788139343,-0.11359060555696487,0.7259633541107178,0.7711058259010315,-0.12947875261306763,0.7263150215148926,0.8456065058708191,-0.1391584277153015,0.7695909738540649,0.509653627872467,-0.07698233425617218,0.7674947381019592,0.6839170455932617,-0.1172400712966919,0.7610063552856445,0.7778069376945496,-0.12681488692760468,0.757725179195404,0.8501026630401611,-0.12839719653129578,0.8076695799827576,0.5408604741096497,-0.0799790695309639,0.8028004169464111,0.6672404408454895,-0.11409589648246765,0.7982784509658813,0.7379513382911682,-0.12005831301212311,0.7936915159225464,0.793070912361145,-0.1199009120464325,bad
0.769637405872345,0.5477868318557739,-5.432470970845316e-07,0.7046858072280884,0.5731855630874634,-0.03422209620475769,0.6597678661346436,0.593924880027771,-0.05723711848258972,0.6413782835006714,0.6225024461746216,-0.07551363110542297,0.6416882276535034,0.6452701091766357,-0.09588033705949783,0.6705197691917419,0.5034598708152771,-0.07404343038797379,0.6712275743484497,0.6295929551124573,-0.10763800144195557,0.6805303692817688,0.7193952798843384,-0.12380822747945786,0.6876772046089172,0.7920407652854919,-0.1318545937538147,0.7207562923431396,0.4937739074230194,-0.07521329075098038,0.726325511932373,0.6694977283477783,-0.11319857835769653,0.7285792231559753,0.7687252163887024,-0.12912385165691376,0.7284799814224243,0.841249406337738,-0.13921065628528595,0.7684525847434998,0.5061935186386108,-0.07717513293027878,0.7690718173980713,0.6777269244194031,-0.117431640625,0.7634456157684326,0.772386908531189,-0.1274997889995575,0.7595961689949036,0.844687283039093,-0.12992960214614868,0.8064275979995728,0.5352783799171448,-0.08056360483169556,0.8047358989715576,0.6615498661994934,-0.11515429615974426,0.8015005588531494,0.7317684292793274,-0.12166880816221237,0.7969545722007751,0.7860310673713684,-0.12214817851781845,bad
0.7765550017356873,0.5637167096138,-5.210742983763339e-07,0.7122253179550171,0.5789794325828552,-0.03509014844894409,0.6670648455619812,0.5948154926300049,-0.05916023999452591,0.6438391804695129,0.6191027164459229,-0.07873430848121643,0.6391451358795166,0.6388282179832458,-0.09902436286211014,0.6698900461196899,0.4936206340789795,-0.07228831201791763,0.6728456020355225,0.6071444153785706,-0.11081083118915558,0.6836826205253601,0.6938155889511108,-0.13026167452335358,0.691920816898346,0.7646824717521667,-0.13949111104011536,0.7199150919914246,0.48439526557922363,-0.07360973209142685,0.7280350923538208,0.6509081125259399,-0.11497194319963455,0.7321263551712036,0.7454931139945984,-0.12998920679092407,0.7326263785362244,0.8151805996894836,-0.1383073925971985,0.7688024640083313,0.49712705612182617,-0.07678660750389099,0.7723081111907959,0.659669816493988,-0.11941323429346085,0.7704814672470093,0.7498005628585815,-0.12661029398441315,0.7684985399246216,0.8191998600959778,-0.12587447464466095,0.80906081199646,0.5260513424873352,-0.08173327893018723,0.8082747459411621,0.642698347568512,-0.11672767251729965,0.8055915832519531,0.7086185812950134,-0.12185998260974884,0.8008809685707092,0.7574849128723145,-0.12050414085388184,bad
0.7856558561325073,0.6084108352661133,-5.15876365625445e-07,0.724885106086731,0.6041867733001709,-0.02816707454621792,0.6730408072471619,0.5933480858802795,-0.04580451920628548,0.6456193923950195,0.6007255911827087,-0.06026693806052208,0.6473680138587952,0.6114319562911987,-0.07297242432832718,0.6767008900642395,0.48171764612197876,-0.04696018621325493,0.6794405579566956,0.5955051779747009,-0.07869010418653488,0.689335823059082,0.6661244630813599,-0.09490850567817688,0.6945651173591614,0.6985535621643066,-0.10309803485870361,0.7238017320632935,0.47606900334358215,-0.048963069915771484,0.7307069301605225,0.6488237977027893,-0.07962547242641449,0.7373088002204895,0.7141427993774414,-0.08760000765323639,0.735392153263092,0.7308194041252136,-0.0914083868265152,0.7719637155532837,0.4939231872558594,-0.05391405522823334,0.7733722925186157,0.6602705121040344,-0.0835038498044014,0.7743171453475952,0.7187394499778748,-0.08165588229894638,0.7720888257026672,0.7377941608428955,-0.07671549171209335,0.8138765692710876,0.5244309306144714,-0.06151876226067543,0.8112003803253174,0.6382358074188232,-0.082928866147995,0.811695396900177,0.6776024699211121,-0.08162256330251694,0.8116076588630676,0.6862813830375671,-0.07706257700920105,bad
0.7860026359558105,0.617609977722168,-4.66643143681722e-07,0.7318959832191467,0.6282377243041992,-0.026779331266880035,0.683087944984436,0.605822741985321,-0.04447305202484131,0.6511584520339966,0.5895614624023438,-0.06086507812142372,0.6484772562980652,0.5670559406280518,-0.07411292940378189,0.68877774477005,0.48394298553466797,-0.03658362850546837,0.6724581718444824,0.48177477717399597,-0.07366655021905899,0.6795353293418884,0.5506426692008972,-0.09399882704019547,0.6902333498001099,0.6085887551307678,-0.10211120545864105,0.725326657295227,0.4654719829559326,-0.037409745156764984,0.7267586588859558,0.5496333241462708,-0.07286515086889267,0.7339932322502136,0.6183084845542908,-0.0799567848443985,0.73811936378479,0.6446787118911743,-0.0784854143857956,0.7637848854064941,0.47658130526542664,-0.0431736521422863,0.7710182666778564,0.582895040512085,-0.07521919161081314,0.7738716006278992,0.6403092741966248,-0.0729869157075882,0.7737404704093933,0.6618803143501282,-0.0644959807395935,0.79802405834198,0.49912115931510925,-0.05165031924843788,0.8046897053718567,0.5764482021331787,-0.07212650775909424,0.8076907396316528,0.6202923655509949,-0.06950276345014572,0.8078860640525818,0.6361611485481262,-0.062053125351667404,bad
0.7503095865249634,0.5828019380569458,-1.0104643166641836e-07,0.7029215097427368,0.5960650444030762,-0.03592738136649132,0.6629648804664612,0.5806028246879578,-0.06335688382387161,0.6489719152450562,0.5743072032928467,-0.0872037336230278,0.6557394862174988,0.5564669966697693,-0.10919466614723206,0.6719301342964172,0.47500166296958923,-0.05876978486776352,0.6572734713554382,0.49857446551322937,-0.10846276581287384,0.6675803065299988,0.5464217066764832,-0.13851724565029144,0.6798806190490723,0.5829340815544128,-0.15275955200195312,0.7163911461830139,0.46022993326187134,-0.0620807446539402,0.7252392172813416,0.4636247754096985,-0.11422675848007202,0.7344077825546265,0.5320968627929688,-0.12815754115581512,0.7384222745895386,0.5754311680793762,-0.1280544251203537,0.7577614784240723,0.47361740469932556,-0.07029490917921066,0.7672445178031921,0.4994790554046631,-0.11822711676359177,0.7712674736976624,0.5576722025871277,-0.11671210825443268,0.7676680088043213,0.5815948247909546,-0.10571427643299103,0.7912254333496094,0.5044047236442566,-0.08091156929731369,0.802194356918335,0.5289202332496643,-0.1123349666595459,0.8053359985351562,0.5679326057434082,-0.10796487331390381,0.8030745983123779,0.5822193026542664,-0.09812672436237335,bad
0.73130863904953,0.5846615433692932,-4.0936932066415466e-08,0.6834859251976013,0.5946218967437744,-0.043493207544088364,0.6473999619483948,0.5691706538200378,-0.07291562855243683,0.6414099335670471,0.5673020482063293,-0.09608694165945053,0.6434307098388672,0.5504707098007202,-0.11598753929138184,0.6660456657409668,0.4801524579524994,-0.08379772305488586,0.6549997329711914,0.4789288640022278,-0.14120535552501678,0.6701768636703491,0.5166796445846558,-0.16843609511852264,0.681573748588562,0.5410406589508057,-0.18084867298603058,0.7102664113044739,0.4681261479854584,-0.08423861116170883,0.7193423509597778,0.4684875011444092,-0.14927096664905548,0.7328395247459412,0.5307325124740601,-0.16300137341022491,0.732957661151886,0.5471985340118408,-0.16246028244495392,0.7510497570037842,0.4819703996181488,-0.08962155878543854,0.764411211013794,0.5026611685752869,-0.15063701570034027,0.7704328894615173,0.5544277429580688,-0.1500508338212967,0.7582201957702637,0.5512857437133789,-0.13977618515491486,0.7817496657371521,0.5094614028930664,-0.09727530181407928,0.7998281121253967,0.530101478099823,-0.14320604503154755,0.8049079179763794,0.5592826008796692,-0.1466086059808731,0.7973227500915527,0.5519375801086426,-0.14235514402389526,bad
0.7343133091926575,0.5961308479309082,3.9424489273187646e-07,0.6878436207771301,0.605803906917572,-0.04815339297056198,0.6441357731819153,0.5844867825508118,-0.0875406488776207,0.6254762411117554,0.5720053315162659,-0.1199815571308136,0.637455403804779,0.5507838726043701,-0.1537536084651947,0.6726564764976501,0.5471606850624084,-0.11081539839506149,0.6608116030693054,0.5185601115226746,-0.16015131771564484,0.6668440699577332,0.49231651425361633,-0.1935611069202423,0.6766037344932556,0.47015106678009033,-0.21722015738487244,0.7148590683937073,0.5434044599533081,-0.10910721123218536,0.709441065788269,0.5011031031608582,-0.16248974204063416,0.7145650386810303,0.47396019101142883,-0.1936335265636444,0.7229917049407959,0.460021048784256,-0.21707062423229218,0.7511404752731323,0.5514158606529236,-0.10813669860363007,0.7511731386184692,0.5223428606987,-0.15482480823993683,0.7546757459640503,0.49659794569015503,-0.17534379661083221,0.756358802318573,0.48239120841026306,-0.1894642412662506,0.7802456021308899,0.5713610053062439,-0.10946571081876755,0.7915677428245544,0.530181884765625,-0.1464175283908844,0.7965675592422485,0.5018275380134583,-0.16348928213119507,0.7958681583404541,0.4830843210220337,-0.1773986667394638,bad
0.738019585609436,0.6064376831054688,5.539068297366612e-07,0.6889563798904419,0.6178528666496277,-0.04990081861615181,0.645750880241394,0.6073704361915588,-0.09257211536169052,0.6273285150527954,0.5890881419181824,-0.12725825607776642,0.6320967674255371,0.546108067035675,-0.1633780151605606,0.6693604588508606,0.5518078207969666,-0.12352462857961655,0.65324866771698,0.5300599932670593,-0.1770152747631073,0.6592353582382202,0.49467769265174866,-0.21241477131843567,0.6691981554031372,0.4603429436683655,-0.2372996062040329,0.7095743417739868,0.5476964116096497,-0.12384018301963806,0.7065727114677429,0.5149993300437927,-0.18446257710456848,0.7091479301452637,0.4776442348957062,-0.21926730871200562,0.7130051851272583,0.44917526841163635,-0.24520619213581085,0.7467032074928284,0.5524314045906067,-0.12429441511631012,0.7528222799301147,0.5292361974716187,-0.17915567755699158,0.7533367872238159,0.49556973576545715,-0.2050185352563858,0.7533644437789917,0.4719504415988922,-0.2225523293018341,0.7795020341873169,0.5685333609580994,-0.1266428381204605,0.7892314791679382,0.5311160087585449,-0.17007167637348175,0.7931119203567505,0.4987349510192871,-0.19027481973171234,0.7945047616958618,0.4739845097064972,-0.20625388622283936,bad
0.736756443977356,0.6085783839225769,5.678645038642571e-07,0.6876072883605957,0.6120566129684448,-0.04518371820449829,0.6466383934020996,0.5993075370788574,-0.08439356833696365,0.6305192708969116,0.5781644582748413,-0.11625999212265015,0.6347800493240356,0.5377552509307861,-0.14901283383369446,0.665580689907074,0.5654232501983643,-0.11390364170074463,0.6490771770477295,0.5410072803497314,-0.16451357305049896,0.6542949676513672,0.49863511323928833,-0.1978674679994583,0.6642570495605469,0.4625485837459564,-0.22044411301612854,0.7067167162895203,0.5608458518981934,-0.11424826830625534,0.7037099599838257,0.5302636623382568,-0.16859319806098938,0.7046462297439575,0.4847794473171234,-0.1972636729478836,0.7068118453025818,0.45340776443481445,-0.2184281200170517,0.7452576160430908,0.5635895729064941,-0.11512457579374313,0.7504018545150757,0.5408671498298645,-0.1655602753162384,0.751976490020752,0.5004667043685913,-0.18673501908779144,0.7527595162391663,0.4734083116054535,-0.20020882785320282,0.7787759304046631,0.5762374997138977,-0.11779318004846573,0.7898657321929932,0.5383495092391968,-0.15808817744255066,0.7925519943237305,0.504303514957428,-0.17502743005752563,0.7930669188499451,0.47869765758514404,-0.18767070770263672,bad
0.7332908511161804,0.6037819981575012,6.979378781579726e-07,0.681685209274292,0.6079429984092712,-0.05235082283616066,0.6472724676132202,0.5971445441246033,-0.10312124341726303,0.6385418176651001,0.5743816494941711,-0.14196358621120453,0.6388805508613586,0.5361958146095276,-0.1814231127500534,0.6644399166107178,0.5670406222343445,-0.16301347315311432,0.6537712812423706,0.5452705025672913,-0.2284735143184662,0.655846893787384,0.5118582844734192,-0.26432207226753235,0.6628679633140564,0.48200392723083496,-0.28751668334007263,0.7055061459541321,0.5557000637054443,-0.16172464191913605,0.7064616680145264,0.5320366621017456,-0.24194741249084473,0.70020991563797,0.4876008927822113,-0.28562745451927185,0.7015619874000549,0.4533618092536926,-0.3180181384086609,0.7441874146461487,0.5506882667541504,-0.15693405270576477,0.7524182200431824,0.5353024005889893,-0.22916781902313232,0.7482764720916748,0.4978405833244324,-0.26406770944595337,0.7508099675178528,0.4653003215789795,-0.28635072708129883,0.7781021595001221,0.5535602569580078,-0.15180398523807526,0.7867432236671448,0.5340100526809692,-0.20933443307876587,0.7922480702400208,0.5038673877716064,-0.238792285323143,0.7954576015472412,0.47483569383621216,-0.2608201801776886,bad
0.7296991944313049,0.6046414375305176,6.845887128292816e-07,0.6783676743507385,0.6086513996124268,-0.05035945773124695,0.6459088325500488,0.5989284515380859,-0.10051184892654419,0.6368243098258972,0.5782557129859924,-0.13934624195098877,0.6364180445671082,0.5396697521209717,-0.17868775129318237,0.6638765335083008,0.563788890838623,-0.16097880899906158,0.6514561772346497,0.54269939661026,-0.22508016228675842,0.6542130708694458,0.5110428333282471,-0.2592206597328186,0.662636399269104,0.486664742231369,-0.2812815308570862,0.7042161226272583,0.5546749234199524,-0.16116885840892792,0.70443195104599,0.5288783311843872,-0.24255114793777466,0.6990280747413635,0.486917644739151,-0.28737714886665344,0.7014685869216919,0.4600072205066681,-0.32009977102279663,0.7424441576004028,0.5536372065544128,-0.15753456950187683,0.7518421411514282,0.535786509513855,-0.23020946979522705,0.7486254572868347,0.5007165670394897,-0.26571813225746155,0.7509698867797852,0.4752781391143799,-0.2883675992488861,0.7761926651000977,0.5612244009971619,-0.15333491563796997,0.7855094075202942,0.5394106507301331,-0.21197861433029175,0.7924529910087585,0.5102418661117554,-0.242451474070549,0.7967506051063538,0.48695477843284607,-0.265071302652359,bad
0.7232335805892944,0.6105760335922241,6.391052238541306e-07,0.6752099394798279,0.6141027808189392,-0.052704036235809326,0.6422415375709534,0.6020345687866211,-0.10061317682266235,0.6343550682067871,0.5803001523017883,-0.1377665400505066,0.6368590593338013,0.5393019318580627,-0.1754819005727768,0.6634234189987183,0.5631074905395508,-0.14904199540615082,0.6540359258651733,0.540031909942627,-0.20954547822475433,0.6579567193984985,0.5095008015632629,-0.24425828456878662,0.664333701133728,0.48610785603523254,-0.26747897267341614,0.7033466696739197,0.558528482913971,-0.14745953679084778,0.7068184018135071,0.5335886478424072,-0.22356411814689636,0.704494833946228,0.4923619031906128,-0.26712656021118164,0.7052085399627686,0.46471402049064636,-0.2990044951438904,0.7399419546127319,0.5621019601821899,-0.1433165818452835,0.7511604428291321,0.5439335107803345,-0.21159261465072632,0.7506694197654724,0.5076495409011841,-0.24522574245929718,0.752443790435791,0.4822848439216614,-0.2666541635990143,0.7714885473251343,0.5740225911140442,-0.13948294520378113,0.7837820053100586,0.5477287173271179,-0.19490908086299896,0.7922812104225159,0.5149897336959839,-0.22358256578445435,0.7965176701545715,0.48956599831581116,-0.24485576152801514,bad
0.73496013879776,0.6101200580596924,5.646067506859254e-07,0.6829761266708374,0.6192963123321533,-0.05244506523013115,0.644986629486084,0.6109209060668945,-0.09882815927267075,0.628742516040802,0.5966756939888,-0.1348661184310913,0.6329752206802368,0.5595815181732178,-0.17137867212295532,0.6695406436920166,0.5610045790672302,-0.14426502585411072,0.6551674604415894,0.5382985472679138,-0.20285378396511078,0.6592745184898376,0.5061026215553284,-0.23570966720581055,0.666895866394043,0.4884577691555023,-0.25737830996513367,0.7107046842575073,0.5564196705818176,-0.14271807670593262,0.7071773409843445,0.524368405342102,-0.2139449566602707,0.7083131670951843,0.48846349120140076,-0.2517319917678833,0.7133263945579529,0.4712885022163391,-0.2786034643650055,0.7473863363265991,0.5607001185417175,-0.13983960449695587,0.7531569600105286,0.5401524901390076,-0.20304659008979797,0.7530552744865417,0.5085766911506653,-0.23240728676319122,0.7548815011978149,0.4904133081436157,-0.2510510981082916,0.7785197496414185,0.5752090811729431,-0.13787077367305756,0.7881209850311279,0.5464364886283875,-0.18956106901168823,0.7930415868759155,0.5153840184211731,-0.2163303941488266,0.7952345013618469,0.49339860677719116,-0.2363322228193283,bad
0.733524739742279,0.6072330474853516,5.506157094714581e-07,0.6878975033760071,0.6200871467590332,-0.05054895207285881,0.6477141380310059,0.6129922270774841,-0.09413757175207138,0.6298576593399048,0.6018898487091064,-0.1287384182214737,0.6264004707336426,0.56829434633255,-0.16441459953784943,0.6683196425437927,0.5633569955825806,-0.13113334774971008,0.6506257057189941,0.5481733083724976,-0.18630585074424744,0.6544910073280334,0.5143546462059021,-0.22140993177890778,0.6629099249839783,0.4827602207660675,-0.24562402069568634,0.7084587216377258,0.5578840374946594,-0.13085632026195526,0.7040853500366211,0.5327067971229553,-0.19454319775104523,0.7061597108840942,0.4986967146396637,-0.22990821301937103,0.7098668217658997,0.4730137884616852,-0.25578388571739197,0.7451961636543274,0.5617243051528931,-0.13016822934150696,0.750836968421936,0.5481037497520447,-0.1880555897951126,0.7524927854537964,0.5159087777137756,-0.21538811922073364,0.7545974850654602,0.49264803528785706,-0.2334156483411789,0.777614414691925,0.578251838684082,-0.13092663884162903,0.7886050343513489,0.5494959354400635,-0.17744635045528412,0.7936903238296509,0.5212945342063904,-0.1995169222354889,0.7954563498497009,0.5000820755958557,-0.21657536923885345,bad
0.7310618162155151,0.6083647608757019,5.357421173357579e-07,0.6857995390892029,0.6206508874893188,-0.051365502178668976,0.6484010815620422,0.6120143532752991,-0.09404941648244858,0.6345463991165161,0.5961681008338928,-0.12787000834941864,0.6351933479309082,0.5568806529045105,-0.16199994087219238,0.6686884760856628,0.557568371295929,-0.12510474026203156,0.6549326777458191,0.537964403629303,-0.17927657067775726,0.6585243344306946,0.5082459449768066,-0.21325135231018066,0.6647096276283264,0.4828844666481018,-0.2361183613538742,0.7081817388534546,0.5536168813705444,-0.1235666275024414,0.7083796262741089,0.534206748008728,-0.18647976219654083,0.7098620533943176,0.5009692311286926,-0.2213182896375656,0.7098932266235352,0.47621726989746094,-0.24624666571617126,0.7445388436317444,0.5594097375869751,-0.12209238111972809,0.7531988620758057,0.5514972805976868,-0.17993025481700897,0.7549194693565369,0.5205821394920349,-0.2058691680431366,0.7541433572769165,0.4978606104850769,-0.22199882566928864,0.7761451601982117,0.5754840970039368,-0.12219783663749695,0.7887009382247925,0.5513526201248169,-0.16839367151260376,0.7945796847343445,0.5231351256370544,-0.1889345794916153,0.7951955795288086,0.5020454525947571,-0.20399896800518036,bad
0.7347071170806885,0.6087637543678284,5.705144303647103e-07,0.6866170763969421,0.622287929058075,-0.05352664366364479,0.6476830244064331,0.6161597967147827,-0.1007559671998024,0.6309310793876648,0.6045916676521301,-0.1378968507051468,0.6279855370521545,0.5724449157714844,-0.17624492943286896,0.6657016277313232,0.5613238215446472,-0.14323219656944275,0.6475207805633545,0.5485618114471436,-0.2022254467010498,0.6524994373321533,0.5191916823387146,-0.23827722668647766,0.6628803014755249,0.49041301012039185,-0.26311880350112915,0.7056686282157898,0.5553926229476929,-0.14262981712818146,0.7039933800697327,0.5297181010246277,-0.21454085409641266,0.7061492204666138,0.49930647015571594,-0.2555367350578308,0.7115299701690674,0.47725382447242737,-0.2849319577217102,0.74342280626297,0.5582330822944641,-0.14062178134918213,0.7523969411849976,0.5441929697990417,-0.20458559691905975,0.754133403301239,0.5138426423072815,-0.23586736619472504,0.7574690580368042,0.49135279655456543,-0.2563292980194092,0.7773497700691223,0.573752760887146,-0.13973553478717804,0.7885010242462158,0.5488651394844055,-0.19068169593811035,0.794524073600769,0.5230537056922913,-0.21585872769355774,0.797238290309906,0.5026440620422363,-0.23511606454849243,bad
0.7337393760681152,0.6048734188079834,6.70879160225013e-07,0.6848779320716858,0.6141740679740906,-0.05727750062942505,0.6478940844535828,0.6090000867843628,-0.10988129675388336,0.6362953186035156,0.5917567014694214,-0.1503780335187912,0.6377913355827332,0.5516261458396912,-0.19115494191646576,0.6667405366897583,0.5655010938644409,-0.16515162587165833,0.6528041362762451,0.5516918897628784,-0.23147700726985931,0.6552355289459229,0.5150306224822998,-0.26858311891555786,0.663559079170227,0.4817063510417938,-0.2933412790298462,0.7071762084960938,0.559181809425354,-0.16350895166397095,0.7085148096084595,0.541028618812561,-0.2466006875038147,0.7056705951690674,0.49930354952812195,-0.2923709452152252,0.7085017561912537,0.4692665636539459,-0.3256888687610626,0.7443487048149109,0.5597225427627563,-0.15921103954315186,0.7530196309089661,0.5522122383117676,-0.23479509353637695,0.750830888748169,0.5179347991943359,-0.2720792293548584,0.7540793418884277,0.4907970726490021,-0.2956007122993469,0.7760995626449585,0.5697810649871826,-0.15517579019069672,0.7861586809158325,0.5522229075431824,-0.21675997972488403,0.7944539189338684,0.5231075882911682,-0.24910977482795715,0.7997173070907593,0.49708694219589233,-0.2729496359825134,bad
0.7085713744163513,0.5900850892066956,4.82697828374512e-07,0.6678063273429871,0.6040606498718262,-0.058784518390893936,0.637982964515686,0.5956680774688721,-0.10889869928359985,0.6322482824325562,0.5803663730621338,-0.14645595848560333,0.6353732347488403,0.5542548298835754,-0.1834503412246704,0.655214786529541,0.554235577583313,-0.1561940461397171,0.6456560492515564,0.5368714928627014,-0.21636977791786194,0.6544567942619324,0.5155508518218994,-0.24940906465053558,0.6661768555641174,0.5019896030426025,-0.2719336748123169,0.6955640316009521,0.5462772250175476,-0.15325765311717987,0.7025023102760315,0.5236409306526184,-0.23146744072437286,0.7094637751579285,0.4996640086174011,-0.2728774845600128,0.7157880067825317,0.4877502918243408,-0.3021101653575897,0.7314329147338867,0.549357533454895,-0.14852569997310638,0.7481709718704224,0.5431686639785767,-0.21885761618614197,0.7570157051086426,0.5252145528793335,-0.2518576979637146,0.7632349133491516,0.5132118463516235,-0.27227577567100525,0.7627283930778503,0.5633357763290405,-0.1448502391576767,0.7827727198600769,0.546866774559021,-0.20241679251194,0.7982571721076965,0.5341776013374329,-0.23194751143455505,0.8046099543571472,0.5243434906005859,-0.25368115305900574,bad
