0.6182922124862671,0.4826439321041107,1.3228462591996504e-07,0.5661100149154663,0.5036411881446838,0.0033410878386348486,0.5050560235977173,0.4939434230327606,0.005150826182216406,0.4633691906929016,0.498355507850647,0.0011495319195091724,0.42853114008903503,0.5118370056152344,-0.0031267369631677866,0.49156060814857483,0.3657308518886566,0.02847776748239994,0.4434802532196045,0.33026954531669617,0.023636195808649063,0.413432240486145,0.305691123008728,0.014978139661252499,0.388578861951828,0.2805497348308563,0.0073232389986515045,0.5000022649765015,0.34142348170280457,0.01400931179523468,0.4446737468242645,0.3002648949623108,0.009995650500059128,0.40982916951179504,0.2695486545562744,0.0026655271649360657,0.3803647458553314,0.24188438057899475,-0.0031528237741440535,0.5141023397445679,0.3235470950603485,-0.004264571238309145,0.45914098620414734,0.2824178636074066,-0.010864981450140476,0.42442411184310913,0.255071222782135,-0.014848138205707073,0.3948134481906891,0.23130790889263153,-0.017645567655563354,0.5306556224822998,0.3136232793331146,-0.024144021794199944,0.48215237259864807,0.28109291195869446,-0.030564283952116966,0.4519633948802948,0.25935274362564087,-0.03207209333777428,0.425271213054657,0.23918794095516205,-0.033357106149196625,boy
0.6179797649383545,0.4831697940826416,1.2336879251506616e-07,0.565295934677124,0.5041126608848572,0.004498807247728109,0.5046880841255188,0.49442750215530396,0.006801640149205923,0.4632400572299957,0.4991045892238617,0.0030178783927112818,0.4287532866001129,0.513145923614502,-0.001266881707124412,0.49226802587509155,0.3670332431793213,0.029299553483724594,0.44390544295310974,0.3316802382469177,0.02463958039879799,0.4136536419391632,0.30703815817832947,0.01625022478401661,0.38862958550453186,0.28188851475715637,0.008806943893432617,0.500641405582428,0.3424564599990845,0.014202333055436611,0.44480329751968384,0.30126601457595825,0.010089882649481297,0.4095607399940491,0.2708698511123657,0.002717181807383895,0.3798247277736664,0.24340245127677917,-0.003112825332209468,0.5145756006240845,0.3245522975921631,-0.0045999800786376,0.459295392036438,0.28278201818466187,-0.011281711980700493,0.42418763041496277,0.2552257180213928,-0.015424304641783237,0.39446786046028137,0.2314089983701706,-0.018307765945792198,0.5307527184486389,0.3149474263191223,-0.024879291653633118,0.4813951849937439,0.282484233379364,-0.03133998066186905,0.4509761333465576,0.26078861951828003,-0.03288329392671585,0.42419514060020447,0.24097353219985962,-0.034207265824079514,boy
0.6182667016983032,0.4826008975505829,1.126093565062547e-07,0.5647115111351013,0.502509355545044,0.006432995665818453,0.5044841170310974,0.49251309037208557,0.00947456806898117,0.46343666315078735,0.49754616618156433,0.0059612165205180645,0.42895182967185974,0.5112934112548828,0.001841017627157271,0.4924149215221405,0.3648012578487396,0.031880173832178116,0.44440582394599915,0.3309520184993744,0.027515575289726257,0.4136948585510254,0.307374507188797,0.01896064355969429,0.38805657625198364,0.2829519510269165,0.01127746794372797,0.5008801817893982,0.3399188220500946,0.01562640815973282,0.44520577788352966,0.29935601353645325,0.011903436854481697,0.40939581394195557,0.2691369354724884,0.0043398672714829445,0.37923920154571533,0.24210470914840698,-0.0018075862899422646,0.5149060487747192,0.3225102126598358,-0.004257948137819767,0.4597877860069275,0.28110724687576294,-0.010633978061378002,0.4244043231010437,0.25410449504852295,-0.014736907556653023,0.39435258507728577,0.2309805154800415,-0.017744164913892746,0.531058132648468,0.314308762550354,-0.02549574337899685,0.4815414547920227,0.2825820744037628,-0.031861916184425354,0.45068711042404175,0.2619127929210663,-0.033330366015434265,0.4235093891620636,0.2433507740497589,-0.03467667102813721,boy
0.6183589696884155,0.4824157953262329,9.888157137538656e-08,0.5650891661643982,0.5038073658943176,0.005979249253869057,0.5049828886985779,0.49436289072036743,0.00933972466737032,0.46374398469924927,0.4989462196826935,0.006354109384119511,0.4297032654285431,0.5119542479515076,0.002823873655870557,0.4934467673301697,0.36715492606163025,0.03185325488448143,0.4455612003803253,0.33303961157798767,0.02815522998571396,0.4149842858314514,0.30939093232154846,0.020119434222579002,0.38917532563209534,0.2852667272090912,0.012715952470898628,0.5011703968048096,0.34146878123283386,0.0162718053907156,0.44611772894859314,0.30028975009918213,0.012919693253934383,0.41024041175842285,0.27054068446159363,0.005447469186037779,0.3792622983455658,0.24330922961235046,-0.0006910644005984068,0.5142192244529724,0.3234451115131378,-0.002913712291046977,0.4595866799354553,0.28123536705970764,-0.008767463266849518,0.42372772097587585,0.2540927529335022,-0.013242884539067745,0.3929697871208191,0.2310646027326584,-0.01664755307137966,0.5292685627937317,0.31457990407943726,-0.02346508577466011,0.4798372983932495,0.28266534209251404,-0.029317254200577736,0.4492388367652893,0.26208487153053284,-0.030857577919960022,0.4222332537174225,0.24393215775489807,-0.032372310757637024,boy
0.6194015741348267,0.48158445954322815,9.113850296671444e-08,0.5632616877555847,0.5023868680000305,0.016732439398765564,0.5029343962669373,0.49355265498161316,0.025664979591965675,0.4629843235015869,0.4985429346561432,0.025504786521196365,0.428179532289505,0.510334312915802,0.024196434766054153,0.4924483001232147,0.36525285243988037,0.04954927787184715,0.44523385167121887,0.33262690901756287,0.05087864398956299,0.41457846760749817,0.3101652264595032,0.04513280838727951,0.38846704363822937,0.28753554821014404,0.03862612321972847,0.5006976127624512,0.3391183018684387,0.027873018756508827,0.44547146558761597,0.2982580363750458,0.028750695288181305,0.40888991951942444,0.2688470184803009,0.021975146606564522,0.3781610429286957,0.24461041390895844,0.015874400734901428,0.5140178799629211,0.32148271799087524,0.0026499456726014614,0.4590201675891876,0.27998533844947815,-0.001138966646976769,0.4229317307472229,0.2533903419971466,-0.0052244472317397594,0.3917247951030731,0.23190225660800934,-0.008659424260258675,0.5289134979248047,0.3142016530036926,-0.023284129798412323,0.4786548316478729,0.28187569975852966,-0.02874397300183773,0.44735822081565857,0.2610231041908264,-0.030223116278648376,0.4191907048225403,0.24240882694721222,-0.03192039206624031,boy
0.6184157133102417,0.4823305904865265,9.087811037034044e-08,0.5631159543991089,0.5036022067070007,0.012681350111961365,0.5027087926864624,0.49518275260925293,0.019426817074418068,0.46223801374435425,0.5006389021873474,0.018238957971334457,0.4282557964324951,0.513524055480957,0.01615249179303646,0.49124008417129517,0.3675215542316437,0.04194559156894684,0.44322413206100464,0.33447888493537903,0.04145587235689163,0.4130996763706207,0.3120342791080475,0.035222090780735016,0.38761574029922485,0.28904709219932556,0.02878904715180397,0.4992414712905884,0.34110262989997864,0.022824596613645554,0.4438934624195099,0.2997133135795593,0.02240085043013096,0.40780115127563477,0.27095887064933777,0.01606585830450058,0.3774418234825134,0.24642643332481384,0.010491341352462769,0.5124554634094238,0.32326775789260864,0.0001953719329321757,0.45758917927742004,0.28037378191947937,-0.0037661483511328697,0.42181938886642456,0.2543864846229553,-0.007354068104177713,0.3913407623767853,0.23316627740859985,-0.010402372106909752,0.5273571014404297,0.31575921177864075,-0.023394571617245674,0.47719240188598633,0.28332167863845825,-0.028289485722780228,0.4465583562850952,0.26334983110427856,-0.0291909109801054,0.41946691274642944,0.24592319130897522,-0.030416883528232574,boy
0.6171968579292297,0.4835777282714844,9.78897460868211e-08,0.5614657402038574,0.5038813948631287,0.010477663949131966,0.5020371079444885,0.4955541789531708,0.015403239987790585,0.4617369472980499,0.501111626625061,0.012749312445521355,0.427254855632782,0.5126485824584961,0.009241203777492046,0.4913533329963684,0.367223858833313,0.038033969700336456,0.4434359669685364,0.3342460095882416,0.03542167693376541,0.4129405617713928,0.3116820156574249,0.027727805078029633,0.38714227080345154,0.2881145775318146,0.020397916436195374,0.49972185492515564,0.341343492269516,0.019437609240412712,0.4441029131412506,0.3008595108985901,0.017116915434598923,0.4080955684185028,0.27119702100753784,0.009813541546463966,0.3780517578125,0.2455412596464157,0.0036341045051813126,0.5131596326828003,0.3236496150493622,-0.0027527452912181616,0.45766934752464294,0.28259268403053284,-0.008154531940817833,0.4219784140586853,0.2560140788555145,-0.012017949484288692,0.39156076312065125,0.23323802649974823,-0.015137430280447006,0.5285414457321167,0.3157993257045746,-0.026067793369293213,0.478697270154953,0.2846321165561676,-0.03199077025055885,0.4478803277015686,0.2641586661338806,-0.03323410078883171,0.42072394490242004,0.24571046233177185,-0.03461156785488129,boy
0.6165140271186829,0.4834461212158203,9.856089633331067e-08,0.5617931485176086,0.5049535632133484,0.010071754455566406,0.5019263029098511,0.49597272276878357,0.015131933614611626,0.46119189262390137,0.5015310049057007,0.01276586763560772,0.4269169867038727,0.5145843029022217,0.009585490450263023,0.4911504089832306,0.36704957485198975,0.03803547844290733,0.44376057386398315,0.3336169719696045,0.035912152379751205,0.4132646918296814,0.31085166335105896,0.028536848723888397,0.3874143362045288,0.2874581217765808,0.021398767828941345,0.4995066225528717,0.3412368893623352,0.01994817703962326,0.4443546533584595,0.30025970935821533,0.017981119453907013,0.40827304124832153,0.2710534930229187,0.010919081047177315,0.3777143955230713,0.24575839936733246,0.004914444871246815,0.5130314230918884,0.3237123489379883,-0.0017257705330848694,0.4581944942474365,0.28172218799591064,-0.006931748241186142,0.4222868084907532,0.25577864050865173,-0.010798116214573383,0.3916434645652771,0.23405875265598297,-0.013849809765815735,0.5281128883361816,0.3162146210670471,-0.024528082460165024,0.47821566462516785,0.284435510635376,-0.030318278819322586,0.4471968710422516,0.26410242915153503,-0.03155915439128876,0.4198755621910095,0.246069997549057,-0.03288627788424492,boy
0.6166746020317078,0.4844678044319153,9.467605366353382e-08,0.5616099238395691,0.505002498626709,0.012069756165146828,0.5020590424537659,0.4956974983215332,0.017959346994757652,0.4617313742637634,0.5013404488563538,0.015983503311872482,0.42731958627700806,0.5139740705490112,0.013085531070828438,0.49175918102264404,0.3664383888244629,0.040486060082912445,0.44410306215286255,0.3329457640647888,0.038865454494953156,0.4131524860858917,0.31068849563598633,0.031688615679740906,0.3869478702545166,0.2880527377128601,0.02459676004946232,0.5004277229309082,0.34083864092826843,0.02123338170349598,0.44469666481018066,0.2992545962333679,0.01967293582856655,0.4081113338470459,0.2701415419578552,0.012538613751530647,0.37740200757980347,0.24576212465763092,0.006425107829272747,0.5140781998634338,0.32352715730667114,-0.0015209695557132363,0.45881545543670654,0.28084641695022583,-0.006563181057572365,0.42263779044151306,0.25493648648262024,-0.010514858178794384,0.3916948437690735,0.23361937701702118,-0.013697848655283451,0.5292701721191406,0.3161046504974365,-0.02523312345147133,0.47954443097114563,0.28402355313301086,-0.03113410994410515,0.44840794801712036,0.26406028866767883,-0.032448120415210724,0.42084944248199463,0.24645349383354187,-0.033852700144052505,boy
0.6179252862930298,0.4848962128162384,8.71319585371566e-08,0.5626724362373352,0.5057747960090637,0.01259955670684576,0.5027426481246948,0.4962386190891266,0.01917625032365322,0.4623989164829254,0.500901997089386,0.01771262101829052,0.4278462827205658,0.5128082036972046,0.01530473306775093,0.492085337638855,0.36883535981178284,0.041958801448345184,0.44394057989120483,0.33472880721092224,0.040984928607940674,0.4132835865020752,0.3116285502910614,0.034289464354515076,0.3873819410800934,0.2882482409477234,0.027487866580486298,0.5005390048027039,0.34246835112571716,0.022474415600299835,0.4450334310531616,0.3009631037712097,0.021280350163578987,0.4084475040435791,0.2717912197113037,0.014160976745188236,0.3774207532405853,0.2470073699951172,0.008077261969447136,0.5139134526252747,0.32433021068573,-0.0005494571523740888,0.4585804045200348,0.28212377429008484,-0.005461006425321102,0.4222913384437561,0.2560395896434784,-0.009629763662815094,0.39102649688720703,0.23443718254566193,-0.012935811653733253,0.528805136680603,0.3161698877811432,-0.024519456550478935,0.47845616936683655,0.28361690044403076,-0.030429819598793983,0.44717592000961304,0.26344260573387146,-0.031888287514448166,0.4193275570869446,0.24575939774513245,-0.033397797495126724,boy
0.6176444888114929,0.48271289467811584,9.046165416748408e-08,0.5624582767486572,0.5044289231300354,0.01411451492458582,0.502166748046875,0.4954943060874939,0.02179204858839512,0.4618688225746155,0.5008885860443115,0.021130234003067017,0.4273858666419983,0.5133244395256042,0.019491806626319885,0.49095791578292847,0.3676337003707886,0.045168813318014145,0.44350236654281616,0.33432409167289734,0.04555124416947365,0.413017213344574,0.31195247173309326,0.03944486379623413,0.387153297662735,0.2893521189689636,0.03288677707314491,0.49920907616615295,0.3412971496582031,0.02519736997783184,0.444170743227005,0.29991286993026733,0.025334883481264114,0.4078367352485657,0.27106568217277527,0.01855691336095333,0.3771490454673767,0.24700258672237396,0.012514528818428516,0.5124948024749756,0.3232104182243347,0.0016968785785138607,0.45780208706855774,0.2806468904018402,-0.0023019101936370134,0.4218937158584595,0.25472351908683777,-0.006367338355630636,0.39105087518692017,0.23380093276500702,-0.009755538776516914,0.5271708369255066,0.3153549134731293,-0.022654589265584946,0.47691935300827026,0.2829965651035309,-0.027925511822104454,0.4458202123641968,0.26328885555267334,-0.029190711677074432,0.41824835538864136,0.24618586897850037,-0.03070344589650631,boy
0.618631899356842,0.4826793372631073,9.516219989791352e-08,0.5615525841712952,0.50459885597229,0.019441116601228714,0.5017919540405273,0.496290385723114,0.029526948928833008,0.4621897041797638,0.5012975931167603,0.02976107969880104,0.42743876576423645,0.5137637853622437,0.02870618924498558,0.4904375672340393,0.3668452501296997,0.053825922310352325,0.4428030550479889,0.33380186557769775,0.056215617805719376,0.4120727777481079,0.3112681806087494,0.05106272175908089,0.38632774353027344,0.28850099444389343,0.04492799565196037,0.4987965524196625,0.3410065174102783,0.030582522973418236,0.44316762685775757,0.3002013564109802,0.03244388476014137,0.4065718650817871,0.2712251842021942,0.026189882308244705,0.3764990270137787,0.24742917716503143,0.020521869882941246,0.5121890902519226,0.3232758939266205,0.003782391780987382,0.4567050337791443,0.281624972820282,0.00046815842506475747,0.4207178056240082,0.25599953532218933,-0.002834540093317628,0.38991257548332214,0.23490658402442932,-0.0056440094485878944,0.5272281169891357,0.31569305062294006,-0.02359280362725258,0.4767513871192932,0.2830573320388794,-0.028803791850805283,0.4458439350128174,0.26333320140838623,-0.029576271772384644,0.4183202385902405,0.24535295367240906,-0.030669284984469414,boy
0.6177703142166138,0.48315948247909546,1.0078953494030429e-07,0.5627350211143494,0.5053939819335938,0.01389460638165474,0.5016682147979736,0.4965691864490509,0.021793697029352188,0.46122637391090393,0.5019618272781372,0.021328669041395187,0.4268127381801605,0.5146979093551636,0.01999613456428051,0.48864316940307617,0.3664456009864807,0.046516213566064835,0.44168326258659363,0.332725465297699,0.0476040281355381,0.4115268290042877,0.3104455769062042,0.04200131818652153,0.38624823093414307,0.28808271884918213,0.03575807809829712,0.49696463346481323,0.34041720628738403,0.02656833454966545,0.44217440485954285,0.29866698384284973,0.027512777596712112,0.40650567412376404,0.2697030007839203,0.02153986133635044,0.3768327236175537,0.24609944224357605,0.016162512823939323,0.5107100009918213,0.32253220677375793,0.002917667618021369,0.4562169313430786,0.280531644821167,-0.0006413555820472538,0.4211266338825226,0.2551124691963196,-0.003862263634800911,0.3910970985889435,0.2346722036600113,-0.006601497996598482,0.5262549519538879,0.3149769604206085,-0.02170804888010025,0.4763513505458832,0.2837217152118683,-0.026741454377770424,0.4458860158920288,0.264335572719574,-0.027606751769781113,0.4190870523452759,0.2469770461320877,-0.028757259249687195,boy
0.618812084197998,0.48473021388053894,1.1138081390527077e-07,0.5623888969421387,0.5059738755226135,0.011933878064155579,0.5023890733718872,0.4972691535949707,0.01793779991567135,0.46140918135643005,0.5036123991012573,0.015767427161335945,0.4261803925037384,0.5161349773406982,0.012577345594763756,0.49132394790649414,0.36728352308273315,0.04302966222167015,0.4439956247806549,0.33265772461891174,0.04174216091632843,0.4133944809436798,0.30858728289604187,0.03436490520834923,0.3875632584095001,0.2840009927749634,0.026910772547125816,0.5001958608627319,0.34159672260284424,0.023369716480374336,0.44538092613220215,0.29920801520347595,0.022055653855204582,0.4101361930370331,0.26819509267807007,0.01446869969367981,0.38026636838912964,0.2411385327577591,0.007789915427565575,0.5138511061668396,0.32396820187568665,-0.00013328356726560742,0.45931047201156616,0.28259411454200745,-0.005603391211479902,0.4243824779987335,0.2555541396141052,-0.010173801332712173,0.39466723799705505,0.23255956172943115,-0.01386016421020031,0.5286751985549927,0.31640857458114624,-0.02471110038459301,0.479153037071228,0.28645575046539307,-0.030952088534832,0.4486289918422699,0.26682430505752563,-0.032749518752098083,0.42170143127441406,0.24841776490211487,-0.034718457609415054,boy
0.6187295913696289,0.4815725088119507,1.276190033649982e-07,0.5617310404777527,0.5026428699493408,0.017668090760707855,0.5020062923431396,0.4977131187915802,0.02628549374639988,0.46182653307914734,0.5071146488189697,0.02525312267243862,0.42673876881599426,0.5209555625915527,0.02291017770767212,0.49130943417549133,0.36603838205337524,0.05232962220907211,0.44428709149360657,0.3312510550022125,0.054280634969472885,0.41380906105041504,0.30698221921920776,0.04871925711631775,0.3881953954696655,0.2830219864845276,0.04228150099515915,0.4998754560947418,0.3405234217643738,0.029737478122115135,0.4447111189365387,0.2974623441696167,0.031338199973106384,0.408804714679718,0.2667718231678009,0.024938303977251053,0.3790542185306549,0.2413652241230011,0.01907670497894287,0.512809693813324,0.32334765791893005,0.003400717629119754,0.4575105607509613,0.2814982831478119,-0.0003061889437958598,0.4219595491886139,0.2540622651576996,-0.00398385152220726,0.3915140926837921,0.23135262727737427,-0.007065515499562025,0.5267577171325684,0.3168431222438812,-0.023644063621759415,0.4766201972961426,0.28523191809654236,-0.02920057624578476,0.44573044776916504,0.2646061182022095,-0.030441729351878166,0.4179508686065674,0.2455923706293106,-0.031930651515722275,boy
0.6189822554588318,0.4818078577518463,1.32104446493031e-07,0.5618172883987427,0.5023356676101685,0.017125176265835762,0.501944363117218,0.4983988106250763,0.02517637424170971,0.46144041419029236,0.5100956559181213,0.02358965203166008,0.4260677695274353,0.5243476033210754,0.020728692412376404,0.4913267195224762,0.36613884568214417,0.05188581347465515,0.44415512681007385,0.3308156132698059,0.05342654138803482,0.41364702582359314,0.30622047185897827,0.0475686751306057,0.38797062635421753,0.28196999430656433,0.04090866819024086,0.4999137222766876,0.3417791426181793,0.029453342780470848,0.44485214352607727,0.2997891306877136,0.030477451160550117,0.40942251682281494,0.2686583995819092,0.023671524599194527,0.37983667850494385,0.24215702712535858,0.017519937828183174,0.5127532482147217,0.32514849305152893,0.0032200259156525135,0.4575625956058502,0.2844594120979309,-0.0007714377716183662,0.42275407910346985,0.25698962807655334,-0.00446165818721056,0.392722487449646,0.234328493475914,-0.007539048790931702,0.5265318155288696,0.3187423050403595,-0.023784765973687172,0.47615617513656616,0.2884898781776428,-0.029231354594230652,0.44540515542030334,0.2677576541900635,-0.030394358560442924,0.4174578785896301,0.24840325117111206,-0.031881581991910934,boy
0.6184285283088684,0.4831067621707916,1.0890961021914336e-07,0.5625714063644409,0.5036153793334961,0.005765862762928009,0.5020954012870789,0.4937405586242676,0.008055378682911396,0.45986995100975037,0.5020767450332642,0.0033394047059118748,0.42321595549583435,0.5148196220397949,-0.00194642529822886,0.49168407917022705,0.36261487007141113,0.03523983433842659,0.4479687213897705,0.332078754901886,0.031222160905599594,0.4184477925300598,0.3088299334049225,0.02272956259548664,0.39356866478919983,0.28603366017341614,0.014903727918863297,0.5022655129432678,0.3384920358657837,0.018428871408104897,0.45185723900794983,0.2993958592414856,0.014475416392087936,0.41860029101371765,0.2730553150177002,0.0068520051427185535,0.3873940408229828,0.2501916289329529,0.0008627792703919113,0.5166535377502441,0.32413268089294434,-0.002510350663214922,0.4647051990032196,0.2896677553653717,-0.010601085610687733,0.43069928884506226,0.2666885256767273,-0.014046011492609978,0.3994419574737549,0.2472037672996521,-0.01595916412770748,0.5305341482162476,0.32314640283584595,-0.024879302829504013,0.48055821657180786,0.29893431067466736,-0.03262818977236748,0.4499770402908325,0.2827633321285248,-0.03362532705068588,0.42258119583129883,0.26888686418533325,-0.03423570841550827,boy
0.6165225505828857,0.4838278889656067,-1.0288934149116358e-08,0.5618448853492737,0.4984050393104553,0.004029116127640009,0.5031205415725708,0.4721132516860962,0.009885848499834538,0.46127694845199585,0.4656423032283783,0.0098668048158288,0.42466112971305847,0.46433234214782715,0.009817543439567089,0.498902291059494,0.3687084913253784,0.03713889792561531,0.45451757311820984,0.3424995541572571,0.03488687053322792,0.4230858087539673,0.3273528516292572,0.02727532386779785,0.39599037170410156,0.3117232322692871,0.019800303503870964,0.5067011713981628,0.34616732597351074,0.024022981524467468,0.45617368817329407,0.31332656741142273,0.020397046580910683,0.42202824354171753,0.2946361303329468,0.010775870643556118,0.3896854519844055,0.2786771059036255,0.00325955543667078,0.5186127424240112,0.33015966415405273,0.0070133511908352375,0.46678870916366577,0.3002867102622986,-0.0007374004926532507,0.43193626403808594,0.2843337655067444,-0.006588032003492117,0.3996313512325287,0.2715780436992645,-0.010189083404839039,0.5305684804916382,0.3224877715110779,-0.011232317425310612,0.4792832136154175,0.3032439649105072,-0.01841076649725437,0.4479250907897949,0.2944044768810272,-0.020199691876769066,0.41997024416923523,0.2872781455516815,-0.02144649811089039,boy
0.6149881482124329,0.47902199625968933,-2.766949762644799e-07,0.561152994632721,0.4886319041252136,0.008380434475839138,0.5004521012306213,0.4482712149620056,0.021519333124160767,0.4608444571495056,0.4210265874862671,0.02830723486840725,0.4276902377605438,0.4064170718193054,0.03475748002529144,0.5018916726112366,0.3697777986526489,0.04627247899770737,0.4658142924308777,0.3627408742904663,0.048435550183057785,0.4364616572856903,0.3669317066669464,0.04326668009161949,0.4099605977535248,0.3694209158420563,0.036326076835393906,0.5116929411888123,0.34475892782211304,0.0329861082136631,0.46705055236816406,0.3401987850666046,0.02964714542031288,0.43449652194976807,0.34360602498054504,0.01784398779273033,0.39893999695777893,0.35061055421829224,0.008984530344605446,0.5254218578338623,0.32504206895828247,0.016248347237706184,0.4768196642398834,0.3258027136325836,0.005163988098502159,0.4436047673225403,0.33114781975746155,-0.0035005591344088316,0.40699341893196106,0.33885839581489563,-0.008134482428431511,0.5386121273040771,0.31278640031814575,-0.0008512912318110466,0.48387467861175537,0.32414212822914124,-0.013023135252296925,0.4523811936378479,0.3334669768810272,-0.017255477607250214,0.42195725440979004,0.34123796224594116,-0.01921551488339901,boy
0.6082794070243835,0.4819270968437195,-2.3716589225841744e-07,0.557523787021637,0.48425543308258057,0.008573462255299091,0.49944034218788147,0.4433150589466095,0.020790042355656624,0.4628957509994507,0.4175592064857483,0.02684027887880802,0.43041250109672546,0.39909130334854126,0.032807398587465286,0.5039064884185791,0.36244916915893555,0.04564611241221428,0.4703632891178131,0.359834223985672,0.047848016023635864,0.439590185880661,0.36990490555763245,0.042438261210918427,0.41299402713775635,0.37670618295669556,0.03503822162747383,0.513907790184021,0.34004858136177063,0.03238628804683685,0.47131481766700745,0.34233006834983826,0.02912641130387783,0.4396129846572876,0.3504044711589813,0.017255889251828194,0.4056409001350403,0.3585349917411804,0.00830054935067892,0.5281153917312622,0.32137414813041687,0.0157728623598814,0.478700190782547,0.33494678139686584,0.003909381106495857,0.44476574659347534,0.3469886779785156,-0.005836502183228731,0.4089345335960388,0.35864120721817017,-0.011023294180631638,0.5427947640419006,0.30932021141052246,-0.001039036433212459,0.48887068033218384,0.33571091294288635,-0.014398518018424511,0.4572923183441162,0.3534491956233978,-0.020400317385792732,0.427665114402771,0.36712905764579773,-0.023507189005613327,boy
0.6057458519935608,0.4792792499065399,-2.197403006221066e-07,0.5552788972854614,0.48623424768447876,0.009218988008797169,0.5002163648605347,0.447132408618927,0.021551107987761497,0.465087354183197,0.4195038974285126,0.0276481956243515,0.4340018332004547,0.40155795216560364,0.03367306664586067,0.5022857189178467,0.37291911244392395,0.04708786681294441,0.4682091474533081,0.3679177165031433,0.04982680082321167,0.4376619756221771,0.3763795495033264,0.0445757657289505,0.41044020652770996,0.3831012547016144,0.03754669800400734,0.5109412670135498,0.3506077527999878,0.03411715477705002,0.4695594310760498,0.34941720962524414,0.032018791884183884,0.43783631920814514,0.3583493232727051,0.02039884775876999,0.4048270881175995,0.3686184585094452,0.01172858476638794,0.5244731307029724,0.33136671781539917,0.01786813698709011,0.47686266899108887,0.3400171399116516,0.007209574803709984,0.44427967071533203,0.35489004850387573,-0.0029839451890438795,0.41086113452911377,0.36909162998199463,-0.008348188363015652,0.5395001173019409,0.3170391023159027,0.0015324540436267853,0.48725399374961853,0.33788418769836426,-0.010764493606984615,0.45677778124809265,0.3570571541786194,-0.016663717105984688,0.42931878566741943,0.37203189730644226,-0.019556516781449318,boy
0.6098635792732239,0.4658578932285309,-1.8666818846213573e-07,0.5701043009757996,0.4859631359577179,0.00941143836826086,0.5036142468452454,0.45427560806274414,0.023985814303159714,0.4660438001155853,0.42907536029815674,0.03204097971320152,0.4339025616645813,0.42527487874031067,0.04038183018565178,0.4995117485523224,0.3667105436325073,0.043968960642814636,0.467305451631546,0.37016594409942627,0.04743879660964012,0.4365912973880768,0.375602662563324,0.04776976257562637,0.4118293821811676,0.38162973523139954,0.045354656875133514,0.5108627676963806,0.33923473954200745,0.029943404719233513,0.46882784366607666,0.34367862343788147,0.025354839861392975,0.438496470451355,0.35068002343177795,0.021327195689082146,0.402028352022171,0.36289024353027344,0.021816246211528778,0.5268149375915527,0.3197181820869446,0.012490086257457733,0.4812815487384796,0.33512309193611145,-0.003387809032574296,0.44817590713500977,0.3446626663208008,-0.00413086824119091,0.40808629989624023,0.3570953905582428,0.0014753752620890737,0.5418270826339722,0.31590375304222107,-0.005019158590584993,0.4856392741203308,0.33943283557891846,-0.02284274995326996,0.4534246623516083,0.3522733747959137,-0.024986259639263153,0.4229426980018616,0.36375361680984497,-0.021345481276512146,boy
0.6097584962844849,0.4766829013824463,5.8161578664339686e-08,0.5763081312179565,0.504348635673523,0.0005294321454130113,0.5034828782081604,0.47931551933288574,0.007416588719934225,0.4593423306941986,0.471184104681015,0.009900689125061035,0.4259125590324402,0.495060533285141,0.012244545854628086,0.5011723637580872,0.36016368865966797,0.025264568626880646,0.4593963027000427,0.3496166467666626,0.021687442436814308,0.4256063997745514,0.3344576358795166,0.01612779125571251,0.39945995807647705,0.32270628213882446,0.010099923238158226,0.5126525163650513,0.33523109555244446,0.01321545708924532,0.4616866707801819,0.3220279812812805,0.006436320953071117,0.4265437126159668,0.3068711757659912,-0.0006739705568179488,0.38961654901504517,0.29613974690437317,-0.003984043840318918,0.526365339756012,0.32448917627334595,-0.0022545731626451015,0.47680747509002686,0.31732407212257385,-0.01739564538002014,0.44074374437332153,0.3044995069503784,-0.020415527746081352,0.40164807438850403,0.29639390110969543,-0.018064826726913452,0.5359540581703186,0.33179372549057007,-0.018530702218413353,0.47965097427368164,0.32521194219589233,-0.03573840484023094,0.4482083320617676,0.3138524889945984,-0.03903942182660103,0.41845977306365967,0.302386075258255,-0.03773367032408714,boy
0.6082579493522644,0.4937286972999573,1.7699267118587159e-07,0.5654789805412292,0.5177474021911621,0.003756049321964383,0.5012301206588745,0.49916544556617737,0.007212650030851364,0.46046292781829834,0.5049512386322021,0.0053761061280965805,0.4260956346988678,0.5253625512123108,0.003199400380253792,0.49483320116996765,0.368956595659256,0.027527468279004097,0.45146453380584717,0.33782368898391724,0.025010807439684868,0.4219039976596832,0.31107625365257263,0.018744783475995064,0.3983270823955536,0.28494131565093994,0.012521163560450077,0.5041924715042114,0.3471671938896179,0.01308779139071703,0.45378562808036804,0.31219443678855896,0.009906753897666931,0.41931310296058655,0.28068387508392334,0.003237705212086439,0.38895243406295776,0.25251924991607666,-0.0014923317357897758,0.5175995230674744,0.33665651082992554,-0.0046896678395569324,0.4672195017337799,0.30453234910964966,-0.013253639452159405,0.43348658084869385,0.27638116478919983,-0.017998002469539642,0.40391817688941956,0.2505461871623993,-0.019747203215956688,0.5289837718009949,0.3428352177143097,-0.023577043786644936,0.4798334836959839,0.31358805298805237,-0.03280074521899223,0.45041754841804504,0.29051104187965393,-0.03559773415327072,0.42590266466140747,0.2690717279911041,-0.036654602736234665,boy
0.6103231906890869,0.4949372708797455,2.2154884504743677e-07,0.5618534088134766,0.5160733461380005,0.004476629197597504,0.5013718605041504,0.5071002244949341,0.00531432218849659,0.4613620340824127,0.5213201642036438,0.00010110063885804266,0.4278244972229004,0.5456657409667969,-0.005660200957208872,0.4894430339336395,0.3742728531360626,0.027884645387530327,0.4454996883869171,0.3313368260860443,0.024661613628268242,0.4175034165382385,0.3001840114593506,0.017602713778614998,0.3950125575065613,0.2716273069381714,0.010933104902505875,0.49897557497024536,0.354265034198761,0.012285989709198475,0.4475736916065216,0.3092530369758606,0.009126388467848301,0.4157833158969879,0.27361950278282166,0.002672822680324316,0.38855525851249695,0.24150069057941437,-0.002363495295867324,0.5131163001060486,0.3426811695098877,-0.006832561921328306,0.4627671539783478,0.2998611330986023,-0.01353626698255539,0.4328593313694,0.268003910779953,-0.016835598275065422,0.40814152359962463,0.239207923412323,-0.018585866317152977,0.5267708897590637,0.3424697518348694,-0.027345560491085052,0.4804689884185791,0.30706748366355896,-0.03345702961087227,0.453266441822052,0.2807980179786682,-0.034343842417001724,0.4306281805038452,0.2562865912914276,-0.034907251596450806,boy
0.6158053874969482,0.4961335062980652,1.7708833865981433e-07,0.5626897811889648,0.513701856136322,0.02111172489821911,0.5015678405761719,0.5051034092903137,0.028138771653175354,0.46153295040130615,0.518866240978241,0.024725589901208878,0.4280528128147125,0.5459837913513184,0.01937110908329487,0.49120795726776123,0.37153738737106323,0.04781631752848625,0.44634050130844116,0.33057913184165955,0.04845812916755676,0.41879674792289734,0.29988351464271545,0.04335848614573479,0.3970663845539093,0.2702751159667969,0.037226419895887375,0.5003800988197327,0.3526488244533539,0.022093649953603745,0.44647878408432007,0.30702248215675354,0.022303901612758636,0.41472020745277405,0.2692730724811554,0.017101123929023743,0.3897903561592102,0.23709791898727417,0.012247086502611637,0.513436496257782,0.3427930772304535,-0.006852731574326754,0.4589427411556244,0.29941526055336,-0.011767231859266758,0.42630869150161743,0.2652328312397003,-0.014515905641019344,0.3994693458080292,0.23405426740646362,-0.017064208164811134,0.526140034198761,0.3433286249637604,-0.036087993532419205,0.4792990982532501,0.3062809407711029,-0.04207732900977135,0.4512181878089905,0.27732768654823303,-0.043190162628889084,0.42647334933280945,0.24886389076709747,-0.04495830088853836,boy
0.6175852417945862,0.496598482131958,1.963344828936897e-07,0.5630552172660828,0.5136730074882507,0.014441546984016895,0.5032814741134644,0.5049331784248352,0.01763775199651718,0.463215172290802,0.5186900496482849,0.01211130153387785,0.4299474358558655,0.5452678203582764,0.005199415143579245,0.4918917715549469,0.37294015288352966,0.037175245583057404,0.44548919796943665,0.328596293926239,0.03418362885713577,0.41817155480384827,0.2972066402435303,0.027285436168313026,0.3966115415096283,0.2669004797935486,0.020601188763976097,0.5013635754585266,0.35549235343933105,0.015308655798435211,0.4467208683490753,0.30703485012054443,0.012497602961957455,0.4156433045864105,0.2684229016304016,0.006791220512241125,0.3913819193840027,0.23450608551502228,0.0019337388221174479,0.5148615837097168,0.3460741639137268,-0.009883500635623932,0.46066898107528687,0.30091604590415955,-0.016171809285879135,0.42974352836608887,0.26588737964630127,-0.018905777484178543,0.40514788031578064,0.2334868609905243,-0.021124670282006264,0.5284684300422668,0.34569835662841797,-0.03581886366009712,0.48261430859565735,0.30791935324668884,-0.041633956134319305,0.45481911301612854,0.27989083528518677,-0.04231562465429306,0.43095582723617554,0.2529850900173187,-0.04360943287611008,boy
0.6160756945610046,0.49578699469566345,2.205347158223958e-07,0.562742292881012,0.5134248733520508,0.007122335024178028,0.5034934282302856,0.504520833492279,0.007548235822468996,0.46310970187187195,0.5186276435852051,0.001165099092759192,0.42999503016471863,0.5437304377555847,-0.006062743719667196,0.4908868074417114,0.37517666816711426,0.02794209122657776,0.4445377588272095,0.32958075404167175,0.022049499675631523,0.4172322452068329,0.29713067412376404,0.013166804797947407,0.3956547677516937,0.26509156823158264,0.005517147947102785,0.49934282898902893,0.35758307576179504,0.010743344202637672,0.44489961862564087,0.30811160802841187,0.0053216926753520966,0.4140922427177429,0.2686398923397064,-0.001835176721215248,0.3898409903049469,0.23265749216079712,-0.007428835611790419,0.512489914894104,0.34679150581359863,-0.009905985556542873,0.4583249092102051,0.3005249798297882,-0.01742587238550186,0.4279433786869049,0.2650509476661682,-0.02112707309424877,0.40393778681755066,0.23188593983650208,-0.02370006963610649,0.5266286134719849,0.34356769919395447,-0.03174910694360733,0.48101890087127686,0.3055773675441742,-0.0373358316719532,0.4538179934024811,0.27723991870880127,-0.037986282259225845,0.4308977425098419,0.2502530515193939,-0.03912665694952011,boy
0.6156221032142639,0.49624326825141907,2.2208074312857207e-07,0.5627743005752563,0.5144885182380676,0.00740831159055233,0.5037090182304382,0.5054530501365662,0.008422896265983582,0.46331387758255005,0.5190711617469788,0.0024581237230449915,0.43040019273757935,0.5441523194313049,-0.004274333827197552,0.4905281066894531,0.37757426500320435,0.029963675886392593,0.4443732798099518,0.33159545063972473,0.025118844583630562,0.4168892800807953,0.2992076575756073,0.017255691811442375,0.3955819606781006,0.26798516511917114,0.010488235391676426,0.49901196360588074,0.3593851327896118,0.012879699468612671,0.44501248002052307,0.3085711598396301,0.00897760409861803,0.41438794136047363,0.26902350783348083,0.003235513810068369,0.39035364985466003,0.23323515057563782,-0.0012322543188929558,0.5125579833984375,0.3470156788825989,-0.007809848990291357,0.4589480757713318,0.3005213439464569,-0.014059263281524181,0.4286690354347229,0.26480016112327576,-0.016688143834471703,0.40531763434410095,0.2320406138896942,-0.018495630472898483,0.5270233154296875,0.34207969903945923,-0.02979968674480915,0.4809240698814392,0.30565473437309265,-0.03463731333613396,0.45356670022010803,0.2787306010723114,-0.03462900593876839,0.4311490058898926,0.25322186946868896,-0.035145487636327744,boy
0.6158105731010437,0.495400607585907,2.1987177944993164e-07,0.5622440576553345,0.513064444065094,0.008868320845067501,0.5034013390541077,0.5041764974594116,0.010451287031173706,0.4630711078643799,0.5181518793106079,0.004578402265906334,0.4297541081905365,0.5445696115493774,-0.002117456402629614,0.49069252610206604,0.37568292021751404,0.03306253254413605,0.44450700283050537,0.3308984041213989,0.028664689511060715,0.416966050863266,0.29856255650520325,0.02064722776412964,0.39540013670921326,0.26683640480041504,0.013587087392807007,0.49911069869995117,0.35730183124542236,0.014924915507435799,0.44521671533584595,0.3083476126194,0.01119835115969181,0.4142347276210785,0.26922178268432617,0.0049892570823431015,0.38996315002441406,0.233623668551445,5.989716009935364e-05,0.5122683644294739,0.34483039379119873,-0.006865655072033405,0.45850488543510437,0.298644483089447,-0.0132687296718359,0.42776578664779663,0.2633410394191742,-0.016117703169584274,0.4037926495075226,0.23075932264328003,-0.01808863878250122,0.5262724161148071,0.33981436491012573,-0.029889868572354317,0.48020419478416443,0.30277299880981445,-0.034999147057533264,0.4522978663444519,0.2757696807384491,-0.035180673003196716,0.42898228764533997,0.2502271234989166,-0.03586975485086441,boy
0.617711067199707,0.494295209646225,1.8400469059542957e-07,0.561222493648529,0.5103093981742859,0.019365275278687477,0.5030094981193542,0.5008553266525269,0.026099542155861855,0.4633663296699524,0.5124890208244324,0.02261638455092907,0.4297184348106384,0.5382574796676636,0.017522357404232025,0.4929047226905823,0.37433671951293945,0.04944829270243645,0.4468235671520233,0.3332999050617218,0.04930224269628525,0.41825684905052185,0.30284956097602844,0.043435171246528625,0.395640105009079,0.27300912141799927,0.03723158687353134,0.5009396076202393,0.354613333940506,0.02525530755519867,0.44645634293556213,0.3076327443122864,0.02490841969847679,0.4144679605960846,0.2696346938610077,0.019490433856844902,0.38920238614082336,0.23653878271579742,0.01482846587896347,0.5130597949028015,0.34206491708755493,-0.002493009204044938,0.45791497826576233,0.2976126968860626,-0.00737749831750989,0.42566996812820435,0.2628132402896881,-0.009652634151279926,0.3995625674724579,0.23171579837799072,-0.011488617397844791,0.5257359147071838,0.3376201391220093,-0.030796397477388382,0.47803008556365967,0.3022646903991699,-0.03569129854440689,0.44983595609664917,0.2753884196281433,-0.035468559712171555,0.42544320225715637,0.2494879812002182,-0.03606436029076576,boy
0.6161484122276306,0.4923272132873535,5.176652706495588e-08,0.5633764266967773,0.5078246593475342,0.0072977859526872635,0.5003472566604614,0.4858664572238922,0.01343690138310194,0.4571458697319031,0.4869155287742615,0.012716790661215782,0.42131927609443665,0.5012680292129517,0.01144392415881157,0.49312660098075867,0.36747175455093384,0.039488669484853745,0.4505062699317932,0.335418701171875,0.03867359831929207,0.42091572284698486,0.3142790198326111,0.03233223780989647,0.39524006843566895,0.29464301466941833,0.025502748787403107,0.5013677477836609,0.3453167974948883,0.02362758480012417,0.4526217579841614,0.3062678575515747,0.02157156728208065,0.41934144496917725,0.2819598913192749,0.01423641201108694,0.3876042366027832,0.2627081274986267,0.008310864679515362,0.513958752155304,0.3317442536354065,0.0039331139996647835,0.4631951153278351,0.2951646149158478,-0.0027724590618163347,0.4300430417060852,0.27247121930122375,-0.006695953197777271,0.39898478984832764,0.254980206489563,-0.009062820114195347,0.526019811630249,0.3295827805995941,-0.016955547034740448,0.47647202014923096,0.30156779289245605,-0.02321254275739193,0.44722142815589905,0.2830757200717926,-0.024075714871287346,0.4207947850227356,0.2676362693309784,-0.024903612211346626,boy
0.6192197203636169,0.4844999313354492,-2.530273661704996e-07,0.5622826218605042,0.49223825335502625,0.01097963098436594,0.5029517412185669,0.45474421977996826,0.02226427011191845,0.4628584384918213,0.43496501445770264,0.026325924322009087,0.4286280572414398,0.42676210403442383,0.0301266610622406,0.5038832426071167,0.36682379245758057,0.04677049070596695,0.46359071135520935,0.3568316698074341,0.04741992428898811,0.43166351318359375,0.3593486249446869,0.040904510766267776,0.4045301377773285,0.36194705963134766,0.03324078395962715,0.5129439830780029,0.3453178107738495,0.0312311090528965,0.4653891324996948,0.33457276225090027,0.025616057217121124,0.4310283958911896,0.3409121632575989,0.012332253158092499,0.396534264087677,0.35149481892585754,0.0029931652825325727,0.5250499248504639,0.3293643593788147,0.012631009332835674,0.4733116626739502,0.3243480622768402,0.0006367980386130512,0.4385963976383209,0.3315694332122803,-0.00846585351973772,0.4031235873699188,0.3405657112598419,-0.013123220764100552,0.5365505218505859,0.32264280319213867,-0.006070553325116634,0.4824675917625427,0.32738032937049866,-0.017731446772813797,0.4502323865890503,0.3360236883163452,-0.021483995020389557,0.420117050409317,0.3433570861816406,-0.023206643760204315,boy
0.6131788492202759,0.48319026827812195,-2.950872897145018e-07,0.5556167960166931,0.48554158210754395,0.012382348999381065,0.5018251538276672,0.4478541612625122,0.02529788762331009,0.46518075466156006,0.42239102721214294,0.03082628734409809,0.43270811438560486,0.4102308452129364,0.03599283844232559,0.5049948692321777,0.3678379952907562,0.053962789475917816,0.47076770663261414,0.36580201983451843,0.056633494794368744,0.4414277672767639,0.3793447017669678,0.04965505003929138,0.41517648100852966,0.3912481665611267,0.04131185635924339,0.5136727690696716,0.3455697000026703,0.039241861552000046,0.4713747799396515,0.34949445724487305,0.03775496408343315,0.4412097632884979,0.36312979459762573,0.024210480973124504,0.408827006816864,0.3776085674762726,0.013442046009004116,0.5265326499938965,0.3266136944293976,0.021180639043450356,0.4784080386161804,0.3388863205909729,0.012185689061880112,0.4469277858734131,0.35601696372032166,0.001849023043178022,0.4144900441169739,0.37468889355659485,-0.00468347268179059,0.5401323437690735,0.3135378956794739,0.0029959403909742832,0.48805543780326843,0.33712491393089294,-0.00762661499902606,0.457379013299942,0.35664570331573486,-0.012839418835937977,0.42901188135147095,0.3734413683414459,-0.01600366272032261,boy
0.6090070605278015,0.4817753732204437,-2.625885997531441e-07,0.5552189946174622,0.4860757291316986,0.013328938744962215,0.5030773282051086,0.45188868045806885,0.02650657296180725,0.4689362347126007,0.4297078251838684,0.032243482768535614,0.4382481873035431,0.4181514084339142,0.037595245987176895,0.5081765055656433,0.3773629069328308,0.05379108339548111,0.4740714728832245,0.3748934864997864,0.056571878492832184,0.4452078938484192,0.38951629400253296,0.050070635974407196,0.4192228317260742,0.4034433662891388,0.0425851084291935,0.5151940584182739,0.3570917248725891,0.03909546136856079,0.47428932785987854,0.35977035760879517,0.03737354278564453,0.44401511549949646,0.37495672702789307,0.024104302749037743,0.4129802882671356,0.39181920886039734,0.014331637881696224,0.5264104008674622,0.33808818459510803,0.02127741649746895,0.4785873591899872,0.3486100435256958,0.012061754241585732,0.44716617465019226,0.36784741282463074,0.0014542974531650543,0.4158708453178406,0.3869202136993408,-0.004370458889752626,0.5388590693473816,0.32282885909080505,0.0036199886817485094,0.48680737614631653,0.3446251451969147,-0.006466967053711414,0.4569074511528015,0.3658696413040161,-0.011233881115913391,0.43023481965065,0.3830775320529938,-0.013595241121947765,boy
0.607649028301239,0.47605207562446594,-1.9770749304370838e-07,0.5652565360069275,0.4890177249908447,0.008076462894678116,0.5052420496940613,0.4571610987186432,0.020181026309728622,0.4700063467025757,0.43560945987701416,0.026248665526509285,0.43857914209365845,0.42729029059410095,0.0324447900056839,0.5058472156524658,0.3715526759624481,0.043526146560907364,0.47234636545181274,0.37265026569366455,0.04633151367306709,0.44225138425827026,0.38288649916648865,0.04300462454557419,0.41688358783721924,0.39352014660835266,0.03817123547196388,0.5150138139724731,0.34732574224472046,0.0310595091432333,0.4743291139602661,0.35081782937049866,0.029239384457468987,0.4444411098957062,0.3610975444316864,0.021525107324123383,0.41257792711257935,0.37760400772094727,0.017493601888418198,0.5280473828315735,0.32845842838287354,0.01529758796095848,0.4825732409954071,0.34087157249450684,0.004127449356019497,0.45023325085639954,0.3533164858818054,-0.0008591823279857635,0.41561421751976013,0.36991140246391296,-0.000614524760749191,0.5396720767021179,0.3200919032096863,-0.0007227489841170609,0.48709890246391296,0.34144556522369385,-0.014593380503356457,0.45649680495262146,0.3554517924785614,-0.018249453976750374,0.4279552400112152,0.3682362735271454,-0.017485294491052628,boy
0.6108465790748596,0.46473217010498047,-2.91449477884953e-08,0.5780178308486938,0.49507278203964233,0.0030849638860672712,0.505567193031311,0.4707428216934204,0.013327487744390965,0.46358373761177063,0.46253377199172974,0.018995143473148346,0.4304911494255066,0.4830590486526489,0.02522410824894905,0.5019946694374084,0.3568834662437439,0.030954228714108467,0.46467581391334534,0.35187846422195435,0.030202990397810936,0.43177691102027893,0.34411123394966125,0.027895351871848106,0.40614837408065796,0.3398195207118988,0.02430461347103119,0.5141772031784058,0.32992810010910034,0.019075438380241394,0.46673157811164856,0.3234911859035492,0.011418201960623264,0.4327004551887512,0.3160717189311981,0.006140267942100763,0.3957047462463379,0.31579452753067017,0.006005453411489725,0.5287809371948242,0.3171050548553467,0.003937196917831898,0.48093530535697937,0.31732141971588135,-0.012348009273409843,0.4453117549419403,0.3123381733894348,-0.01267529372125864,0.40446069836616516,0.3116464912891388,-0.006485448218882084,0.5396775603294373,0.3225368857383728,-0.011699952185153961,0.4823134243488312,0.3213624358177185,-0.028971925377845764,0.44994282722473145,0.31606799364089966,-0.030344195663928986,0.4194939434528351,0.3097062110900879,-0.026053395122289658,boy
0.6086085438728333,0.49070677161216736,1.505364082277083e-07,0.5633241534233093,0.5102738738059998,0.018072158098220825,0.5022417902946472,0.4903090298175812,0.026855582371354103,0.46330899000167847,0.49510201811790466,0.026521440595388412,0.42807847261428833,0.5115353465080261,0.02477865293622017,0.49545997381210327,0.36841604113578796,0.04536604508757591,0.4542485475540161,0.33899596333503723,0.04746110364794731,0.42354631423950195,0.3164900541305542,0.04468095675110817,0.39863234758377075,0.29693230986595154,0.04026829078793526,0.5041989088058472,0.3448227643966675,0.02212151326239109,0.4540373682975769,0.30730029940605164,0.02181926928460598,0.41853421926498413,0.2770054042339325,0.01710788905620575,0.3879466652870178,0.2554165720939636,0.013966044411063194,0.517093300819397,0.3340001702308655,-0.0039971014484763145,0.46668142080307007,0.29816707968711853,-0.010910851880908012,0.43171289563179016,0.27173179388046265,-0.013620874844491482,0.3994983434677124,0.2506648004055023,-0.014245809055864811,0.529232919216156,0.34048017859458923,-0.030244484543800354,0.48085156083106995,0.3099256753921509,-0.03940434381365776,0.4511585235595703,0.2877662479877472,-0.04148101806640625,0.4251376986503601,0.2676048278808594,-0.04202571138739586,boy
0.6124804615974426,0.4938156306743622,1.9091162073436863e-07,0.5644314885139465,0.5149024724960327,0.006937110796570778,0.502147912979126,0.5027066469192505,0.010124978609383106,0.4610024690628052,0.5141371488571167,0.006867709569633007,0.42690643668174744,0.5359376072883606,0.0031325831077992916,0.4926161766052246,0.3717156648635864,0.032411880791187286,0.45022496581077576,0.3300221264362335,0.031093010678887367,0.42215028405189514,0.3002675771713257,0.0255263764411211,0.3997938632965088,0.2731211185455322,0.019820686429739,0.5011668801307678,0.35166865587234497,0.016227539628744125,0.4504171907901764,0.30661946535110474,0.014495043084025383,0.41836634278297424,0.27128469944000244,0.009645245969295502,0.39122486114501953,0.23974962532520294,0.005936655681580305,0.5144879221916199,0.34008610248565674,-0.0035079324152320623,0.46468645334243774,0.29564231634140015,-0.009558738209307194,0.43464571237564087,0.2631053030490875,-0.011887464672327042,0.40926244854927063,0.2346416860818863,-0.012748034670948982,0.5275965929031372,0.3398396670818329,-0.024451641365885735,0.48200803995132446,0.30158501863479614,-0.030315715819597244,0.4552815854549408,0.27474674582481384,-0.030842391774058342,0.4324130713939667,0.25054603815078735,-0.031008198857307434,boy
0.6142980456352234,0.49886462092399597,2.1264290239741968e-07,0.5639525055885315,0.51591956615448,0.011679609306156635,0.5021176338195801,0.5040502548217773,0.01593499816954136,0.46163225173950195,0.5161057710647583,0.012295279651880264,0.42757976055145264,0.5381129384040833,0.007806210778653622,0.490972638130188,0.3734935224056244,0.03740479052066803,0.44802287220954895,0.3295753300189972,0.03566105663776398,0.4204375147819519,0.2967356741428375,0.030310245230793953,0.39978182315826416,0.26552852988243103,0.02492905780673027,0.49964427947998047,0.35576125979423523,0.01784760318696499,0.4478716254234314,0.306897908449173,0.015603330917656422,0.41734516620635986,0.2674562335014343,0.011523500084877014,0.3930214047431946,0.2319946587085724,0.008911877870559692,0.5133346319198608,0.3452368676662445,-0.0052971867844462395,0.46093371510505676,0.298708438873291,-0.011810163967311382,0.4298231899738312,0.2617785632610321,-0.012973492965102196,0.40363967418670654,0.2278132140636444,-0.012877101078629494,0.5279123783111572,0.3446975648403168,-0.029392793774604797,0.48192036151885986,0.30540958046913147,-0.035438209772109985,0.45493727922439575,0.27517592906951904,-0.03517432138323784,0.431865394115448,0.24604666233062744,-0.034718334674835205,boy
0.6172364950180054,0.4993043839931488,2.0075977147371304e-07,0.5647554397583008,0.5158814191818237,0.012631184421479702,0.5040715336799622,0.5037469267845154,0.01685582846403122,0.4634645879268646,0.5138503909111023,0.012716163881123066,0.42916417121887207,0.5387303829193115,0.007675094995647669,0.49285656213760376,0.3740963935852051,0.040047381073236465,0.44965681433677673,0.3308779001235962,0.038742564618587494,0.4218519628047943,0.29828375577926636,0.033725984394550323,0.4013144373893738,0.2674993872642517,0.02864643931388855,0.5012326240539551,0.3567196726799011,0.01994982548058033,0.4493740499019623,0.3069069981575012,0.018613139167428017,0.4191673994064331,0.2680542469024658,0.01538397278636694,0.3950398564338684,0.23291398584842682,0.01329905353486538,0.5143717527389526,0.34606683254241943,-0.0039139920845627785,0.462127685546875,0.29877373576164246,-0.009943407028913498,0.43146711587905884,0.262711763381958,-0.01054274383932352,0.40629154443740845,0.23011766374111176,-0.010157030075788498,0.5282767415046692,0.34441375732421875,-0.028768062591552734,0.4829409122467041,0.3056272864341736,-0.034682516008615494,0.45570915937423706,0.2771718502044678,-0.03425324708223343,0.43244993686676025,0.25030311942100525,-0.0337548591196537,boy
0.617246150970459,0.4998742341995239,2.1787823811791895e-07,0.56456059217453,0.5165607929229736,0.009075220674276352,0.5052495002746582,0.5051637887954712,0.010980218648910522,0.4643068015575409,0.5155045986175537,0.005462541710585356,0.4303874671459198,0.5394748449325562,-0.0008623286266811192,0.49428388476371765,0.3774106800556183,0.03333485499024391,0.44869694113731384,0.3320436477661133,0.02950107492506504,0.42074474692344666,0.2992520034313202,0.02217123471200466,0.3992142379283905,0.2679134011268616,0.015597778372466564,0.5021137595176697,0.3599628806114197,0.015209349803626537,0.44867804646492004,0.3087816536426544,0.012039393186569214,0.417768269777298,0.26889222860336304,0.0065425969660282135,0.3935237526893616,0.23321816325187683,0.0022157463245093822,0.514500617980957,0.34930533170700073,-0.006529802456498146,0.4607647955417633,0.2993570864200592,-0.0124827791005373,0.42986586689949036,0.2629684507846832,-0.014796565286815166,0.4053800702095032,0.23021161556243896,-0.01642392948269844,0.5276962518692017,0.3464626371860504,-0.02946830354630947,0.4824039041996002,0.30599549412727356,-0.03420710563659668,0.45555081963539124,0.2760041654109955,-0.03408396616578102,0.4329167902469635,0.24761252105236053,-0.0345580019056797,boy
0.617947518825531,0.5006113052368164,2.0451643933938612e-07,0.5638829469680786,0.5174914002418518,0.013072069734334946,0.5047221779823303,0.5057303309440613,0.016482286155223846,0.4643761217594147,0.5155472755432129,0.01140463538467884,0.43014511466026306,0.5387670397758484,0.00516513641923666,0.49441051483154297,0.3769686222076416,0.03807123377919197,0.44962504506111145,0.3325963616371155,0.035329487174749374,0.42131248116493225,0.30110135674476624,0.02876267395913601,0.39917176961898804,0.2710912227630615,0.022583600133657455,0.502521276473999,0.3593581020832062,0.017486289143562317,0.4491715729236603,0.30744656920433044,0.015619347803294659,0.41759559512138367,0.2683936357498169,0.011156026273965836,0.39245039224624634,0.23412589728832245,0.007479645311832428,0.5154123902320862,0.3493640720844269,-0.006664680317044258,0.46167048811912537,0.3000256419181824,-0.012061561457812786,0.4302041232585907,0.2648624777793884,-0.013684259727597237,0.40492984652519226,0.23382888734340668,-0.014890536665916443,0.5290413498878479,0.3481866121292114,-0.03177950903773308,0.48343518376350403,0.30818289518356323,-0.03684500604867935,0.4559771418571472,0.27950361371040344,-0.036699604243040085,0.4325822591781616,0.2528839409351349,-0.037107277661561966,boy
0.6189326643943787,0.5000889301300049,1.9361114311777783e-07,0.5649890899658203,0.5176773071289062,0.013404318131506443,0.5052676200866699,0.5062271952629089,0.017318962141871452,0.4646287262439728,0.5153635740280151,0.012626913376152515,0.4302700459957123,0.5381661653518677,0.006722401361912489,0.4945491552352905,0.3775741457939148,0.03955104947090149,0.4496597647666931,0.3347053825855255,0.03690295293927193,0.42164093255996704,0.30272263288497925,0.029882078990340233,0.39959949254989624,0.27162349224090576,0.02316252328455448,0.5026623010635376,0.3590688109397888,0.01871545799076557,0.44942912459373474,0.30993837118148804,0.01657428964972496,0.4182980954647064,0.2705763578414917,0.011223014444112778,0.3930888772010803,0.23510116338729858,0.006798220332711935,0.5152581930160522,0.348588764667511,-0.005724221467971802,0.4616200923919678,0.3028753101825714,-0.01154116541147232,0.4307137131690979,0.2673394978046417,-0.01365353912115097,0.4057174324989319,0.2350298911333084,-0.015203249640762806,0.5283156633377075,0.34727367758750916,-0.031113792210817337,0.4821005165576935,0.3104967176914215,-0.03625781089067459,0.455055296421051,0.282522976398468,-0.03615235909819603,0.43201953172683716,0.2555096447467804,-0.03670523688197136,boy
0.6188756227493286,0.5001465678215027,1.9707330523033306e-07,0.5640915632247925,0.5172068476676941,0.015308694913983345,0.5049107670783997,0.5059990882873535,0.020307892933487892,0.4646255373954773,0.5156257152557373,0.016295846551656723,0.4301668107509613,0.5374773144721985,0.010996448807418346,0.4941345155239105,0.3791036903858185,0.042474497109651566,0.4490993618965149,0.3351963460445404,0.040773067623376846,0.42137178778648376,0.3029029965400696,0.03403027728199959,0.3994015157222748,0.27143585681915283,0.027350381016731262,0.5020987391471863,0.3609604835510254,0.020819371566176414,0.44888395071029663,0.3127184510231018,0.01903466321527958,0.4178165793418884,0.27278241515159607,0.013110999017953873,0.3930453658103943,0.23713792860507965,0.008095174096524715,0.5143129825592041,0.349825382232666,-0.004352017305791378,0.4608596861362457,0.3044140934944153,-0.009948378428816795,0.4299427568912506,0.2680646479129791,-0.012784739024937153,0.4049498438835144,0.23540957272052765,-0.01503262110054493,0.5268650054931641,0.3468197286128998,-0.03028675727546215,0.4806766211986542,0.31074362993240356,-0.03524380177259445,0.45381832122802734,0.28256481885910034,-0.03540704771876335,0.4306770861148834,0.25516948103904724,-0.03636773303151131,boy
0.6188072562217712,0.5010662078857422,1.9392038552723534e-07,0.5636723041534424,0.5194091796875,0.01449428778141737,0.5041374564170837,0.5067819952964783,0.019514501094818115,0.46394532918930054,0.5156935453414917,0.015797052532434464,0.429458349943161,0.536106526851654,0.010820851661264896,0.4938082993030548,0.38077211380004883,0.04113165661692619,0.448752760887146,0.33655741810798645,0.03937218710780144,0.42117586731910706,0.3045291006565094,0.03278006613254547,0.3992021679878235,0.27363231778144836,0.026274416595697403,0.5022414922714233,0.36148351430892944,0.020012473687529564,0.44923076033592224,0.3122390806674957,0.018406203016638756,0.41816699504852295,0.27270039916038513,0.012589831836521626,0.39330586791038513,0.23768587410449982,0.00763382762670517,0.5152459740638733,0.3499951958656311,-0.00459205312654376,0.46200481057167053,0.30411297082901,-0.010119433514773846,0.4311923682689667,0.2677731513977051,-0.013271489180624485,0.4064323306083679,0.23511959612369537,-0.015774613246321678,0.5284699201583862,0.34754443168640137,-0.02995205856859684,0.48186662793159485,0.312370628118515,-0.03493963181972504,0.454993337392807,0.2859600782394409,-0.03526151552796364,0.4324614703655243,0.2605929672718048,-0.03633502498269081,boy
