0.6680418252944946,0.6025339961051941,-4.712701127118635e-07,0.60476154088974,0.5591268539428711,0.025707555934786797,0.567245364189148,0.4859733581542969,0.032269593328237534,0.5451313853263855,0.42174145579338074,0.025409948080778122,0.5520628690719604,0.3899584710597992,0.017779095098376274,0.620060920715332,0.34073570370674133,0.05842838063836098,0.6013821363449097,0.26187682151794434,0.050923943519592285,0.568480372428894,0.22345298528671265,0.044330697506666183,0.5430851578712463,0.20006997883319855,0.037733856588602066,0.6382350325584412,0.3303259313106537,0.030894899740815163,0.5794609189033508,0.2818562090396881,0.00710193021222949,0.5662505626678467,0.3668939769268036,0.0018767215078696609,0.581486165523529,0.4176425039768219,0.007300236728042364,0.654646635055542,0.3311614990234375,0.00013529870193451643,0.5894370675086975,0.31235042214393616,-0.02457473985850811,0.5894479155540466,0.39848804473876953,-0.017224149778485298,0.6145385503768921,0.43318846821784973,-0.0044338335283100605,0.6685305833816528,0.3445812463760376,-0.030152736231684685,0.6071828007698059,0.34831127524375916,-0.04538845643401146,0.6068806648254395,0.4117726981639862,-0.03987898305058479,0.6315950751304626,0.4367498755455017,-0.031690098345279694,come
0.6725673675537109,0.6056841611862183,-4.5951233573759964e-07,0.6081498861312866,0.5611578822135925,0.02570989914238453,0.5710585117340088,0.48974984884262085,0.03264469653367996,0.5491815805435181,0.4243353307247162,0.025873938575387,0.5574922561645508,0.3895467221736908,0.01827589049935341,0.6243289113044739,0.350075900554657,0.061274345964193344,0.6059342622756958,0.26917678117752075,0.05388512462377548,0.5728808641433716,0.22917360067367554,0.0463738851249218,0.5472504496574402,0.2042102962732315,0.03906254842877388,0.6415039300918579,0.3402445316314697,0.033611003309488297,0.5858861207962036,0.28309786319732666,0.008115630596876144,0.5692930817604065,0.3628265857696533,-8.28350821393542e-05,0.5807650089263916,0.4175158143043518,0.0038476758636534214,0.6575230956077576,0.33972492814064026,0.0027314196340739727,0.5943014025688171,0.31052330136299133,-0.024007288739085197,0.5923396348953247,0.3944883942604065,-0.01968412473797798,0.616023600101471,0.435350239276886,-0.008001649752259254,0.6720227003097534,0.3498399257659912,-0.027529820799827576,0.6114882230758667,0.3499855697154999,-0.04492025449872017,0.6099765300750732,0.4122649133205414,-0.04154351353645325,0.6340680718421936,0.4413520097732544,-0.03425635024905205,come
0.6726770997047424,0.6134911775588989,-4.701446414401289e-07,0.6113272905349731,0.565058708190918,0.0275961235165596,0.576461911201477,0.4913671612739563,0.034859076142311096,0.555659830570221,0.42721807956695557,0.027849821373820305,0.5638018846511841,0.3955910801887512,0.019632330164313316,0.6306648850440979,0.3551020622253418,0.06062469258904457,0.6126348972320557,0.27340036630630493,0.05303427577018738,0.5799956321716309,0.2328164428472519,0.04673027619719505,0.5553669333457947,0.20819805562496185,0.04052019119262695,0.6484844088554382,0.34591028094291687,0.0317978635430336,0.5920504927635193,0.2896577715873718,0.008507262915372849,0.5755754113197327,0.37310388684272766,0.003644341602921486,0.5893060564994812,0.42312413454055786,0.009194636717438698,0.6649780869483948,0.347281277179718,-0.000268500589299947,0.6018656492233276,0.31644633412361145,-0.025114892050623894,0.5977829694747925,0.40143728256225586,-0.017796063795685768,0.6218323707580566,0.4389810264110565,-0.004953233990818262,0.6794337034225464,0.35980695486068726,-0.03169490396976471,0.6194786429405212,0.35714974999427795,-0.047349222004413605,0.6160866022109985,0.4185830056667328,-0.04214700311422348,0.6400167942047119,0.4463849663734436,-0.034181319177150726,come
0.6737395524978638,0.6194919347763062,-4.460714251308673e-07,0.6130821704864502,0.5726540684700012,0.023948002606630325,0.5781968832015991,0.49711424112319946,0.02948690950870514,0.5582423210144043,0.43041959404945374,0.021794287487864494,0.567781925201416,0.3993264138698578,0.01337430626153946,0.6335811614990234,0.3593931198120117,0.05623514577746391,0.6185294985771179,0.27716729044914246,0.04788146913051605,0.5865194201469421,0.2346881777048111,0.04116932302713394,0.5624037981033325,0.20910842716693878,0.03473881632089615,0.651278018951416,0.35073789954185486,0.029357589781284332,0.5963869690895081,0.2899778485298157,0.004411252215504646,0.5786759257316589,0.3719063401222229,-0.0009120609029196203,0.5911902785301208,0.4253019094467163,0.005016562528908253,0.6676304936408997,0.35213130712509155,-0.0008303216309286654,0.6046735048294067,0.3225601315498352,-0.026944659650325775,0.6016935706138611,0.4078674018383026,-0.02000480890274048,0.6260284781455994,0.44818180799484253,-0.006812951527535915,0.6815844774246216,0.3652195334434509,-0.03064858913421631,0.6216101050376892,0.36260172724723816,-0.04703531041741371,0.619221568107605,0.4255172610282898,-0.04208718612790108,0.6432791352272034,0.45528092980384827,-0.03391532972455025,come
0.675240695476532,0.6204649806022644,-4.446749528597138e-07,0.612967848777771,0.5708106160163879,0.031234843656420708,0.5778490304946899,0.49703437089920044,0.03947014361619949,0.5572534799575806,0.4337043762207031,0.0328759141266346,0.5664222240447998,0.39661574363708496,0.025347957387566566,0.631965160369873,0.3583260178565979,0.06701582670211792,0.614560067653656,0.27661383152008057,0.06099023297429085,0.5815848112106323,0.2330348938703537,0.055369917303323746,0.5565393567085266,0.20527473092079163,0.04935595765709877,0.6500460505485535,0.3509122133255005,0.036085620522499084,0.5919057726860046,0.286387175321579,0.012261423282325268,0.5761947631835938,0.3714693486690521,0.006451733876019716,0.5902091264724731,0.42698949575424194,0.012323801405727863,0.6666344404220581,0.3521389663219452,0.002110604429617524,0.6015182733535767,0.3206555247306824,-0.02332892268896103,0.599543035030365,0.40915447473526,-0.01626834273338318,0.6239281296730042,0.44908368587493896,-0.00296358997002244,0.6805464029312134,0.3637688159942627,-0.030854936689138412,0.6192541718482971,0.3626547157764435,-0.046899981796741486,0.6182606816291809,0.4280479848384857,-0.0416577085852623,0.6430186033248901,0.4561064839363098,-0.0333351269364357,come
0.6734182238578796,0.6227788329124451,-4.561490527521528e-07,0.6131751537322998,0.5764915347099304,0.019908417016267776,0.577363908290863,0.49837324023246765,0.02467956766486168,0.5570113062858582,0.4321075975894928,0.01747955195605755,0.5671929717063904,0.4026557505130768,0.009856658056378365,0.6328954100608826,0.35609760880470276,0.05233156308531761,0.6166301369667053,0.2751762866973877,0.04317881911993027,0.5842372179031372,0.23429948091506958,0.03599993512034416,0.5589426755905151,0.21040628850460052,0.029452526941895485,0.6513097882270813,0.34733614325523376,0.028021283447742462,0.5948018431663513,0.29118335247039795,0.0021069864742457867,0.5768092274665833,0.37468940019607544,-0.004036133177578449,0.5871596932411194,0.4298485517501831,0.0016975143225863576,0.6683169007301331,0.3494313955307007,0.00026974696083925664,0.6032545566558838,0.3259398341178894,-0.02700495719909668,0.6005088090896606,0.4120545983314514,-0.02119538187980652,0.6230812072753906,0.4525367021560669,-0.008113612420856953,0.6819466352462769,0.36451756954193115,-0.0272695180028677,0.6192284226417542,0.36436694860458374,-0.044885020703077316,0.617327868938446,0.4281756579875946,-0.0406193844974041,0.6407806873321533,0.4579995572566986,-0.03232823684811592,come
0.6767390370368958,0.6245654225349426,-4.493126937177294e-07,0.6138051748275757,0.5741069316864014,0.02371870167553425,0.5784909129142761,0.4989968240261078,0.028652986511588097,0.557926595211029,0.43416234850883484,0.020487789064645767,0.566546618938446,0.3989768922328949,0.011810313910245895,0.6343899965286255,0.35917744040489197,0.05670178681612015,0.6176935434341431,0.2768588364124298,0.047656040638685226,0.584721028804779,0.23428073525428772,0.0402098149061203,0.5594190955162048,0.2096615433692932,0.03341766446828842,0.6528192162513733,0.3500581979751587,0.03000100888311863,0.5959889888763428,0.29333746433258057,0.004378099460154772,0.5788388848304749,0.3771158754825592,-0.001973880222067237,0.5911825299263,0.4286024272441864,0.0033539317082613707,0.6696316599845886,0.35113710165023804,-4.161623655818403e-05,0.6042459607124329,0.32626771926879883,-0.026333702728152275,0.602153480052948,0.4135743975639343,-0.019549082964658737,0.6262860298156738,0.45099231600761414,-0.0064499652944505215,0.683158278465271,0.36467379331588745,-0.02970624901354313,0.6203609108924866,0.3651348650455475,-0.04609178379178047,0.6192846298217773,0.4296358823776245,-0.04079563170671463,0.643864631652832,0.45622166991233826,-0.03219345957040787,come
0.6773042678833008,0.6236957907676697,-4.648258880024514e-07,0.6153501868247986,0.5745179653167725,0.02404419146478176,0.5805656909942627,0.4982488453388214,0.029539726674556732,0.5600197911262512,0.43456292152404785,0.02204073593020439,0.5671753883361816,0.40085628628730774,0.01402877364307642,0.6362115144729614,0.35732197761535645,0.05619719997048378,0.6193925142288208,0.2757377624511719,0.04711685702204704,0.5866314172744751,0.23414844274520874,0.04030594229698181,0.5618062019348145,0.20937521755695343,0.03394423425197601,0.654687225818634,0.3487538695335388,0.029211997985839844,0.5960199236869812,0.29108116030693054,0.0031368674244731665,0.5802583694458008,0.37789186835289,-0.002420392818748951,0.5946603417396545,0.4293837547302246,0.0037276195362210274,0.6714029908180237,0.3503211438655853,-0.0010843502823263407,0.6053637862205505,0.32757577300071716,-0.027979867532849312,0.6036158800125122,0.4158906042575836,-0.02055806666612625,0.6283814311027527,0.4509085416793823,-0.006842493545264006,0.684677004814148,0.36409318447113037,-0.030933870002627373,0.6215574145317078,0.3658750355243683,-0.047927021980285645,0.6203833818435669,0.4309428632259369,-0.04261248931288719,0.6449903845787048,0.4560154378414154,-0.03395143896341324,come
0.6774519681930542,0.6223433017730713,-4.608272945461067e-07,0.6163046956062317,0.5729384422302246,0.02068745344877243,0.5819838643074036,0.4982346296310425,0.024501169100403786,0.5613091588020325,0.4347851276397705,0.016213294118642807,0.5680769681930542,0.3978855013847351,0.0075722383335232735,0.6371034979820251,0.35579338669776917,0.05115862190723419,0.6202948689460754,0.2743297219276428,0.04093330726027489,0.5876396894454956,0.2317696511745453,0.033327553421258926,0.5627234578132629,0.20698127150535583,0.02665492706000805,0.6556647419929504,0.3466930091381073,0.026125619187951088,0.5978678464889526,0.2885787785053253,-0.0005722258938476443,0.5800734162330627,0.3737439513206482,-0.006723996717482805,0.5917894840240479,0.4278334677219391,-0.0009509546216577291,0.6727379560470581,0.34849995374679565,-0.002219605026766658,0.6068560481071472,0.32460519671440125,-0.02945854514837265,0.6032292246818542,0.4117250144481659,-0.02260354720056057,0.6260267496109009,0.4507180452346802,-0.009080424904823303,0.6863695383071899,0.36326131224632263,-0.03032291866838932,0.6232569813728333,0.36407342553138733,-0.04774497449398041,0.6209069490432739,0.4277705252170563,-0.042804185301065445,0.6443126201629639,0.455656498670578,-0.034112196415662766,come
0.6794442534446716,0.6240543723106384,-4.6697243760718266e-07,0.616738498210907,0.5717275142669678,0.02726706676185131,0.5816475749015808,0.49651268124580383,0.03369688242673874,0.5612707138061523,0.43185311555862427,0.026234256103634834,0.5703470706939697,0.39612630009651184,0.017867175862193108,0.6373716592788696,0.35710448026657104,0.06062896549701691,0.6201752424240112,0.2760395109653473,0.052858904004096985,0.5877917408943176,0.2328128218650818,0.0457841157913208,0.5624802708625793,0.20611999928951263,0.03886393830180168,0.6564158201217651,0.3480529189109802,0.031776148825883865,0.5988991856575012,0.2876388430595398,0.0066629801876842976,0.5801699757575989,0.3715636432170868,-0.00010925009701168165,0.5899882912635803,0.42867690324783325,0.004928724840283394,0.6734479069709778,0.34931376576423645,-0.0001534915209049359,0.6074085235595703,0.3219168782234192,-0.026251474395394325,0.6041240096092224,0.4102548658847809,-0.019917793571949005,0.6263269186019897,0.45256999135017395,-0.007114320062100887,0.6868017315864563,0.36261871457099915,-0.03137723356485367,0.6236201524734497,0.3637654185295105,-0.04823638126254082,0.62224280834198,0.4286247193813324,-0.043563112616539,0.6461002826690674,0.4576399028301239,-0.035409435629844666,come
0.6773419976234436,0.6216139793395996,-4.509475388658757e-07,0.6163461208343506,0.5713284015655518,0.021174535155296326,0.5825624465942383,0.49776726961135864,0.025206951424479485,0.5628960728645325,0.4359373450279236,0.017024068161845207,0.5698091387748718,0.3979891240596771,0.008495094254612923,0.637125551700592,0.35426056385040283,0.05204932019114494,0.6201680302619934,0.2737085223197937,0.04128251224756241,0.5874868631362915,0.2308637499809265,0.033400844782590866,0.5624498724937439,0.2049892097711563,0.026684578508138657,0.6553236842155457,0.3465779721736908,0.026829589158296585,0.5973624587059021,0.28521931171417236,-0.00048267203965224326,0.5807844996452332,0.37255609035491943,-0.006510300561785698,0.593559980392456,0.4284142851829529,-0.0002322980872122571,0.6723800897598267,0.3485199213027954,-0.0017350920243188739,0.6060886979103088,0.31998392939567566,-0.029337234795093536,0.6035082340240479,0.4099159240722656,-0.021747605875134468,0.627203643321991,0.450517863035202,-0.007388583850115538,0.6867854595184326,0.3634544610977173,-0.03000546246767044,0.624311625957489,0.3628721237182617,-0.04731423780322075,0.6226490139961243,0.4271959066390991,-0.04177720844745636,0.646776556968689,0.4546077847480774,-0.03249601647257805,come
0.6721430420875549,0.6177295446395874,-4.424719008966349e-07,0.6146730780601501,0.5714863538742065,0.010206426493823528,0.5809385180473328,0.4969397485256195,0.010025440715253353,0.5608543157577515,0.43664541840553284,0.0008383222157135606,0.5669549703598022,0.3999984562397003,-0.00792296789586544,0.6343995332717896,0.34577861428260803,0.03622420132160187,0.6155382990837097,0.26892775297164917,0.021753014996647835,0.5827606916427612,0.2287561297416687,0.011825324036180973,0.5581730604171753,0.20520953834056854,0.004369325935840607,0.652506947517395,0.3376723527908325,0.017397522926330566,0.5928906202316284,0.2849505841732025,-0.011788669042289257,0.5769752264022827,0.3693765699863434,-0.018039081245660782,0.5895211696624756,0.42334413528442383,-0.012022310867905617,0.6696147322654724,0.34072548151016235,-0.005004874896258116,0.6029182076454163,0.32000860571861267,-0.03333795815706253,0.600551187992096,0.4064435064792633,-0.025977296754717827,0.6234862804412842,0.4462389051914215,-0.011697868816554546,0.683826744556427,0.3589724898338318,-0.02799009531736374,0.6235968470573425,0.3613080680370331,-0.04577794671058655,0.6220022439956665,0.42388996481895447,-0.04043915867805481,0.6445472240447998,0.45253586769104004,-0.03093883953988552,come
0.6680609583854675,0.6115543842315674,-4.226881458180287e-07,0.6095144152641296,0.5690720677375793,0.006422290112823248,0.5727742910385132,0.4984740614891052,0.004404748789966106,0.5503385066986084,0.43933916091918945,-0.0057082814164459705,0.5610073804855347,0.40535637736320496,-0.015065953135490417,0.6232614517211914,0.3448752462863922,0.0310578141361475,0.6024854183197021,0.27026140689849854,0.01410029549151659,0.5682862997055054,0.23278939723968506,0.0015790372854098678,0.542377233505249,0.21188341081142426,-0.00711546465754509,0.6413065195083618,0.33567488193511963,0.014583967626094818,0.5850071907043457,0.289885938167572,-0.013658946380019188,0.5680214166641235,0.3670198321342468,-0.020289121195673943,0.5784845948219299,0.4171992242336273,-0.015685327351093292,0.6582044959068298,0.3387365937232971,-0.005737609229981899,0.5961300730705261,0.3185238540172577,-0.03211003914475441,0.5894574522972107,0.39882421493530273,-0.02579546719789505,0.6086402535438538,0.44009652733802795,-0.013155168853700161,0.6722029447555542,0.3568981885910034,-0.027162114158272743,0.6157568097114563,0.3618282675743103,-0.04264197126030922,0.6103429198265076,0.42018693685531616,-0.037577226758003235,0.6294178366661072,0.4514087736606598,-0.028750453144311905,come
0.6593714356422424,0.6131916642189026,-3.979506573159597e-07,0.5974345803260803,0.5741586685180664,0.005637890659272671,0.5593701601028442,0.5024568438529968,0.0027963032480329275,0.5397926568984985,0.44158658385276794,-0.008540513925254345,0.5503395795822144,0.41555944085121155,-0.018751608207821846,0.6063765287399292,0.3445553779602051,0.03097250871360302,0.5801905393600464,0.27539652585983276,0.01352063100785017,0.5431539416313171,0.24395400285720825,0.0015381668927147985,0.5152466893196106,0.22953104972839355,-0.0068247090093791485,0.6242430210113525,0.3350919485092163,0.013577028177678585,0.5633082389831543,0.3077160716056824,-0.01341004204005003,0.5536596179008484,0.387626051902771,-0.017791274935007095,0.5732162594795227,0.4213090240955353,-0.012675149366259575,0.6389560699462891,0.34114792943000793,-0.008313160389661789,0.5738434791564941,0.3355357050895691,-0.03565194457769394,0.5690571069717407,0.41457420587539673,-0.027750467881560326,0.5923863649368286,0.4397963881492615,-0.014695534482598305,0.649040699005127,0.3643050491809845,-0.03152179718017578,0.5911158919334412,0.3723330497741699,-0.047897811979055405,0.5854798555374146,0.4300767183303833,-0.04220053181052208,0.6060672998428345,0.453924298286438,-0.03349784389138222,come
0.6458722949028015,0.6137045621871948,-4.5319103492147406e-07,0.5844776630401611,0.5903381109237671,-0.0025790065992623568,0.5446587204933167,0.5272508263587952,-0.008229387924075127,0.5226036310195923,0.4728224575519562,-0.01886945776641369,0.5141950845718384,0.4453534483909607,-0.02804814651608467,0.5741914510726929,0.34702226519584656,0.015171689912676811,0.5389738082885742,0.2881614565849304,-0.007258995436131954,0.49905577301979065,0.26960527896881104,-0.02374361827969551,0.46876260638237,0.26844632625579834,-0.03382275998592377,0.593750536441803,0.3327598571777344,0.003885811660438776,0.5274471640586853,0.3369765281677246,-0.022419949993491173,0.5227652788162231,0.4197514057159424,-0.027715368196368217,0.5403658151626587,0.45398738980293274,-0.024719705805182457,0.6096859574317932,0.34180712699890137,-0.011842669919133186,0.5411124229431152,0.3713115155696869,-0.036400504410266876,0.5440707802772522,0.4471648037433624,-0.029125453904271126,0.5646844506263733,0.4715881943702698,-0.018199382349848747,0.6202834844589233,0.3711700737476349,-0.02953455038368702,0.5613173246383667,0.40837180614471436,-0.04404335469007492,0.5634381771087646,0.4628741145133972,-0.038805682212114334,0.582719087600708,0.48153579235076904,-0.030917953699827194,come
0.6420866847038269,0.6259086728096008,-5.903613669033803e-07,0.5674525499343872,0.6181868314743042,-0.0024330271407961845,0.5198184847831726,0.553990364074707,-0.005884363781660795,0.4918159246444702,0.5005509257316589,-0.013785496354103088,0.47214117646217346,0.45683085918426514,-0.02011113427579403,0.5394055247306824,0.37256306409835815,0.013527054339647293,0.4919149577617645,0.3257696330547333,-0.012325488030910492,0.44626152515411377,0.33230286836624146,-0.032107628881931305,0.4146278500556946,0.35152849555015564,-0.04306046664714813,0.5563526153564453,0.35522130131721497,0.003614055225625634,0.4835142493247986,0.3859211504459381,-0.025454694405198097,0.48062726855278015,0.47900858521461487,-0.03249516710639,0.5012166500091553,0.5214447975158691,-0.030127130448818207,0.571912407875061,0.3661222457885742,-0.010548106394708157,0.5003505945205688,0.4243747293949127,-0.03507678955793381,0.5101279616355896,0.5054613351821899,-0.028021520003676414,0.5352740287780762,0.5303624868392944,-0.017508506774902344,0.5856403708457947,0.3992388844490051,-0.02672310546040535,0.5289919376373291,0.46501079201698303,-0.040889400988817215,0.5365131497383118,0.5210819244384766,-0.0356191024184227,0.559148907661438,0.5348658561706543,-0.027526963502168655,come
0.6340252161026001,0.6472721695899963,-6.088328063924564e-07,0.5479212403297424,0.6447216272354126,-0.0006089117377996445,0.49727797508239746,0.5811811089515686,-0.004925535060465336,0.46421825885772705,0.5213508009910583,-0.013030637055635452,0.43821001052856445,0.47922423481941223,-0.019263362511992455,0.5114243030548096,0.40306589007377625,0.010163499973714352,0.4525033235549927,0.3817719519138336,-0.013313707895576954,0.4104360044002533,0.40497419238090515,-0.02924482151865959,0.3817731738090515,0.435569703578949,-0.03837757185101509,0.525239884853363,0.3875165581703186,-0.000560810964088887,0.44448158144950867,0.4687659442424774,-0.026405103504657745,0.4626587927341461,0.5512198805809021,-0.030772557482123375,0.4893263280391693,0.569990873336792,-0.029048150405287743,0.5375314354896545,0.40327706933021545,-0.014887955971062183,0.4659648835659027,0.5171502232551575,-0.038989920169115067,0.49620887637138367,0.5860622525215149,-0.03227546066045761,0.5252184271812439,0.5889077186584473,-0.024150226265192032,0.548393964767456,0.44156166911125183,-0.030805829912424088,0.4966881275177002,0.5525477528572083,-0.04859357327222824,0.5182877779006958,0.6057228446006775,-0.04646221548318863,0.5419577360153198,0.6049448251724243,-0.04131214693188667,come
0.6357072591781616,0.6720067262649536,-5.981904109830793e-07,0.5456807613372803,0.67829430103302,-0.001678095548413694,0.4885514974594116,0.6341655850410461,-0.008299296721816063,0.4515153467655182,0.5899280905723572,-0.018556032329797745,0.4237605631351471,0.5585224032402039,-0.02700668014585972,0.48292502760887146,0.4532913863658905,0.005667684134095907,0.4128991961479187,0.4727332592010498,-0.019498271867632866,0.3713400661945343,0.5142142176628113,-0.03860747441649437,0.3437393605709076,0.5554609298706055,-0.05003608763217926,0.49476203322410583,0.44756951928138733,-0.005392624530941248,0.4218461215496063,0.5614553093910217,-0.03174644708633423,0.4536798894405365,0.630039632320404,-0.03875138610601425,0.4849449098110199,0.6388964653015137,-0.03954685479402542,0.5070009827613831,0.4705736041069031,-0.01958153210580349,0.4451725482940674,0.6042506098747253,-0.04259859398007393,0.48338884115219116,0.6570379734039307,-0.036175962537527084,0.5123981237411499,0.6534451842308044,-0.028710292652249336,0.5206286311149597,0.5141018033027649,-0.03551208972930908,0.47770264744758606,0.6320697665214539,-0.05127248540520668,0.5032957196235657,0.6727851033210754,-0.047105781733989716,0.5252399444580078,0.668004035949707,-0.04066002741456032,come
0.628937840461731,0.6937122344970703,-6.663041745014198e-07,0.5420835614204407,0.7087090611457825,0.00299095013178885,0.48060137033462524,0.6695023775100708,-0.0033012793865054846,0.4380224347114563,0.6339626908302307,-0.013060682453215122,0.40502405166625977,0.6106863617897034,-0.021534809842705727,0.46456530690193176,0.4912336468696594,-0.0009920578449964523,0.38734671473503113,0.532814621925354,-0.026492519304156303,0.3468753695487976,0.5895323753356934,-0.044384051114320755,0.3225839138031006,0.6427145004272461,-0.05482105538249016,0.477283775806427,0.48689737915992737,-0.014169737696647644,0.40562766790390015,0.6272658109664917,-0.037862006574869156,0.4389575123786926,0.6903948187828064,-0.04202745482325554,0.4685521125793457,0.6935430765151978,-0.04295184090733528,0.490389883518219,0.5152934193611145,-0.029549892991781235,0.4332387447357178,0.6719595789909363,-0.04899898171424866,0.4745192527770996,0.7147649526596069,-0.04149019718170166,0.5020480155944824,0.6997779607772827,-0.03607484698295593,0.5051342248916626,0.5647736191749573,-0.046131886541843414,0.46674835681915283,0.6995763182640076,-0.06171443313360214,0.49685147404670715,0.7318925261497498,-0.058463383466005325,0.5195672512054443,0.7154740691184998,-0.05398879572749138,come
0.624665379524231,0.7065157294273376,-6.815084816480521e-07,0.538277268409729,0.7335109114646912,0.004286318551748991,0.4748840034008026,0.6989923119544983,-0.0031373240053653717,0.43048152327537537,0.6657507419586182,-0.015018919482827187,0.39937666058540344,0.6464710235595703,-0.025893477723002434,0.455470472574234,0.5248043537139893,-0.0032198340632021427,0.3788156509399414,0.565272331237793,-0.03051059879362583,0.3425441384315491,0.6301712989807129,-0.04890008270740509,0.3226536810398102,0.6873255372047424,-0.0595114640891552,0.46617257595062256,0.5202839374542236,-0.017140954732894897,0.4029690623283386,0.6722149848937988,-0.043501708656549454,0.43902596831321716,0.7311401963233948,-0.047996558248996735,0.4701055586338043,0.7312378883361816,-0.048929229378700256,0.4794401228427887,0.5484041571617126,-0.03299316391348839,0.4326188266277313,0.716032087802887,-0.053054869174957275,0.47431519627571106,0.7542448043823242,-0.044219497591257095,0.5022813677787781,0.739108145236969,-0.03790539503097534,0.49416619539260864,0.5972504019737244,-0.05012001842260361,0.4657798111438751,0.7387675046920776,-0.06518203020095825,0.49590030312538147,0.7687667608261108,-0.061626311391592026,0.5179861187934875,0.7511503100395203,-0.05698546767234802,come
0.6245272159576416,0.7151352763175964,-6.669462209174526e-07,0.5514885783195496,0.723264217376709,0.002827503951266408,0.4873603582382202,0.6991053223609924,-0.004931285977363586,0.4405275583267212,0.6777487993240356,-0.016599755734205246,0.41031208634376526,0.6747241020202637,-0.027197720482945442,0.45483455061912537,0.5478315949440002,-0.0055780429393053055,0.3763211965560913,0.6033765077590942,-0.03418467193841934,0.33877503871917725,0.6668130159378052,-0.053737565875053406,0.3159579336643219,0.7184569835662842,-0.06562986224889755,0.4629012644290924,0.5480923056602478,-0.01874925196170807,0.40117964148521423,0.703889787197113,-0.04740513116121292,0.43778178095817566,0.751629114151001,-0.05294594541192055,0.46795281767845154,0.7449839115142822,-0.05456360802054405,0.47556138038635254,0.5777620077133179,-0.03387178108096123,0.4333575367927551,0.7492038011550903,-0.05540136992931366,0.47585606575012207,0.7778491377830505,-0.04731633886694908,0.5020908713340759,0.7541685700416565,-0.04141758009791374,0.49142691493034363,0.6237759590148926,-0.05041299760341644,0.46639764308929443,0.7674061059951782,-0.06700989603996277,0.497073233127594,0.7922731637954712,-0.06486058980226517,0.5172274112701416,0.7694098949432373,-0.061371371150016785,come
0.6224686503410339,0.7159895896911621,-6.416365181394212e-07,0.5544552803039551,0.7029324173927307,0.0062732878141105175,0.48791027069091797,0.6797944903373718,-0.00044502539094537497,0.4387386739253998,0.6674129962921143,-0.01121677365154028,0.40709707140922546,0.6785348653793335,-0.021450212225317955,0.4592946767807007,0.548615574836731,-0.006399670150130987,0.3768574893474579,0.6088467836380005,-0.03435247763991356,0.3383443355560303,0.6746839284896851,-0.05249910429120064,0.3129829168319702,0.7267482876777649,-0.06358596682548523,0.4653738737106323,0.5519534945487976,-0.02098025754094124,0.3990633487701416,0.7045367956161499,-0.04975498095154762,0.43377113342285156,0.7541214823722839,-0.05377072095870972,0.46398481726646423,0.7484592199325562,-0.054254014045000076,0.4757133722305298,0.5838870406150818,-0.03700287640094757,0.4339287579059601,0.754347026348114,-0.057333990931510925,0.4756971001625061,0.7825067043304443,-0.04862811043858528,0.5027474164962769,0.7565804719924927,-0.04269092157483101,0.48934611678123474,0.6312201023101807,-0.05415927618741989,0.46738743782043457,0.7750569581985474,-0.06961815059185028,0.4982670843601227,0.7997533679008484,-0.06784482300281525,0.5188525915145874,0.7762801647186279,-0.06538856774568558,come
0.6230000853538513,0.7193948030471802,-6.502766041194263e-07,0.5519027709960938,0.7200429439544678,0.00513168890029192,0.48554331064224243,0.6961919069290161,-0.0010818646987900138,0.43696218729019165,0.677047848701477,-0.010928772389888763,0.4061049818992615,0.6775162816047668,-0.020058318972587585,0.460088312625885,0.5478351712226868,-0.006787408608943224,0.3790919780731201,0.6085885763168335,-0.03256810083985329,0.34129661321640015,0.6709323525428772,-0.04922294244170189,0.3161190450191498,0.7195731997489929,-0.05985565856099129,0.4664662480354309,0.550398051738739,-0.020694850012660027,0.40115073323249817,0.7043341994285583,-0.04804614558815956,0.43621793389320374,0.7543330192565918,-0.051763053983449936,0.46580514311790466,0.7483207583427429,-0.052395567297935486,0.4771338403224945,0.5818307399749756,-0.0359739288687706,0.4350111484527588,0.7505035400390625,-0.0563880018889904,0.47658368945121765,0.7817513942718506,-0.04787580668926239,0.5030777454376221,0.75853431224823,-0.04199090227484703,0.4915049076080322,0.6303004026412964,-0.052407156676054,0.4682546854019165,0.7727004289627075,-0.06879192590713501,0.49865448474884033,0.7974876165390015,-0.06747584789991379,0.5188556909561157,0.7744002342224121,-0.06511262059211731,come
0.6250648498535156,0.7165403962135315,-6.56235840779118e-07,0.5543470978736877,0.7153453230857849,0.0045036086812615395,0.48832637071609497,0.6927725076675415,-0.0013511620927602053,0.4391155242919922,0.6755786538124084,-0.010693118907511234,0.4078544080257416,0.678867518901825,-0.01931871846318245,0.46287932991981506,0.544708251953125,-0.006124279927462339,0.3813028037548065,0.6052944660186768,-0.032016437500715256,0.3426085114479065,0.6691269874572754,-0.04921284317970276,0.31751570105552673,0.7184240221977234,-0.06019248440861702,0.4678317606449127,0.5476198792457581,-0.01950809732079506,0.4003053307533264,0.7015981078147888,-0.04686552658677101,0.4349139630794525,0.7542491555213928,-0.05097007378935814,0.4650335907936096,0.7503079175949097,-0.05166243016719818,0.47720667719841003,0.5789662003517151,-0.03437585383653641,0.4348251521587372,0.7486182451248169,-0.05465645715594292,0.4766562283039093,0.7800419926643372,-0.047180432826280594,0.5037713050842285,0.7566744685173035,-0.04189267009496689,0.4908050298690796,0.6271199584007263,-0.0504985973238945,0.46844494342803955,0.7699130773544312,-0.0671255961060524,0.4988890290260315,0.7950487732887268,-0.06678635627031326,0.5195220112800598,0.772818386554718,-0.06503847241401672,come
0.6243318319320679,0.7144172191619873,-6.427834478017758e-07,0.555427074432373,0.6968252658843994,0.007654440123587847,0.49065813422203064,0.6718887686729431,0.0023062501568347216,0.4423259496688843,0.6607988476753235,-0.007254472002387047,0.4119623601436615,0.6718119382858276,-0.016460368409752846,0.46397557854652405,0.5437542200088501,-0.00436409143730998,0.3825360834598541,0.6056798696517944,-0.029583359137177467,0.3426966369152069,0.6706603765487671,-0.04609495401382446,0.31630170345306396,0.7204357385635376,-0.05675513297319412,0.4679924547672272,0.5490084290504456,-0.019144102931022644,0.4005410671234131,0.7034865021705627,-0.04605932906270027,0.43504244089126587,0.7545916438102722,-0.04955871403217316,0.4654967486858368,0.7501623034477234,-0.04999544098973274,0.47681811451911926,0.58176589012146,-0.035063304007053375,0.43413257598876953,0.7501493096351624,-0.0537840873003006,0.4755112826824188,0.7792907357215881,-0.04568692296743393,0.5027301907539368,0.7546473741531372,-0.04058815911412239,0.4898795485496521,0.6292716264724731,-0.05202595517039299,0.4680159091949463,0.7702454328536987,-0.06734377145767212,0.49821797013282776,0.7942306995391846,-0.06663979589939117,0.5187544226646423,0.7717742323875427,-0.06507547944784164,come
0.623216986656189,0.7140769958496094,-6.502404517050309e-07,0.5554646849632263,0.7001326680183411,0.007950793020427227,0.49115025997161865,0.6746323108673096,0.0031764826271682978,0.4427368938922882,0.6599470376968384,-0.005566045176237822,0.4130712151527405,0.6699012517929077,-0.01386527344584465,0.463079571723938,0.5426876544952393,-0.0046866051852703094,0.382211297750473,0.605631411075592,-0.029364293441176414,0.34217995405197144,0.6691884398460388,-0.045236434787511826,0.3155495226383209,0.7174990773200989,-0.05564374849200249,0.4673475921154022,0.546841561794281,-0.01946508139371872,0.39921823143959045,0.7018252015113831,-0.045720625668764114,0.43427157402038574,0.7529217600822449,-0.04847434163093567,0.4650900065898895,0.7484368681907654,-0.04848548769950867,0.4763202667236328,0.5791788697242737,-0.0353221632540226,0.4336469769477844,0.7494988441467285,-0.053888607770204544,0.4754103422164917,0.778759241104126,-0.04561587795615196,0.5026000142097473,0.7533618211746216,-0.04042550548911095,0.4892515540122986,0.6270914673805237,-0.05216948688030243,0.4675338864326477,0.770708441734314,-0.06779268383979797,0.4980299770832062,0.7950484752655029,-0.06742706149816513,0.5183156728744507,0.7719501256942749,-0.06611060351133347,come
