0.5878937840461731,0.7081943154335022,-1.640700730831668e-07,0.5556761026382446,0.6210120320320129,0.0079308757558465,0.5126495361328125,0.5659626722335815,-0.0017165930476039648,0.4664536118507385,0.5632525086402893,-0.01194787584245205,0.4315204918384552,0.5833218097686768,-0.024584108963608742,0.507864236831665,0.5236662030220032,-0.04122239723801613,0.4224865138530731,0.5077100992202759,-0.06284681707620621,0.3788759410381317,0.5374851822853088,-0.07082325220108032,0.35441911220550537,0.5689215660095215,-0.0728967934846878,0.5090280175209045,0.5810868740081787,-0.05420612916350365,0.4170391857624054,0.5567301511764526,-0.07391015440225601,0.3671550750732422,0.5825887322425842,-0.07640815526247025,0.33807170391082764,0.6087377667427063,-0.07738552987575531,0.5044336318969727,0.6495572328567505,-0.06458847224712372,0.41726353764533997,0.6240843534469604,-0.07910287380218506,0.3679571747779846,0.6383005380630493,-0.07824621349573135,0.33887067437171936,0.6550170183181763,-0.07690146565437317,0.49821317195892334,0.7185870409011841,-0.07292887568473816,0.4256906807422638,0.68402498960495,-0.08548736572265625,0.3866056203842163,0.6782581210136414,-0.08571352809667587,0.3590899705886841,0.680749773979187,-0.0845080241560936,drink
0.5881841778755188,0.711578369140625,-1.6101651567623776e-07,0.5574588775634766,0.6227496862411499,0.0077617960050702095,0.5147987008094788,0.5662612915039062,-0.00176439865026623,0.4687260687351227,0.5623056292533875,-0.01192015502601862,0.4336369037628174,0.5816687345504761,-0.02450965903699398,0.5085791349411011,0.525693416595459,-0.040311869233846664,0.423261821269989,0.5082454085350037,-0.06252224743366241,0.379578560590744,0.5370474457740784,-0.07119890302419662,0.35521063208580017,0.5678330659866333,-0.07359091192483902,0.5093052983283997,0.5831009149551392,-0.05312364175915718,0.417036771774292,0.5584200024604797,-0.07297644019126892,0.3669668734073639,0.5834472179412842,-0.07566464692354202,0.3377744257450104,0.6091001033782959,-0.07660596817731857,0.5046820044517517,0.6514639854431152,-0.06350847333669662,0.41748830676078796,0.626432478427887,-0.07810013741254807,0.3679831624031067,0.6399532556533813,-0.07736985385417938,0.33861878514289856,0.6559120416641235,-0.07595483958721161,0.4984579086303711,0.7201709747314453,-0.07191333919763565,0.42596501111984253,0.6865208745002747,-0.08445573598146439,0.3865950107574463,0.6800954341888428,-0.08487185090780258,0.35853856801986694,0.6812484264373779,-0.08370286971330643,drink
0.5880525708198547,0.7094902992248535,-1.6079324893780722e-07,0.5558317303657532,0.6217470169067383,0.007971751503646374,0.5130444765090942,0.5660551190376282,-0.00161362427752465,0.4668657183647156,0.5632250905036926,-0.011839037761092186,0.4321460723876953,0.583450436592102,-0.024466436356306076,0.5075443983078003,0.5249229073524475,-0.040530040860176086,0.42224401235580444,0.509412407875061,-0.06202353164553642,0.3787207305431366,0.5387117862701416,-0.07003344595432281,0.35450226068496704,0.5693888664245605,-0.07213964313268661,0.5087896585464478,0.5825586915016174,-0.05352802202105522,0.41649073362350464,0.5584582090377808,-0.07278639078140259,0.36681053042411804,0.5837302803993225,-0.07503276318311691,0.33793535828590393,0.6091054081916809,-0.07587782293558121,0.5044862031936646,0.65113365650177,-0.06398700922727585,0.4170779585838318,0.6265915632247925,-0.07817751169204712,0.36787083745002747,0.6404796838760376,-0.07709541916847229,0.33903321623802185,0.6567050814628601,-0.07563195377588272,0.49843430519104004,0.7200952768325806,-0.07245262712240219,0.4258110225200653,0.6862226724624634,-0.08473017811775208,0.38654398918151855,0.6805223822593689,-0.08480996638536453,0.3588956594467163,0.6830083131790161,-0.08353298157453537,drink
0.5886112451553345,0.7104767560958862,-1.5983427203991596e-07,0.5566380023956299,0.6221492290496826,0.008008381351828575,0.5132582783699036,0.5664185881614685,-0.0015928111970424652,0.4668354094028473,0.5635197758674622,-0.011848404072225094,0.4317528009414673,0.5838834047317505,-0.024375762790441513,0.5087676644325256,0.5251619815826416,-0.04040461406111717,0.42312535643577576,0.5085678100585938,-0.062039975076913834,0.37938687205314636,0.5381688475608826,-0.06994768232107162,0.3553465008735657,0.5692691802978516,-0.07184871286153793,0.509097695350647,0.582738995552063,-0.053279224783182144,0.41690346598625183,0.5579448342323303,-0.07261596620082855,0.3672073185443878,0.5835374593734741,-0.0744510218501091,0.3386688828468323,0.6094152331352234,-0.07484429329633713,0.5040915012359619,0.6509883999824524,-0.06368950009346008,0.41685524582862854,0.6252954602241516,-0.07774359732866287,0.36785852909088135,0.6399089694023132,-0.07623487710952759,0.33923378586769104,0.6567919254302979,-0.07438918203115463,0.4976338744163513,0.7192586660385132,-0.0721336230635643,0.4250260293483734,0.6858763694763184,-0.08430106192827225,0.3856709599494934,0.6805894374847412,-0.08430914580821991,0.35784250497817993,0.6830835342407227,-0.0828995406627655,drink
0.5877307057380676,0.709807813167572,-1.603914512315896e-07,0.5560676455497742,0.6208141446113586,0.00789512600749731,0.5130579471588135,0.5655148029327393,-0.0020567583851516247,0.46731725335121155,0.5625615119934082,-0.012809517793357372,0.4324456453323364,0.583000123500824,-0.025907941162586212,0.5091881155967712,0.5251127481460571,-0.04071329906582832,0.4242691099643707,0.5077251195907593,-0.06274957954883575,0.38073182106018066,0.5375453233718872,-0.07115135341882706,0.3566261827945709,0.5689659714698792,-0.07344841212034225,0.5096325278282166,0.5830539464950562,-0.053843095898628235,0.41819465160369873,0.5573063492774963,-0.07348085939884186,0.3683246374130249,0.5827610492706299,-0.07585155963897705,0.3394407629966736,0.608529269695282,-0.07679227739572525,0.5047110915184021,0.6515573859214783,-0.06452500820159912,0.41825157403945923,0.624400794506073,-0.07887338101863861,0.3689865171909332,0.6389744877815247,-0.0778009220957756,0.34007498621940613,0.6561915278434753,-0.07637614011764526,0.4984027147293091,0.7197206020355225,-0.07326648384332657,0.4262595772743225,0.685694694519043,-0.08563898503780365,0.38676509261131287,0.6804308891296387,-0.08586395531892776,0.3587755858898163,0.6834509372711182,-0.08473822474479675,drink
0.588808000087738,0.7133998274803162,-1.6482012199503515e-07,0.5575281977653503,0.6248282194137573,0.008046389557421207,0.5148261189460754,0.5683821439743042,-0.0013297005789354444,0.46904149651527405,0.5647273063659668,-0.01144989114254713,0.43382278084754944,0.583704948425293,-0.02382083423435688,0.5095683336257935,0.5264809131622314,-0.039733078330755234,0.42469051480293274,0.5083188414573669,-0.06167589873075485,0.3811086118221283,0.5385143756866455,-0.0700034648180008,0.357112854719162,0.5705994963645935,-0.07220733165740967,0.5096288323402405,0.5833122730255127,-0.05276324599981308,0.4185176491737366,0.5568973422050476,-0.07260569930076599,0.36871084570884705,0.5826448798179626,-0.0752280130982399,0.3397260010242462,0.6088307499885559,-0.07611922919750214,0.5045033097267151,0.6514043807983398,-0.06336542963981628,0.41809991002082825,0.6253334283828735,-0.07789742201566696,0.3691934049129486,0.6399921774864197,-0.07710296660661697,0.34022748470306396,0.6567361950874329,-0.07573146373033524,0.49814802408218384,0.7198653817176819,-0.07198714464902878,0.4263898432254791,0.6868509650230408,-0.0845724567770958,0.3876079320907593,0.6816294193267822,-0.08501500636339188,0.3601875603199005,0.6834941506385803,-0.08391600102186203,drink
0.588667094707489,0.7122750878334045,-1.710261301468563e-07,0.5570225119590759,0.6239498853683472,0.008115124888718128,0.5148330330848694,0.5671013593673706,-0.0013000537874177098,0.4689237177371979,0.5636682510375977,-0.011296727694571018,0.4340677261352539,0.5831360220909119,-0.023578863590955734,0.5089266300201416,0.5258100032806396,-0.04107005149126053,0.42395949363708496,0.5090487599372864,-0.06261276453733444,0.38022053241729736,0.5394856333732605,-0.07026305794715881,0.35612884163856506,0.5716303586959839,-0.07205148041248322,0.5094114542007446,0.5833144783973694,-0.05409834533929825,0.41831257939338684,0.5571015477180481,-0.0736030638217926,0.3683127760887146,0.5833263993263245,-0.075597383081913,0.33940497040748596,0.6097228527069092,-0.07619412243366241,0.5046678781509399,0.6519110202789307,-0.06455424427986145,0.41840264201164246,0.6248196363449097,-0.0788297951221466,0.3691957890987396,0.6397154331207275,-0.07754143327474594,0.3404010236263275,0.656902015209198,-0.0759497657418251,0.4985721707344055,0.7211671471595764,-0.07301747053861618,0.42685380578041077,0.6861756443977356,-0.08571886271238327,0.3874693214893341,0.6804354190826416,-0.08613704144954681,0.35964450240135193,0.6825766563415527,-0.08504645526409149,drink
0.588994562625885,0.7152758836746216,-1.627411592153294e-07,0.5581902861595154,0.6257205605506897,0.008933616802096367,0.5155943632125854,0.5697875618934631,0.0002388939174124971,0.469799667596817,0.5656268000602722,-0.009435275569558144,0.43498072028160095,0.5846356749534607,-0.021572086960077286,0.509998619556427,0.5303747057914734,-0.03771308436989784,0.4253765046596527,0.5104016661643982,-0.059600405395030975,0.3817906677722931,0.5375304818153381,-0.06856279075145721,0.3566138446331024,0.5666136145591736,-0.07131458818912506,0.5099239349365234,0.5862899422645569,-0.05102216452360153,0.418708473443985,0.5584389567375183,-0.07048456370830536,0.3687637150287628,0.5827236771583557,-0.07336363196372986,0.3391381502151489,0.6077826619148254,-0.07451232522726059,0.5047425627708435,0.6535953879356384,-0.061924707144498825,0.4182724058628082,0.6263985633850098,-0.07613199949264526,0.3696511685848236,0.6407986283302307,-0.07544195652008057,0.34054237604141235,0.6573858857154846,-0.07418271899223328,0.4981006979942322,0.7215413451194763,-0.07083578407764435,0.42674633860588074,0.6876676678657532,-0.08315696567296982,0.38789913058280945,0.6817793846130371,-0.08370359987020493,0.36003318428993225,0.6832002997398376,-0.08274231106042862,drink
0.5880164504051208,0.7158863544464111,-1.6459419782677287e-07,0.5571421980857849,0.6264587640762329,0.009124554693698883,0.5150173306465149,0.5695275068283081,0.0005188420182093978,0.46906429529190063,0.5643428564071655,-0.009018215350806713,0.43447741866111755,0.583426296710968,-0.020898789167404175,0.5095989108085632,0.5309659242630005,-0.03795718029141426,0.4251094460487366,0.5123046040534973,-0.05924951285123825,0.3817429542541504,0.5403892993927002,-0.06717590242624283,0.35729238390922546,0.5707077980041504,-0.06906065344810486,0.509859025478363,0.5874782204627991,-0.051228538155555725,0.4181004464626312,0.5608466267585754,-0.0701860785484314,0.36830630898475647,0.5858252048492432,-0.07190264016389847,0.33946049213409424,0.6119710803031921,-0.07205892354249954,0.5048351883888245,0.6550227999687195,-0.062045708298683167,0.4178543984889984,0.6275152564048767,-0.07599880546331406,0.3688172698020935,0.6417205929756165,-0.0741918534040451,0.3400310277938843,0.6587619185447693,-0.07192481309175491,0.49814823269844055,0.7233523726463318,-0.07085257768630981,0.42597898840904236,0.6873171925544739,-0.08286704123020172,0.38685083389282227,0.6810097694396973,-0.08253549784421921,0.35915401577949524,0.6831988096237183,-0.08071011304855347,drink
0.5878032445907593,0.7165919542312622,-1.751516833792266e-07,0.556607723236084,0.6275403499603271,0.008780485950410366,0.5144129991531372,0.5719135403633118,-0.00028291152557358146,0.46855565905570984,0.5671772360801697,-0.010208960622549057,0.4337509572505951,0.5864285230636597,-0.022654449567198753,0.509658694267273,0.5321404337882996,-0.039089053869247437,0.4253048300743103,0.5133306980133057,-0.06093581020832062,0.3821079134941101,0.5419095158576965,-0.0696430653333664,0.35729366540908813,0.5728303790092468,-0.07226868718862534,0.5099131464958191,0.5885136723518372,-0.05232492461800575,0.41768646240234375,0.564716100692749,-0.07184207439422607,0.36783120036125183,0.5905668139457703,-0.07454982399940491,0.33817797899246216,0.6170365810394287,-0.0757482722401619,0.504958987236023,0.6560872197151184,-0.06304670870304108,0.4178600609302521,0.6318112015724182,-0.07735265791416168,0.36906638741493225,0.6472062468528748,-0.07648847997188568,0.3395468592643738,0.6645551919937134,-0.07526487857103348,0.498554527759552,0.7242928743362427,-0.07172858715057373,0.42694902420043945,0.6920314431190491,-0.08424790948629379,0.38833141326904297,0.6865720748901367,-0.084669329226017,0.36061468720436096,0.6882455348968506,-0.08366283774375916,drink
0.5882187485694885,0.7175715565681458,-1.7356350667796505e-07,0.55697101354599,0.6287623047828674,0.008286138996481895,0.5144056677818298,0.5729231238365173,-0.000892740732524544,0.46884119510650635,0.5685755014419556,-0.010927228257060051,0.43421873450279236,0.5880966186523438,-0.023474885150790215,0.5096127986907959,0.5313637256622314,-0.039237719029188156,0.42480409145355225,0.5145804286003113,-0.061066046357154846,0.3815716803073883,0.544183611869812,-0.06981845945119858,0.3571945130825043,0.5754534006118774,-0.07254724949598312,0.509586751461029,0.5887912511825562,-0.05246565118432045,0.4180186986923218,0.5651837587356567,-0.07188291102647781,0.3681938052177429,0.5912988185882568,-0.07485213875770569,0.33887559175491333,0.6179259419441223,-0.07633789628744125,0.5045931935310364,0.6575011610984802,-0.06326621770858765,0.41815879940986633,0.631695032119751,-0.07781673967838287,0.36901870369911194,0.6467160582542419,-0.07753798365592957,0.3396880626678467,0.6641024947166443,-0.07672620564699173,0.4982649087905884,0.7262369990348816,-0.07204623520374298,0.42680662870407104,0.6920220255851746,-0.08516004681587219,0.38769209384918213,0.6862419247627258,-0.08617517352104187,0.3598088324069977,0.6883312463760376,-0.08556504547595978,drink
0.589957594871521,0.7205613255500793,-1.7385012540671596e-07,0.5602182149887085,0.6314755082130432,0.007153826300054789,0.517771303653717,0.5746688842773438,-0.002539412584155798,0.47203201055526733,0.5699650049209595,-0.012676353566348553,0.4371490180492401,0.5890498161315918,-0.02515237033367157,0.512626588344574,0.5329094529151917,-0.0425342358648777,0.4279162287712097,0.512569785118103,-0.06431722640991211,0.38362443447113037,0.5426899790763855,-0.07213097810745239,0.35887783765792847,0.5743547677993774,-0.07418806850910187,0.5128360986709595,0.5891711115837097,-0.05517878755927086,0.4214835464954376,0.5610120296478271,-0.07521927356719971,0.37037599086761475,0.5884783267974854,-0.07782679051160812,0.3401601016521454,0.6156090497970581,-0.07891418784856796,0.5076408386230469,0.6570510268211365,-0.06526347994804382,0.42129963636398315,0.6289280652999878,-0.08018029481172562,0.37069228291511536,0.6450035572052002,-0.08012417703866959,0.34050023555755615,0.6637453436851501,-0.07944709807634354,0.5009828805923462,0.72589510679245,-0.07335580885410309,0.42939823865890503,0.6899160146713257,-0.08666405826807022,0.38955801725387573,0.685282826423645,-0.08794600516557693,0.36126571893692017,0.6891161799430847,-0.08758590370416641,drink
0.5938186645507812,0.7138416767120361,-1.837586012243264e-07,0.5644363760948181,0.6280904412269592,0.00798885989934206,0.5199012160301208,0.5673526525497437,2.1567117073573172e-05,0.4736924469470978,0.5548089146614075,-0.009367440827190876,0.43860340118408203,0.5693486928939819,-0.021258529275655746,0.5164027214050293,0.5237941145896912,-0.034663937985897064,0.4331906735897064,0.5029435753822327,-0.05598977953195572,0.3882201313972473,0.5296909809112549,-0.06664736568927765,0.36129751801490784,0.5579046607017517,-0.07132402062416077,0.5167196393013,0.573630154132843,-0.048275504261255264,0.42724114656448364,0.5440731048583984,-0.06694278120994568,0.37447845935821533,0.568816065788269,-0.07162349671125412,0.3415440320968628,0.5982168912887573,-0.0746665820479393,0.5118521451950073,0.6396908760070801,-0.059781063348054886,0.4250810146331787,0.6124626398086548,-0.07398711144924164,0.3729672431945801,0.6280814409255981,-0.07614578306674957,0.34098315238952637,0.6496162414550781,-0.07734153419733047,0.5039066076278687,0.709600031375885,-0.06944941729307175,0.4322272539138794,0.6785531044006348,-0.08198384195566177,0.39093315601348877,0.6748480796813965,-0.0842842310667038,0.3613568842411041,0.6804010272026062,-0.08507920801639557,drink
0.5943779945373535,0.6955297589302063,-1.7606099333988823e-07,0.5592044591903687,0.6157450675964355,0.006130756810307503,0.5153874754905701,0.5495494604110718,-0.0027545434422791004,0.46955329179763794,0.528211236000061,-0.013304180465638638,0.43236738443374634,0.5357667803764343,-0.0258164145052433,0.5186570286750793,0.4999428391456604,-0.03117353655397892,0.44075608253479004,0.4716178774833679,-0.05413852259516716,0.3950149416923523,0.49935558438301086,-0.06714567542076111,0.36810776591300964,0.5329016447067261,-0.07278693467378616,0.5215440988540649,0.5433399081230164,-0.04412645101547241,0.4350683391094208,0.5129804611206055,-0.06194064021110535,0.38356709480285645,0.5356194376945496,-0.06674404442310333,0.3506745398044586,0.5667344927787781,-0.07017949223518372,0.5178220868110657,0.6053294539451599,-0.055810995399951935,0.4331377148628235,0.5776957273483276,-0.06881898641586304,0.3838678300380707,0.5890422463417053,-0.07009095698595047,0.35311946272850037,0.6111935377120972,-0.07091570645570755,0.5086628794670105,0.675137996673584,-0.06611809879541397,0.43885377049446106,0.6446262001991272,-0.07518666982650757,0.4000771641731262,0.6406201720237732,-0.07509350776672363,0.3719322383403778,0.6488154530525208,-0.0746200904250145,drink
0.5939066410064697,0.664790689945221,-2.153926459413924e-07,0.5624211430549622,0.5882109999656677,0.011621381156146526,0.527402400970459,0.5179823637008667,0.00647124694660306,0.49612894654273987,0.4808908998966217,-0.0017784304218366742,0.4679303765296936,0.4737825095653534,-0.012129868380725384,0.5209232568740845,0.4624379277229309,-0.020988723263144493,0.4500426650047302,0.42156174778938293,-0.04241616278886795,0.4023408889770508,0.44057464599609375,-0.055147476494312286,0.37271222472190857,0.46666815876960754,-0.06101631373167038,0.5221900343894958,0.4939044713973999,-0.03614522144198418,0.4435316324234009,0.4539920687675476,-0.05276546627283096,0.3943694531917572,0.4773772954940796,-0.056936029344797134,0.36290058493614197,0.506809413433075,-0.0597720742225647,0.5187473297119141,0.5442345142364502,-0.050150152295827866,0.4425281882286072,0.5105588436126709,-0.0607302151620388,0.3960420787334442,0.5235337615013123,-0.06120182201266289,0.3653847277164459,0.5441878437995911,-0.062208034098148346,0.5113516449928284,0.6052885055541992,-0.06283599883317947,0.448351114988327,0.5792891979217529,-0.0696706548333168,0.413125604391098,0.5751364827156067,-0.06933801621198654,0.3858981430530548,0.5775576829910278,-0.06930124759674072,drink
0.587689220905304,0.6388066411018372,-2.588889458365884e-07,0.5209249258041382,0.6326161026954651,0.0010360274463891983,0.47137922048568726,0.5905481576919556,-0.008253935724496841,0.433182030916214,0.5696642398834229,-0.019481204450130463,0.40127047896385193,0.5646671056747437,-0.030190346762537956,0.5244804620742798,0.4308435022830963,-0.0166473388671875,0.4540371596813202,0.37920668721199036,-0.03847445175051689,0.40393418073654175,0.40170273184776306,-0.05350765585899353,0.37485724687576294,0.4364287555217743,-0.06104569509625435,0.5314366817474365,0.43887048959732056,-0.026705149561166763,0.4478544592857361,0.3901793360710144,-0.04507625102996826,0.39710018038749695,0.41771984100341797,-0.05338497459888458,0.3712303638458252,0.4547106921672821,-0.05857342854142189,0.52899569272995,0.4664266109466553,-0.03736747056245804,0.45007866621017456,0.4207575023174286,-0.05164685845375061,0.4012915790081024,0.4411140978336334,-0.05474594235420227,0.3731001317501068,0.4728570282459259,-0.056021928787231445,0.5190126895904541,0.5095086693763733,-0.04785400256514549,0.45652103424072266,0.47488901019096375,-0.058789387345314026,0.4178260564804077,0.4780138432979584,-0.06123747304081917,0.39218711853027344,0.49225085973739624,-0.061952900141477585,drink
0.5869210362434387,0.614606499671936,-2.9181222771512694e-07,0.5221611261367798,0.6106272339820862,0.0049080983735620975,0.47165095806121826,0.5636597871780396,-0.00019484620133880526,0.4337882399559021,0.5397005081176758,-0.010029823519289494,0.3994691073894501,0.5235317945480347,-0.019361985847353935,0.5099321007728577,0.4034748673439026,0.00807987991720438,0.45783594250679016,0.3535946309566498,-0.011802131310105324,0.414291650056839,0.3590385913848877,-0.0288565494120121,0.3833343982696533,0.37995240092277527,-0.038464732468128204,0.5213978886604309,0.3988068997859955,-0.00631044851616025,0.45331260561943054,0.34981757402420044,-0.02292564883828163,0.4057503044605255,0.3632245361804962,-0.034717489033937454,0.3762636184692383,0.38800662755966187,-0.04153885692358017,0.5262469053268433,0.41517502069473267,-0.023142069578170776,0.4588696360588074,0.3677181601524353,-0.03869874030351639,0.41109415888786316,0.37838539481163025,-0.04405054822564125,0.37981513142585754,0.39921990036964417,-0.04536637291312218,0.5222920179367065,0.44933584332466125,-0.04008586332201958,0.46553847193717957,0.4065273404121399,-0.052418872714042664,0.42969003319740295,0.4029770791530609,-0.05511705204844475,0.4039437472820282,0.4101755917072296,-0.054808445274829865,drink
0.586271345615387,0.592829167842865,-1.9352825120222406e-07,0.523586630821228,0.5876968502998352,0.014612795785069466,0.47199925780296326,0.544079065322876,0.015535837039351463,0.4345724582672119,0.5254578590393066,0.007822705432772636,0.40176743268966675,0.5015040636062622,8.678008452989161e-05,0.48988890647888184,0.4104169011116028,0.030053438618779182,0.451462060213089,0.3448122441768646,0.015765881165862083,0.4134541451931,0.33780068159103394,0.0011924637947231531,0.38444381952285767,0.34747833013534546,-0.007931778207421303,0.5001623630523682,0.40189433097839355,0.008316288702189922,0.4493977427482605,0.32664066553115845,-0.005993438884615898,0.4054684638977051,0.3267693519592285,-0.019035788252949715,0.3762744963169098,0.34698933362960815,-0.026430465281009674,0.5085001587867737,0.406961590051651,-0.016330087557435036,0.4566234350204468,0.33396536111831665,-0.02957235835492611,0.4103916585445404,0.33495858311653137,-0.036991629749536514,0.3798362910747528,0.3540835678577423,-0.04008210822939873,0.511918842792511,0.42506474256515503,-0.0410144068300724,0.4640541970729828,0.3662657141685486,-0.05149061977863312,0.4272240698337555,0.35679349303245544,-0.05517784506082535,0.40090563893318176,0.364725798368454,-0.056497953832149506,drink
0.584323525428772,0.5724311470985413,-9.576336879035807e-08,0.5238106846809387,0.5684182047843933,0.01096498966217041,0.47022488713264465,0.5267950296401978,0.01606721617281437,0.43289896845817566,0.5053761005401611,0.013574760407209396,0.3991261124610901,0.48683348298072815,0.011007584631443024,0.47909092903137207,0.41099968552589417,0.04001094773411751,0.44501444697380066,0.3582032024860382,0.03752916678786278,0.41680923104286194,0.3391273319721222,0.029490038752555847,0.3899746239185333,0.3281556963920593,0.021711204200983047,0.4905775785446167,0.39466550946235657,0.022722167894244194,0.44952598214149475,0.33332014083862305,0.01825162209570408,0.4144098460674286,0.3186589181423187,0.008804483339190483,0.38288718461990356,0.3177504539489746,0.0012643920490518212,0.5025848746299744,0.3897656798362732,0.00207334291189909,0.4590468406677246,0.3296048045158386,-0.005208050366491079,0.42240259051322937,0.31838369369506836,-0.011276083067059517,0.3916112184524536,0.31943026185035706,-0.015579784289002419,0.512016236782074,0.39402225613594055,-0.01920449547469616,0.46952304244041443,0.34619781374931335,-0.025586068630218506,0.43780791759490967,0.3344249725341797,-0.02796650491654873,0.4104175269603729,0.333134263753891,-0.030167371034622192,drink
0.5838400721549988,0.5482109189033508,-9.452936211573615e-08,0.5261000990867615,0.5506322383880615,0.017884325236082077,0.4740392565727234,0.5136507153511047,0.028407437726855278,0.4380044937133789,0.4931616187095642,0.029890965670347214,0.40469202399253845,0.47492486238479614,0.03109077736735344,0.4757155478000641,0.4039592742919922,0.05439291521906853,0.4419904947280884,0.36210429668426514,0.05819258838891983,0.4158925414085388,0.3466070890426636,0.05315835401415825,0.39110007882118225,0.3361610770225525,0.046861838549375534,0.48562172055244446,0.3824729323387146,0.034697625786066055,0.44573307037353516,0.33188363909721375,0.036943353712558746,0.41265925765037537,0.3186730444431305,0.029757695272564888,0.3835960328578949,0.3188942074775696,0.02308996021747589,0.49746522307395935,0.37133532762527466,0.011797054670751095,0.45602947473526,0.3181312382221222,0.009486914612352848,0.4217929244041443,0.3111959993839264,0.00529802031815052,0.3934651017189026,0.31777483224868774,0.0018231444992125034,0.5083910822868347,0.36773350834846497,-0.011496095918118954,0.46634435653686523,0.3249121904373169,-0.014792063273489475,0.435304194688797,0.31961989402770996,-0.015422931872308254,0.4097413420677185,0.326648086309433,-0.016462521627545357,drink
0.5810777544975281,0.5309433341026306,-7.325601814045513e-08,0.5269080400466919,0.5372427701950073,0.012490262277424335,0.4748007655143738,0.5054651498794556,0.02264481410384178,0.4381214380264282,0.4870027005672455,0.025044811889529228,0.4055710732936859,0.4679182171821594,0.027833329513669014,0.4731430411338806,0.3988427221775055,0.05286787077784538,0.43836045265197754,0.36468803882598877,0.057126615196466446,0.4128285050392151,0.35161635279655457,0.05205536633729935,0.3883686363697052,0.342107892036438,0.04581158608198166,0.4814251661300659,0.3757219612598419,0.03713170066475868,0.44198480248451233,0.3314374089241028,0.04048081859946251,0.4099907875061035,0.31997939944267273,0.03329136222600937,0.3820918798446655,0.32014405727386475,0.02651629038155079,0.4927458167076111,0.36141422390937805,0.01773097552359104,0.4526233673095703,0.3134685158729553,0.016316335648298264,0.41955074667930603,0.3086327016353607,0.01147140096873045,0.39274129271507263,0.31691107153892517,0.007651236839592457,0.5042689442634583,0.3529195189476013,-0.0025607445277273655,0.4633077085018158,0.31394633650779724,-0.005383562296628952,0.4318380653858185,0.3120119273662567,-0.006642964202910662,0.40621063113212585,0.3220089375972748,-0.007962951436638832,drink
0.5804370045661926,0.5230204463005066,-8.796428829782599e-08,0.5282637476921082,0.5336334705352783,0.01288056280463934,0.47596657276153564,0.5056440234184265,0.024103417992591858,0.4398525357246399,0.48866379261016846,0.027783656492829323,0.4084475338459015,0.46992677450180054,0.03192433714866638,0.47102051973342896,0.39902815222740173,0.05493742227554321,0.43639278411865234,0.3666163682937622,0.06061960384249687,0.4118688404560089,0.3558681309223175,0.05595972761511803,0.38750678300857544,0.3495683968067169,0.04979851469397545,0.4790203869342804,0.37538644671440125,0.039720505475997925,0.4412159323692322,0.3357335925102234,0.04398322477936745,0.4110683798789978,0.32654526829719543,0.03583385422825813,0.3837679326534271,0.33005407452583313,0.028240611776709557,0.4901427626609802,0.3592975437641144,0.020981503650546074,0.4516716003417969,0.3177085220813751,0.02089158445596695,0.42083507776260376,0.31286484003067017,0.015451542101800442,0.39440643787384033,0.3209554851055145,0.01079630572348833,0.5017728805541992,0.34846463799476624,0.0013988743303343654,0.4616640508174896,0.3155979812145233,-0.00019840603636112064,0.4321229159832001,0.31379571557044983,-0.001463819295167923,0.4072970449924469,0.32169675827026367,-0.0030796462669968605,drink
0.5780476927757263,0.5256356000900269,-1.1484398498851078e-07,0.5287675857543945,0.535478413105011,0.00442619388923049,0.4779011309146881,0.5124942660331726,0.010676664300262928,0.441692590713501,0.49884387850761414,0.011520752683281898,0.41149839758872986,0.4819474220275879,0.013196528889238834,0.47303667664527893,0.4142547845840454,0.03984776511788368,0.4397752285003662,0.38342106342315674,0.03968510404229164,0.41597411036491394,0.37556102871894836,0.032421279698610306,0.3932904899120331,0.372637540102005,0.02558106742799282,0.47988882660865784,0.38955989480018616,0.02963838540017605,0.4432578682899475,0.3528830409049988,0.02943052351474762,0.4153650999069214,0.3453274071216583,0.021021747961640358,0.3902723491191864,0.34805023670196533,0.013897520489990711,0.49015429615974426,0.36967530846595764,0.01575499027967453,0.45302653312683105,0.33137843012809753,0.01373386662453413,0.4247254431247711,0.3257775902748108,0.009129648096859455,0.40068456530570984,0.3318856656551361,0.005384162534028292,0.5021323561668396,0.35306981205940247,0.0005027619190514088,0.46489712595939636,0.3223709464073181,-0.001396028557792306,0.43794935941696167,0.31939637660980225,-0.0019876165315508842,0.41539284586906433,0.32601311802864075,-0.0028369948267936707,drink
0.5750932097434998,0.5283108949661255,-8.730701495096582e-08,0.5294720530509949,0.5465126633644104,0.0020727203227579594,0.47871556878089905,0.5278071761131287,0.007752692326903343,0.442461758852005,0.5121484994888306,0.009109332226216793,0.4137655794620514,0.4932566285133362,0.011230033822357655,0.46985891461372375,0.43235623836517334,0.03368407487869263,0.4361748695373535,0.4044956564903259,0.03322752192616463,0.41307321190834045,0.39539942145347595,0.026293542236089706,0.3912435472011566,0.38991379737854004,0.019571596756577492,0.4766211211681366,0.40656518936157227,0.02544945292174816,0.4399854242801666,0.37524452805519104,0.024614188820123672,0.41289764642715454,0.36678391695022583,0.016304373741149902,0.38845521211624146,0.36737164855003357,0.00942165032029152,0.4869164228439331,0.3851673901081085,0.013951376080513,0.4496203064918518,0.3531716763973236,0.011217462830245495,0.4227914810180664,0.3453771471977234,0.006468220613896847,0.3989885747432709,0.3483349680900574,0.002865623449906707,0.499705046415329,0.3667295575141907,0.0011440342059358954,0.46282660961151123,0.3396601378917694,-0.002031031297519803,0.4369097352027893,0.33534130454063416,-0.003101166570559144,0.41447576880455017,0.3393833637237549,-0.003919329959899187,drink
0.5711885690689087,0.5308676362037659,-9.226659614114396e-08,0.5268896818161011,0.5544221997261047,0.00118210818618536,0.4778042733669281,0.5425022840499878,0.006088342983275652,0.4429053068161011,0.5281599164009094,0.007021337281912565,0.41610515117645264,0.5099164247512817,0.008700826205313206,0.4700922966003418,0.44863471388816833,0.030743157491087914,0.43636444211006165,0.42352786660194397,0.029512513428926468,0.4131748080253601,0.4173320233821869,0.022375278174877167,0.391557902097702,0.4149634838104248,0.015706852078437805,0.4759474992752075,0.42178723216056824,0.02321845479309559,0.4386419653892517,0.394477516412735,0.021447647362947464,0.4111652076244354,0.3894684612751007,0.012850318104028702,0.3869193196296692,0.3929877281188965,0.0060155089013278484,0.4854297935962677,0.3989272117614746,0.012611234560608864,0.4472115635871887,0.3713066577911377,0.009390216320753098,0.4201280474662781,0.3668868839740753,0.004469532519578934,0.3965921103954315,0.372437983751297,0.0009402963914908469,0.49782633781433105,0.37895411252975464,0.0007548167486675084,0.46112436056137085,0.35679078102111816,-0.002720281947404146,0.43498778343200684,0.35541850328445435,-0.003952888771891594,0.4127085506916046,0.36183661222457886,-0.004721455741673708,drink
0.5699533224105835,0.5366818904876709,-6.10437993486812e-08,0.5257810950279236,0.5576421022415161,0.002797959605231881,0.4766141176223755,0.5479633212089539,0.008456852287054062,0.44085952639579773,0.5384647250175476,0.009458893910050392,0.41502201557159424,0.5141672492027283,0.011206047609448433,0.47007665038108826,0.4575466513633728,0.03636004403233528,0.43668144941329956,0.4361206591129303,0.037072595208883286,0.4139381945133209,0.4306454062461853,0.030974512919783592,0.39276641607284546,0.4271835684776306,0.024768684059381485,0.4760608673095703,0.430142879486084,0.027867717668414116,0.4394484758377075,0.40454384684562683,0.027911564335227013,0.41216814517974854,0.39815381169319153,0.019841602072119713,0.3881778120994568,0.3996506631374359,0.013250716030597687,0.48563486337661743,0.4065781235694885,0.01602434366941452,0.4477466344833374,0.38025736808776855,0.013704393990337849,0.4201558232307434,0.3747057318687439,0.008905339054763317,0.39594557881355286,0.3791537582874298,0.005528619512915611,0.4974859952926636,0.3862708806991577,0.0029714780393987894,0.459714412689209,0.3663948178291321,-0.00040887907380238175,0.4327561855316162,0.3657853603363037,-0.0019993337336927652,0.4093295633792877,0.37282976508140564,-0.0030223026406019926,drink
0.5689590573310852,0.5353843569755554,-4.609137249644846e-08,0.5274484157562256,0.5593658089637756,0.002076036063954234,0.47769469022750854,0.5510677695274353,0.007801215164363384,0.4412281811237335,0.5406818389892578,0.009133962914347649,0.4151216447353363,0.514868974685669,0.011352231726050377,0.4692627787590027,0.4595721662044525,0.03694537654519081,0.4365346133708954,0.4383494257926941,0.03891431912779808,0.41399502754211426,0.4335857033729553,0.03372946009039879,0.39269939064979553,0.4309401214122772,0.028037119656801224,0.4758666753768921,0.4314132630825043,0.028943682089447975,0.4391937553882599,0.4037114679813385,0.03105427883565426,0.41209959983825684,0.3975205421447754,0.02436603046953678,0.3880669176578522,0.39902493357658386,0.018317019566893578,0.4862399101257324,0.40814805030822754,0.01738668791949749,0.448562890291214,0.3784373700618744,0.015946928411722183,0.4210374355316162,0.3734341859817505,0.011360463686287403,0.3972748816013336,0.37975916266441345,0.007845391519367695,0.4983695149421692,0.3883053660392761,0.004585506394505501,0.4599356949329376,0.36871588230133057,0.001599433715455234,0.4340117275714874,0.3691647946834564,7.810563693055883e-05,0.41234439611434937,0.37770456075668335,-0.001142585650086403,drink
0.5689138770103455,0.5335705876350403,-3.585558161489644e-08,0.5281985998153687,0.5590636134147644,0.0011748546967282891,0.4775402247905731,0.5516695976257324,0.006513463798910379,0.4404856562614441,0.5408270955085754,0.007659577764570713,0.41441357135772705,0.5138773322105408,0.009749844670295715,0.4687756597995758,0.4600728452205658,0.03636991232633591,0.43604880571365356,0.4376554489135742,0.03836279362440109,0.41377174854278564,0.4326857626438141,0.033158037811517715,0.3929554224014282,0.43082064390182495,0.02746964432299137,0.475198894739151,0.4314948618412018,0.02897171676158905,0.4382464587688446,0.403544545173645,0.03102126531302929,0.41137605905532837,0.3974187970161438,0.024060552939772606,0.3878781497478485,0.399422824382782,0.01788763515651226,0.48516231775283813,0.408066064119339,0.01796804927289486,0.44711828231811523,0.37855565547943115,0.016814516857266426,0.41951632499694824,0.3732953667640686,0.011797922663390636,0.39592623710632324,0.37953099608421326,0.007874288596212864,0.49707162380218506,0.3877352476119995,0.005641890689730644,0.4589393734931946,0.3686985969543457,0.0027624908834695816,0.4324028491973877,0.36851975321769714,0.0006009936914779246,0.40989968180656433,0.37588825821876526,-0.0011744261719286442,drink
0.5686612129211426,0.532242476940155,-3.229471801091677e-08,0.527863085269928,0.5580979585647583,0.0014543529832735658,0.477021723985672,0.5513113737106323,0.007314880378544331,0.4400184154510498,0.5404066443443298,0.008990702219307423,0.4141196012496948,0.5135996341705322,0.011679189279675484,0.46767356991767883,0.45934608578681946,0.03760853409767151,0.43484213948249817,0.43674546480178833,0.0404331237077713,0.41272199153900146,0.4319036602973938,0.035731736570596695,0.3921467661857605,0.43027302622795105,0.030330626294016838,0.47406619787216187,0.4309815764427185,0.03039269708096981,0.4370843172073364,0.40313267707824707,0.03328177332878113,0.41047316789627075,0.39683467149734497,0.026677504181861877,0.38697806000709534,0.39830029010772705,0.020584631711244583,0.48405492305755615,0.40763530135154724,0.019518308341503143,0.4461326003074646,0.3780224025249481,0.018773101270198822,0.4186318814754486,0.37296968698501587,0.013449866324663162,0.3949214518070221,0.3794797360897064,0.009162619709968567,0.4958823025226593,0.38689374923706055,0.007360749877989292,0.4578242003917694,0.36839109659194946,0.004561176523566246,0.4314020276069641,0.3694583475589752,0.0020266312640160322,0.4087755084037781,0.37775054574012756,-0.00012815167428925633,drink
0.5678648352622986,0.5330718755722046,-3.018757865902444e-08,0.5258116722106934,0.5582245588302612,0.0003117932647000998,0.47620630264282227,0.5514622926712036,0.005306157283484936,0.4393885135650635,0.5401784777641296,0.006318308413028717,0.4133528470993042,0.513745903968811,0.00835336372256279,0.4678303897380829,0.4594431519508362,0.03604203835129738,0.43489158153533936,0.4362987279891968,0.03780394792556763,0.4128688871860504,0.4315681457519531,0.03248171508312225,0.3923971354961395,0.4305495619773865,0.026888223364949226,0.474597305059433,0.43128398060798645,0.029361318796873093,0.4375019967556,0.4021562933921814,0.0312008298933506,0.41104668378829956,0.39591550827026367,0.0240449458360672,0.38746336102485657,0.397552490234375,0.017740214243531227,0.4848942160606384,0.4080042541027069,0.018969235941767693,0.44707462191581726,0.37671878933906555,0.017395198345184326,0.4196074306964874,0.3715607225894928,0.011742303147912025,0.3959107995033264,0.3786958158016205,0.0074820490553975105,0.4970461428165436,0.387559175491333,0.007277549244463444,0.4589255452156067,0.3677237927913666,0.004242487717419863,0.4327394962310791,0.3688472807407379,0.001852966845035553,0.41051673889160156,0.37834492325782776,-5.888735904591158e-05,drink
0.567045271396637,0.5331711173057556,-3.254847058542509e-08,0.5249744057655334,0.5582844018936157,0.0015468733618035913,0.475725382566452,0.5505548715591431,0.0075674355030059814,0.43886229395866394,0.5393747091293335,0.009228536859154701,0.4131292998790741,0.5130887031555176,0.011856554076075554,0.468515008687973,0.4589017629623413,0.039244625717401505,0.43573111295700073,0.43601155281066895,0.04190351441502571,0.4133480489253998,0.4316829442977905,0.036867860704660416,0.3926090896129608,0.4306977689266205,0.031381722539663315,0.47484922409057617,0.430806964635849,0.0321321040391922,0.4377521574497223,0.4016299843788147,0.03492581844329834,0.4108009934425354,0.39513570070266724,0.02780875563621521,0.3868226408958435,0.3960343599319458,0.02137172408401966,0.4847690165042877,0.40751129388809204,0.021239198744297028,0.4472035765647888,0.3760112524032593,0.02037503942847252,0.41948074102401733,0.3709698021411896,0.014553303830325603,0.3956699073314667,0.3780617117881775,0.010054638609290123,0.4963524043560028,0.38707560300827026,0.009085691533982754,0.4583493769168854,0.3671993315219879,0.006469368934631348,0.43179771304130554,0.36865344643592834,0.0039510419592261314,0.4092433750629425,0.3782850205898285,0.0018453620141372085,drink
0.5657672882080078,0.5349246263504028,-3.756164090873426e-08,0.5239391326904297,0.5585285425186157,0.002854330698028207,0.4753713607788086,0.5498135089874268,0.009286560118198395,0.4386451542377472,0.5385591387748718,0.01095154881477356,0.41242825984954834,0.512351393699646,0.013496165163815022,0.4685708284378052,0.4577067196369171,0.0412585511803627,0.4362206757068634,0.43568018078804016,0.044448792934417725,0.41391521692276,0.4317895472049713,0.039641715586185455,0.39319413900375366,0.43109816312789917,0.034226227551698685,0.47484514117240906,0.42999258637428284,0.03318175673484802,0.4379182755947113,0.4010491669178009,0.036365263164043427,0.41081124544143677,0.3948978781700134,0.0294094979763031,0.3868267238140106,0.3963157832622528,0.02308264747262001,0.4846484661102295,0.40709152817726135,0.021333349868655205,0.44693443179130554,0.37577521800994873,0.02058357000350952,0.4189958870410919,0.37103763222694397,0.015100806020200253,0.3951496481895447,0.37837159633636475,0.010906102135777473,0.49608752131462097,0.38731545209884644,0.008266674354672432,0.4575149714946747,0.36721116304397583,0.005628584884107113,0.4305454194545746,0.3685709834098816,0.003299516858533025,0.4078380763530731,0.3781528174877167,0.001374014769680798,drink
0.5657908320426941,0.5370311141014099,-3.831677375387699e-08,0.5236589908599854,0.5592028498649597,0.0030341106466948986,0.4745621979236603,0.550360918045044,0.009222407825291157,0.4377572238445282,0.5403211712837219,0.010539934039115906,0.4122560918331146,0.5128893852233887,0.012757515534758568,0.4686855971813202,0.45805850625038147,0.0410538911819458,0.43632495403289795,0.4360535740852356,0.044361576437950134,0.41385623812675476,0.4316719174385071,0.03975728899240494,0.3928925395011902,0.43048641085624695,0.03442221134901047,0.4749910235404968,0.430698424577713,0.032671280205249786,0.43780285120010376,0.402034193277359,0.03613075613975525,0.4105713665485382,0.39526301622390747,0.02953466959297657,0.3864955008029938,0.3962635397911072,0.023453451693058014,0.48496371507644653,0.4077506363391876,0.020551543682813644,0.4469953775405884,0.3772504925727844,0.020239610224962234,0.41913357377052307,0.37192481756210327,0.015177134424448013,0.3952312171459198,0.3784375488758087,0.011179991066455841,0.496616393327713,0.3879530429840088,0.007176392711699009,0.45798417925834656,0.36797770857810974,0.0048808446153998375,0.4310744106769562,0.36827340722084045,0.002804588060826063,0.40840598940849304,0.37666839361190796,0.0010342129971832037,drink
0.5657917857170105,0.537222683429718,-4.710540224550641e-08,0.5244359374046326,0.560218334197998,0.0029466983396559954,0.4744322597980499,0.5509654879570007,0.009341025725007057,0.4376382529735565,0.540457010269165,0.010920681990683079,0.41188234090805054,0.5133066177368164,0.013450088910758495,0.46866321563720703,0.4584837257862091,0.040756795555353165,0.4363947808742523,0.4364722669124603,0.04418875649571419,0.41410136222839355,0.4324796795845032,0.03970925882458687,0.39318564534187317,0.4315530061721802,0.03436695784330368,0.4747444987297058,0.43053552508354187,0.032342687249183655,0.4375447928905487,0.40237340331077576,0.03576814383268356,0.4101164638996124,0.39606592059135437,0.02933495305478573,0.38610026240348816,0.39783522486686707,0.023349782451987267,0.4844583570957184,0.40746116638183594,0.020158378407359123,0.446086585521698,0.3773922324180603,0.019675256684422493,0.4179591238498688,0.3725733757019043,0.014658970758318901,0.39391252398490906,0.3792417049407959,0.010676088742911816,0.49584290385246277,0.3873979449272156,0.006698949262499809,0.45712441205978394,0.3680008053779602,0.00402289442718029,0.42974209785461426,0.3686572313308716,0.001658609020523727,0.40649500489234924,0.37686365842819214,-0.0003410375502426177,drink
0.5664682388305664,0.5384416580200195,-4.437578127181041e-08,0.5244064927101135,0.5613896250724792,0.004445163533091545,0.4747718274593353,0.5513337254524231,0.011830661445856094,0.43798214197158813,0.5407422780990601,0.014003095217049122,0.4118706285953522,0.5144564509391785,0.01703418418765068,0.46948865056037903,0.4588010311126709,0.04414895176887512,0.4371752440929413,0.43639183044433594,0.04863927885890007,0.4143902659416199,0.4321194291114807,0.04447309300303459,0.3929031789302826,0.4309955835342407,0.03919852152466774,0.4755288064479828,0.431484580039978,0.035062238574028015,0.43842512369155884,0.40258926153182983,0.039539676159620285,0.4107118546962738,0.3959479033946991,0.032946594059467316,0.3861749470233917,0.3974233567714691,0.026622619479894638,0.48510390520095825,0.4084654748439789,0.02222318761050701,0.4470074772834778,0.3780531883239746,0.022693539038300514,0.4186785817146301,0.3724931478500366,0.017681866884231567,0.3942614197731018,0.3787176311016083,0.013454781845211983,0.496158242225647,0.38833022117614746,0.008151373825967312,0.4573647975921631,0.36893755197525024,0.006398089230060577,0.43008705973625183,0.36891552805900574,0.004482227377593517,0.40683257579803467,0.37644538283348083,0.0026102978736162186,drink
0.5665661096572876,0.539400041103363,-4.167759115603076e-08,0.5239199995994568,0.5620869398117065,0.00551318284124136,0.4742247760295868,0.551686704158783,0.013563969172537327,0.4378662705421448,0.5403022766113281,0.016164973378181458,0.41157323122024536,0.5145877599716187,0.019572798162698746,0.46906721591949463,0.45830628275871277,0.04606229439377785,0.4363705813884735,0.435819536447525,0.05128783360123634,0.4137241244316101,0.43135860562324524,0.0473734475672245,0.3923369348049164,0.4299539625644684,0.04218539223074913,0.47524675726890564,0.43081146478652954,0.03647775948047638,0.43781429529190063,0.40228256583213806,0.04164548218250275,0.4102475643157959,0.3951722979545593,0.035039179027080536,0.38590529561042786,0.39632275700569153,0.02857668325304985,0.48486611247062683,0.4079286754131317,0.02313566952943802,0.4465535283088684,0.3774387538433075,0.024026136845350266,0.4183904528617859,0.3718918561935425,0.018705319613218307,0.3940788209438324,0.37842264771461487,0.014145782217383385,0.49590614438056946,0.3879539668560028,0.008629190735518932,0.45697319507598877,0.3685559332370758,0.007022669073194265,0.4296802878379822,0.3686133921146393,0.004815900698304176,0.40620943903923035,0.37635043263435364,0.002633479190990329,drink
0.5660290122032166,0.5406547784805298,-4.874228665130431e-08,0.523639976978302,0.5634363293647766,0.005104855168610811,0.474058598279953,0.5524793863296509,0.012931928038597107,0.4375583827495575,0.5405371189117432,0.015462626703083515,0.4120353162288666,0.514918863773346,0.01875324547290802,0.4690646827220917,0.4593938887119293,0.04491312429308891,0.43675923347473145,0.4367155134677887,0.04975896328687668,0.41410356760025024,0.43202242255210876,0.04567398875951767,0.39269933104515076,0.43052777647972107,0.04046054184436798,0.47519418597221375,0.43237462639808655,0.03566284850239754,0.43825003504753113,0.40325573086738586,0.04048914834856987,0.4106752574443817,0.3964047133922577,0.03388797491788864,0.38614827394485474,0.3978041708469391,0.027565045282244682,0.4847913086414337,0.40950849652290344,0.02273387275636196,0.4467518925666809,0.37906479835510254,0.023639056831598282,0.41848647594451904,0.3727610111236572,0.018765360116958618,0.39406976103782654,0.3784055709838867,0.014597412198781967,0.49585095047950745,0.38952893018722534,0.008608503267168999,0.4568491280078888,0.3695243299007416,0.007282084319740534,0.42948445677757263,0.36854007840156555,0.005672164261341095,0.40595999360084534,0.3752099275588989,0.004003246780484915,drink
0.5661279559135437,0.5417154431343079,-4.194012603875308e-08,0.5245087742805481,0.5648576021194458,0.005128141026943922,0.4745056927204132,0.5539159774780273,0.012764020822942257,0.43777620792388916,0.5416586995124817,0.015024401247501373,0.4112929701805115,0.5156726241111755,0.018072128295898438,0.4686695337295532,0.45977404713630676,0.044879961758852005,0.4366181194782257,0.4366787075996399,0.04969687759876251,0.413808673620224,0.43191763758659363,0.04560976102948189,0.3923872411251068,0.43076902627944946,0.04036930575966835,0.4749082624912262,0.4323689937591553,0.03529970347881317,0.4380375146865845,0.40265777707099915,0.04007849097251892,0.41016581654548645,0.3959229588508606,0.03355967253446579,0.38566312193870544,0.39791426062583923,0.02729186601936817,0.48441916704177856,0.40985286235809326,0.02200506255030632,0.44638779759407043,0.3784310817718506,0.02272671088576317,0.4179527163505554,0.37249380350112915,0.017874140292406082,0.3936038911342621,0.37890225648880005,0.013732907362282276,0.49524569511413574,0.3906589448451996,0.007493572309613228,0.4564759135246277,0.36942413449287415,0.00577588053420186,0.4290507137775421,0.36856314539909363,0.003918479662388563,0.40566134452819824,0.3759899437427521,0.0020848019048571587,drink
0.5658385157585144,0.5423269271850586,-3.5066047843201886e-08,0.5226086974143982,0.5646395683288574,0.009315287694334984,0.4733927249908447,0.5535892248153687,0.01911759562790394,0.43736183643341064,0.5416436791419983,0.022384973242878914,0.4106583595275879,0.5162681937217712,0.02615751512348652,0.46816882491111755,0.46039068698883057,0.053172871470451355,0.43609416484832764,0.43708452582359314,0.060651447623968124,0.41324201226234436,0.4322664439678192,0.057763390243053436,0.391901433467865,0.43156248331069946,0.05306205525994301,0.47452452778816223,0.4333511292934418,0.041422389447689056,0.4373244345188141,0.40318790078163147,0.04859430715441704,0.409385085105896,0.3960839807987213,0.04233429953455925,0.3849882483482361,0.39855900406837463,0.035959817469120026,0.4839945435523987,0.4106141924858093,0.025918126106262207,0.44571545720100403,0.3790827989578247,0.028300296515226364,0.4171130359172821,0.37283921241760254,0.023410174995660782,0.3925091624259949,0.37983283400535583,0.018886085599660873,0.49466127157211304,0.3911171555519104,0.009401916526257992,0.4553834795951843,0.37113144993782043,0.008772552013397217,0.42793571949005127,0.3702337145805359,0.007068872917443514,0.40425559878349304,0.37739846110343933,0.005033524241298437,drink
0.5655620694160461,0.5428606271743774,-3.868539266704829e-08,0.5218360424041748,0.5649482607841492,0.008075626567006111,0.47266605496406555,0.5543365478515625,0.01724013313651085,0.436646044254303,0.5426575541496277,0.02017662487924099,0.41042667627334595,0.5169644951820374,0.023671498522162437,0.4682592749595642,0.46097755432128906,0.05078985542058945,0.4362362027168274,0.43730083107948303,0.057091306895017624,0.4134301245212555,0.4327315092086792,0.05349309369921684,0.39184632897377014,0.4320005178451538,0.048388488590717316,0.4747890830039978,0.4335935115814209,0.03960040956735611,0.4374765455722809,0.4029107391834259,0.04554474353790283,0.4093914031982422,0.3957732021808624,0.03874902054667473,0.38461291790008545,0.3979075849056244,0.03205874562263489,0.48461541533470154,0.41084232926368713,0.02463497593998909,0.44626134634017944,0.3783831000328064,0.025794483721256256,0.41749224066734314,0.3726212978363037,0.020381612703204155,0.39272135496139526,0.38001370429992676,0.015720577910542488,0.49552392959594727,0.3914271295070648,0.00866006687283516,0.4560841917991638,0.3707863986492157,0.00718571525067091,0.42862725257873535,0.3703458309173584,0.005142856854945421,0.4050837457180023,0.37804970145225525,0.0029967885930091143,drink
0.5650360584259033,0.544141411781311,-4.724191171590064e-08,0.5225657224655151,0.5660185217857361,0.006132116075605154,0.47253283858299255,0.5546419620513916,0.014320514164865017,0.4362384080886841,0.5426602959632874,0.016848698258399963,0.41016942262649536,0.5169767141342163,0.02011466585099697,0.4677330255508423,0.4608481824398041,0.04663851112127304,0.4358748197555542,0.43694716691970825,0.05175552889704704,0.4132784605026245,0.43266740441322327,0.04778521507978439,0.39192643761634827,0.4325033128261566,0.04263588413596153,0.4740898907184601,0.4335925877094269,0.0365009531378746,0.4370552897453308,0.4030047655105591,0.041399672627449036,0.40902596712112427,0.39617669582366943,0.03481164202094078,0.3844459056854248,0.39897289872169495,0.02851320616900921,0.48389896750450134,0.41130632162094116,0.022614089772105217,0.4456009566783905,0.37883371114730835,0.023210367187857628,0.4169999659061432,0.3730529248714447,0.018069656565785408,0.39254966378211975,0.38050878047943115,0.013785663060843945,0.49490487575531006,0.39230215549468994,0.007606836035847664,0.45564496517181396,0.371059775352478,0.005724944639950991,0.4280030429363251,0.37024858593940735,0.0036192985717207193,0.40442395210266113,0.37768760323524475,0.001610614825040102,drink
0.5656739473342896,0.5442879796028137,-5.1080021989946545e-08,0.5226104855537415,0.5666607618331909,0.007201132830232382,0.47238650918006897,0.5549238324165344,0.01598729006946087,0.43605002760887146,0.5423075556755066,0.018867291510105133,0.4096762537956238,0.5167727470397949,0.022408554330468178,0.46744173765182495,0.4613001346588135,0.048190947622060776,0.43553775548934937,0.43719857931137085,0.0539894625544548,0.41299524903297424,0.43275949358940125,0.05032176151871681,0.3914898633956909,0.43254610896110535,0.045232247561216354,0.4738083779811859,0.4339043200016022,0.03747298941016197,0.4366779923439026,0.40327078104019165,0.04294130578637123,0.40857961773872375,0.39634233713150024,0.036427002400159836,0.3838801681995392,0.3996101915836334,0.030051354318857193,0.4836656153202057,0.4117698073387146,0.02304830215871334,0.4452243447303772,0.37926968932151794,0.024135848507285118,0.4167468845844269,0.37349769473075867,0.019001226872205734,0.3922556936740875,0.3812792897224426,0.014538542367517948,0.49480605125427246,0.3930341899394989,0.007559238467365503,0.4554865062236786,0.37188196182250977,0.00597728556022048,0.4280602037906647,0.37133774161338806,0.0038882142398506403,0.40458035469055176,0.379122257232666,0.0017567374743521214,drink
