0.5397312045097351,0.6412727236747742,-4.3919834524785983e-07,0.492368221282959,0.5865330696105957,0.012190969660878181,0.47303661704063416,0.5250190496444702,0.011592891067266464,0.4505053162574768,0.48195943236351013,0.005955427885055542,0.4299512207508087,0.45024949312210083,-0.0007915221503935754,0.5459378957748413,0.4403809607028961,0.015669528394937515,0.48951610922813416,0.4002916216850281,0.009051977656781673,0.4550641179084778,0.40985703468322754,-9.32477560127154e-05,0.43277451395988464,0.42693671584129333,-0.005729351192712784,0.5477603673934937,0.44145214557647705,0.0040097422897815704,0.48570576310157776,0.3872714638710022,-0.0007325030746869743,0.4484778940677643,0.4021461009979248,-0.009805120527744293,0.42265528440475464,0.42649635672569275,-0.016834795475006104,0.5390220880508423,0.45215684175491333,-0.007384010124951601,0.4801364541053772,0.39371606707572937,-0.012525537051260471,0.4446207284927368,0.4077468812465668,-0.01792222075164318,0.4209737181663513,0.4287995994091034,-0.02192453294992447,0.5193573832511902,0.4680464267730713,-0.017737718299031258,0.474158376455307,0.4166604280471802,-0.022184258326888084,0.4491006135940552,0.4169500172138214,-0.02342110313475132,0.43064048886299133,0.42783498764038086,-0.023778291419148445,home
0.5394634008407593,0.6413241028785706,-4.375438891202066e-07,0.4920133054256439,0.5873326063156128,0.011590699665248394,0.47294214367866516,0.5260392427444458,0.010669594630599022,0.450534462928772,0.48254990577697754,0.0049575744196772575,0.42992454767227173,0.4503277838230133,-0.0017998652765527368,0.5462523698806763,0.44223177433013916,0.01418508030474186,0.48998600244522095,0.4012395441532135,0.007651548366993666,0.45553284883499146,0.4105297327041626,-0.0011089618783444166,0.4332132339477539,0.4277276396751404,-0.006450829096138477,0.5482003688812256,0.44288986921310425,0.003050329629331827,0.48615822196006775,0.38786306977272034,-0.0015465776668861508,0.4488368034362793,0.4027545750141144,-0.010084634646773338,0.42321157455444336,0.42718705534935,-0.0168035589158535,0.5394816398620605,0.4535039961338043,-0.007759016938507557,0.48039788007736206,0.3940715789794922,-0.012768578715622425,0.444868803024292,0.40803852677345276,-0.017699623480439186,0.42154404520988464,0.4292612671852112,-0.021462030708789825,0.5197202563285828,0.4691932797431946,-0.01754849962890148,0.47445857524871826,0.41772690415382385,-0.02204323187470436,0.4493725001811981,0.4182407855987549,-0.023169277235865593,0.4313223958015442,0.4296714961528778,-0.02344580739736557,home
0.5398546457290649,0.6415945291519165,-4.3869590626854915e-07,0.4927619397640228,0.5870033502578735,0.009393218904733658,0.4725770056247711,0.5235880613327026,0.007821678183972836,0.4504437744617462,0.480253130197525,0.0019319719867780805,0.4304576814174652,0.448725163936615,-0.004790383391082287,0.545768678188324,0.44180870056152344,0.011716081760823727,0.4900730848312378,0.40117353200912476,0.003328407881781459,0.4552071690559387,0.4101965129375458,-0.00667337654158473,0.43211084604263306,0.4277234375476837,-0.012606185860931873,0.5481283068656921,0.4428754448890686,0.0014509523753076792,0.4866490960121155,0.3880094587802887,-0.004943788517266512,0.4489894211292267,0.4026278555393219,-0.014231638051569462,0.4228229820728302,0.42720848321914673,-0.021113885566592216,0.53999924659729,0.4535161256790161,-0.008724020794034004,0.48193472623825073,0.3940633237361908,-0.015454557724297047,0.4458558261394501,0.4072805345058441,-0.021037856116890907,0.4218895733356476,0.4282848834991455,-0.02470032125711441,0.5209285020828247,0.4694199562072754,-0.018025996163487434,0.4769974946975708,0.41785088181495667,-0.02371811307966709,0.4520423114299774,0.41701802611351013,-0.025398308411240578,0.4338749051094055,0.4274497628211975,-0.02575489692389965,home
0.541010856628418,0.6417508721351624,-4.4345824790070765e-07,0.49297186732292175,0.587426483631134,0.0104770977050066,0.47291240096092224,0.5239906311035156,0.009444840252399445,0.45086869597435,0.48052772879600525,0.0038311658427119255,0.4304925799369812,0.4494471549987793,-0.002751602791249752,0.5455136895179749,0.4410613477230072,0.012948338873684406,0.4899066090583801,0.40148842334747314,0.005051417276263237,0.45567384362220764,0.41036882996559143,-0.004502661991864443,0.43281692266464233,0.4273551106452942,-0.01015725638717413,0.5482605695724487,0.44243189692497253,0.0020727007649838924,0.48624393343925476,0.38886338472366333,-0.004164871294051409,0.4488884508609772,0.4037139415740967,-0.013459300622344017,0.42277002334594727,0.42836296558380127,-0.02026858925819397,0.5405082702636719,0.4535602629184723,-0.008655940182507038,0.48181313276290894,0.39512524008750916,-0.015412271954119205,0.44588547945022583,0.4083363711833954,-0.021040162071585655,0.42196008563041687,0.42910006642341614,-0.0246333796530962,0.5216599702835083,0.4699314832687378,-0.01840757206082344,0.4769541323184967,0.4184167981147766,-0.024198537692427635,0.4519946873188019,0.416862815618515,-0.02593795210123062,0.4337124228477478,0.4264574646949768,-0.026263650506734848,home
0.5406650900840759,0.6395783424377441,-4.295283702049346e-07,0.493996262550354,0.5864665508270264,0.008224889636039734,0.47392305731773376,0.5240902900695801,0.005935728549957275,0.4512946605682373,0.4817518889904022,-0.0004560864472296089,0.4309605062007904,0.45076245069503784,-0.007602408993989229,0.5472858548164368,0.4413323700428009,0.009939619340002537,0.49237725138664246,0.40030914545059204,0.0008615307160653174,0.4573247730731964,0.4089379906654358,-0.00927073135972023,0.4339994490146637,0.42719927430152893,-0.015181041322648525,0.5490941405296326,0.4427381157875061,5.064405922894366e-05,0.4881170094013214,0.3870945870876312,-0.007056063041090965,0.4503590166568756,0.4022202789783478,-0.016418293118476868,0.42448651790618896,0.4276183545589447,-0.02322748862206936,0.5405221581459045,0.45376303791999817,-0.009821427054703236,0.48350220918655396,0.39329344034194946,-0.01744684763252735,0.44747394323349,0.4063619375228882,-0.023250870406627655,0.42357704043388367,0.42792439460754395,-0.02683478221297264,0.5212135910987854,0.47022661566734314,-0.018830766901373863,0.47822704911231995,0.417239248752594,-0.025233549997210503,0.4533654749393463,0.4160718023777008,-0.027035217732191086,0.4351108968257904,0.42691269516944885,-0.02734500728547573,home
0.5408915877342224,0.6413244009017944,-4.3393933424340503e-07,0.4936041533946991,0.588412880897522,0.0076766894198954105,0.47400495409965515,0.5257448554039001,0.0051663718186318874,0.4517272412776947,0.48227831721305847,-0.0013636482181027532,0.4314819276332855,0.44931674003601074,-0.008626319468021393,0.5477893948554993,0.4436022937297821,0.010012823157012463,0.4923567771911621,0.40227195620536804,0.000270533753791824,0.4571651220321655,0.40945491194725037,-0.010766220279037952,0.43360134959220886,0.42659005522727966,-0.01726013608276844,0.5497154593467712,0.44473862648010254,0.0003084699565079063,0.48829391598701477,0.3890286386013031,-0.007157456129789352,0.45077553391456604,0.4025971293449402,-0.01692456193268299,0.4246925413608551,0.42686325311660767,-0.023968171328306198,0.5412960648536682,0.4550679326057434,-0.00952757615596056,0.483297199010849,0.3948938846588135,-0.017201166599988937,0.4473671317100525,0.4067836403846741,-0.022842485457658768,0.42351874709129333,0.4271591603755951,-0.026312295347452164,0.5219592452049255,0.4705584645271301,-0.018638137727975845,0.4775933623313904,0.41874802112579346,-0.025071028620004654,0.4526240825653076,0.41735002398490906,-0.026896631345152855,0.4348101019859314,0.4277131259441376,-0.02717543952167034,home
0.5425797700881958,0.639643132686615,-4.2493471141824557e-07,0.4954955577850342,0.586939811706543,0.0077000753954052925,0.4751918315887451,0.5237358808517456,0.005478018429130316,0.4526004195213318,0.48104754090309143,-0.0005984918680042028,0.43232789635658264,0.4506978392601013,-0.00730719743296504,0.5483814477920532,0.44457659125328064,0.008942987769842148,0.4950227737426758,0.4011896848678589,-0.0004309102660045028,0.46066200733184814,0.4094928801059723,-0.010676505044102669,0.43753525614738464,0.42838576436042786,-0.016515444964170456,0.5503602027893066,0.4453037679195404,-0.0004103560058865696,0.491378515958786,0.38712865114212036,-0.007446694653481245,0.4545064866542816,0.4017265737056732,-0.016360649839043617,0.42898520827293396,0.42726612091064453,-0.022675413638353348,0.5420016646385193,0.45530903339385986,-0.00978260301053524,0.48622575402259827,0.3938843905925751,-0.017354199662804604,0.4508075714111328,0.40643802285194397,-0.022947514429688454,0.4270927906036377,0.4277757406234741,-0.026235712692141533,0.5226171612739563,0.47049680352211,-0.018320143222808838,0.4801023006439209,0.4178600311279297,-0.02462402544915676,0.455605149269104,0.4169703423976898,-0.026377784088253975,0.4377233684062958,0.4280364513397217,-0.026575995609164238,home
0.5427305698394775,0.6401335000991821,-4.311001191581454e-07,0.497335821390152,0.5874643921852112,0.007612827233970165,0.47760558128356934,0.5229748487472534,0.005593229550868273,0.4553391635417938,0.4806049168109894,-0.0003051356179639697,0.4351179897785187,0.450092613697052,-0.006799004971981049,0.5522487759590149,0.44457727670669556,0.009822008199989796,0.4987586736679077,0.40186020731925964,0.00020883600518573076,0.463753342628479,0.40907925367355347,-0.010450777597725391,0.4400888681411743,0.42757338285446167,-0.01661151461303234,0.5538055300712585,0.44509056210517883,0.0005150233628228307,0.4944155216217041,0.38854119181632996,-0.006533976178616285,0.45658719539642334,0.4018126130104065,-0.015766246244311333,0.4306401312351227,0.4267876446247101,-0.02252751775085926,0.544746458530426,0.4542008638381958,-0.008953007869422436,0.4889647662639618,0.3943271338939667,-0.016749758273363113,0.45265671610832214,0.40627574920654297,-0.02271188609302044,0.42876580357551575,0.4279261827468872,-0.02638554573059082,0.5245562791824341,0.4678112268447876,-0.017604462802410126,0.48159143328666687,0.4169248640537262,-0.024047665297985077,0.45645350217819214,0.4183619022369385,-0.02596108242869377,0.43867504596710205,0.4318210184574127,-0.0263797827064991,home
0.5462889075279236,0.641686737537384,-4.3494230794749456e-07,0.4984389841556549,0.5883679389953613,0.007952493615448475,0.4782046377658844,0.5244099497795105,0.0057039097882807255,0.45593005418777466,0.48109304904937744,-0.0006289841257967055,0.4349324703216553,0.4500054121017456,-0.007800444960594177,0.5520358681678772,0.4426935017108917,0.009896568022668362,0.49667298793792725,0.39885902404785156,0.0005598601419478655,0.46096596121788025,0.40805384516716003,-0.010193067602813244,0.43759405612945557,0.42815324664115906,-0.01651114411652088,0.5539702773094177,0.44431373476982117,0.0001551025634398684,0.49306756258010864,0.38571181893348694,-0.007295543327927589,0.45517754554748535,0.40130847692489624,-0.017006678506731987,0.42967936396598816,0.42845121026039124,-0.02391788177192211,0.5453507900238037,0.4549641013145447,-0.009605647996068,0.4885967969894409,0.3925893008708954,-0.01716816984117031,0.452443391084671,0.40547510981559753,-0.023396283388137817,0.42933300137519836,0.4287310838699341,-0.027295367792248726,0.5258786678314209,0.47007492184638977,-0.018576648086309433,0.48291680216789246,0.41690462827682495,-0.02514488622546196,0.4584561586380005,0.41743817925453186,-0.02740952931344509,0.4417731463909149,0.43106284737586975,-0.028048895299434662,home
0.539872944355011,0.641940176486969,-4.3599720811471343e-07,0.49357736110687256,0.585969090461731,0.00890587642788887,0.4748252034187317,0.5240261554718018,0.006977344397455454,0.45277488231658936,0.48258262872695923,0.0009099333547055721,0.43382033705711365,0.4508024752140045,-0.005910330917686224,0.5494287014007568,0.4428369104862213,0.009461279958486557,0.49359992146492004,0.40019461512565613,0.0005370723665691912,0.45908576250076294,0.4098854959011078,-0.009542380459606647,0.43669313192367554,0.42985421419143677,-0.015315438620746136,0.5508607029914856,0.44389456510543823,-0.00035878203925676644,0.48973411321640015,0.3884808123111725,-0.0074172234162688255,0.4533950388431549,0.40343770384788513,-0.016666091978549957,0.4282529056072235,0.428941547870636,-0.023216478526592255,0.5418587923049927,0.45417389273643494,-0.009967741556465626,0.48376035690307617,0.394500732421875,-0.01715724729001522,0.44873112440109253,0.4077177345752716,-0.022644521668553352,0.42566511034965515,0.4295845329761505,-0.025955477729439735,0.5217490792274475,0.4689551293849945,-0.018663715571165085,0.47660598158836365,0.41874298453330994,-0.024946944788098335,0.4511309862136841,0.420200914144516,-0.026736101135611534,0.4329027235507965,0.4334111213684082,-0.026836268603801727,home
0.5350547432899475,0.6410502791404724,-4.3333807298040483e-07,0.48799917101860046,0.5853713154792786,0.007546692620962858,0.46904730796813965,0.5243935585021973,0.004297997336834669,0.4469614624977112,0.4831675589084625,-0.0028319689445197582,0.4270727038383484,0.4519497752189636,-0.01074819453060627,0.5401435494422913,0.4426910877227783,0.005754638928920031,0.4844723641872406,0.3996977210044861,-0.004030547104775906,0.45005476474761963,0.4119179844856262,-0.014482746832072735,0.4286879301071167,0.4336857199668884,-0.020448103547096252,0.5414658784866333,0.44399845600128174,-0.0037493479903787374,0.4825321435928345,0.3884134292602539,-0.011135190725326538,0.4473797380924225,0.40487635135650635,-0.019694332033395767,0.4235655963420868,0.43007251620292664,-0.025827238336205482,0.532795250415802,0.45427951216697693,-0.012965493835508823,0.4770544469356537,0.394123911857605,-0.01982767879962921,0.4437861144542694,0.408034086227417,-0.02448892965912819,0.42216983437538147,0.4291992783546448,-0.027519596740603447,0.5133519768714905,0.46962785720825195,-0.021425005048513412,0.4704931378364563,0.41767165064811707,-0.02738085761666298,0.4459396302700043,0.4199390709400177,-0.028580013662576675,0.42794978618621826,0.4346582591533661,-0.028433341532945633,home
0.5329113006591797,0.6342556476593018,-4.2221836338285357e-07,0.4849933385848999,0.5796231627464294,0.011579496785998344,0.46671515703201294,0.52204430103302,0.010297591798007488,0.44479894638061523,0.4819318652153015,0.004220263566821814,0.42523083090782166,0.4522625505924225,-0.002877749502658844,0.5377249717712402,0.43843841552734375,0.012057905085384846,0.48162829875946045,0.3963813781738281,0.0050993370823562145,0.4484589099884033,0.40875762701034546,-0.0034445503260940313,0.42805054783821106,0.42848092317581177,-0.008668627589941025,0.5384305119514465,0.43792495131492615,0.0007492132135666907,0.4778550863265991,0.3840993344783783,-0.004239512607455254,0.44242051243782043,0.40265682339668274,-0.012557710520923138,0.41907334327697754,0.428113728761673,-0.019139805808663368,0.5290294289588928,0.4485318660736084,-0.01007008645683527,0.47140467166900635,0.3894783854484558,-0.015416504815220833,0.4374382793903351,0.4072239100933075,-0.020001621916890144,0.41599586606025696,0.4299909770488739,-0.023522617295384407,0.5085670351982117,0.4653770625591278,-0.019864527508616447,0.46500933170318604,0.4152759313583374,-0.02506028488278389,0.4402886927127838,0.4164184331893921,-0.026515860110521317,0.4225985109806061,0.4277578890323639,-0.026991726830601692,home
0.5325057506561279,0.6328557133674622,-4.2175167891400633e-07,0.48506835103034973,0.5797523260116577,0.01159483753144741,0.4661542475223541,0.5213538408279419,0.010615560226142406,0.44382137060165405,0.4814879894256592,0.004872425459325314,0.42414772510528564,0.45125171542167664,-0.0018370861653238535,0.5372163653373718,0.4366954267024994,0.01316282618790865,0.48184385895729065,0.3970398008823395,0.006393679417669773,0.4484659433364868,0.40786677598953247,-0.0020977952517569065,0.4275943636894226,0.42676034569740295,-0.007207557093352079,0.5376290678977966,0.4367472231388092,0.0019375509582459927,0.4780946671962738,0.38406163454055786,-0.0025651552714407444,0.44239166378974915,0.40118032693862915,-0.010672763921320438,0.4183206856250763,0.4262901842594147,-0.01705888845026493,0.5282627940177917,0.4473406970500946,-0.00888040941208601,0.47130975127220154,0.38883262872695923,-0.014119763858616352,0.43704378604888916,0.4054717719554901,-0.018751751631498337,0.4149932563304901,0.42805570363998413,-0.022180788218975067,0.5079763531684875,0.4640241265296936,-0.018643205985426903,0.4640095829963684,0.4134069085121155,-0.0237048901617527,0.439174622297287,0.4152558445930481,-0.024856610223650932,0.42153000831604004,0.42808085680007935,-0.02497297339141369,home
0.534292459487915,0.6356855630874634,-4.491515142035496e-07,0.4873265326023102,0.5834423899650574,0.009902294725179672,0.46834734082221985,0.5250341892242432,0.008231626823544502,0.4458044469356537,0.48432010412216187,0.0022918793838471174,0.42550644278526306,0.4529774487018585,-0.004561935551464558,0.5380253791809082,0.44049179553985596,0.009760785847902298,0.4833224415779114,0.4010395407676697,0.0016750880749896169,0.44961339235305786,0.41135373711586,-0.007304588798433542,0.4270215630531311,0.4311109185218811,-0.012337599880993366,0.5397428870201111,0.440052330493927,-0.00047552029718644917,0.47998276352882385,0.38762831687927246,-0.006285383366048336,0.44352594017982483,0.4044300317764282,-0.014425573870539665,0.41769933700561523,0.43089473247528076,-0.02038544788956642,0.531448483467102,0.45062485337257385,-0.010257537476718426,0.4743940234184265,0.39341625571250916,-0.016028666868805885,0.4402029812335968,0.40894004702568054,-0.02004280872642994,0.4171347916126251,0.4307387173175812,-0.02271251752972603,0.5119694471359253,0.46796277165412903,-0.019080741330981255,0.4675723612308502,0.41853398084640503,-0.02400580234825611,0.4430878758430481,0.4197009801864624,-0.024451611563563347,0.42545199394226074,0.4316710829734802,-0.023815959692001343,home
0.5403873920440674,0.6405220031738281,-4.3649433223436063e-07,0.49515214562416077,0.5907532572746277,0.005537513643503189,0.47465911507606506,0.5274059176445007,0.0022698822431266308,0.45168688893318176,0.4854043126106262,-0.004373395349830389,0.4301060736179352,0.4563492238521576,-0.011428049765527248,0.5454868674278259,0.4428459107875824,0.00576903996989131,0.4901975393295288,0.40330198407173157,-0.005412281025201082,0.4547892212867737,0.41334840655326843,-0.016866467893123627,0.4312381446361542,0.4338725507259369,-0.023251064121723175,0.5466443300247192,0.44313985109329224,-0.0026668221689760685,0.48679983615875244,0.39080360531806946,-0.010618927888572216,0.449364572763443,0.4047485291957855,-0.01977204531431198,0.4233708679676056,0.43027397990226746,-0.02628651261329651,0.5375775694847107,0.452362060546875,-0.011258802376687527,0.48139968514442444,0.3966747224330902,-0.019530054181814194,0.44588392972946167,0.40962347388267517,-0.024955641478300095,0.42232751846313477,0.4317316710948944,-0.02805415913462639,0.5176820755004883,0.4669719934463501,-0.019241206347942352,0.4747481048107147,0.4188432991504669,-0.025643039494752884,0.4495965540409088,0.420790433883667,-0.027050428092479706,0.4313313961029053,0.4352043569087982,-0.026920218020677567,home
0.5508299469947815,0.6431983113288879,-4.3494091528373247e-07,0.5063525438308716,0.5914449691772461,0.00809469074010849,0.4857181906700134,0.5261116027832031,0.006798152346163988,0.4635249674320221,0.4833751618862152,0.0017544927541166544,0.4447762966156006,0.4515235424041748,-0.0036008995957672596,0.5570170879364014,0.4439265727996826,0.010033749975264072,0.502828061580658,0.40263813734054565,0.0005277072777971625,0.4676957428455353,0.4090158939361572,-0.010017916560173035,0.4442494511604309,0.4267687201499939,-0.01599540375173092,0.5587472915649414,0.44390809535980225,0.0008038868545554578,0.4994441866874695,0.3920312523841858,-0.0051449560560286045,0.46201038360595703,0.401654988527298,-0.013807774521410465,0.4359396994113922,0.4231526851654053,-0.020343102514743805,0.5500884652137756,0.4516475796699524,-0.00861445814371109,0.4948466718196869,0.3962136507034302,-0.01576869748532772,0.4588398039340973,0.40512174367904663,-0.021566063165664673,0.4347172677516937,0.42362353205680847,-0.025178400799632072,0.5304128527641296,0.4637119770050049,-0.017181290313601494,0.4876673221588135,0.41493403911590576,-0.022832639515399933,0.46119216084480286,0.41401228308677673,-0.024294953793287277,0.44089382886886597,0.4251442849636078,-0.024361632764339447,home
0.5590936541557312,0.638081431388855,-4.349691664629063e-07,0.5169114470481873,0.5853810906410217,0.007799714338034391,0.49794211983680725,0.5211545825004578,0.006594740319997072,0.47773557901382446,0.4798625707626343,0.0012439864221960306,0.4610562324523926,0.44737479090690613,-0.004297636449337006,0.5692368745803833,0.44016802310943604,0.012346908450126648,0.5182921886444092,0.3954390585422516,0.00147596700116992,0.48322418332099915,0.40010666847229004,-0.010091006755828857,0.45985203981399536,0.41778281331062317,-0.016473306342959404,0.572175145149231,0.44189000129699707,0.0027286955155432224,0.5146174430847168,0.38647475838661194,-0.005253512877970934,0.47731083631515503,0.3964433968067169,-0.015332854352891445,0.4516800045967102,0.41986891627311707,-0.022147655487060547,0.5646315813064575,0.4492270052433014,-0.007537282537668943,0.5106240510940552,0.3913928270339966,-0.01667982153594494,0.47439491748809814,0.40031856298446655,-0.023830153048038483,0.4499169588088989,0.4213576912879944,-0.02748878300189972,0.5462021231651306,0.45961156487464905,-0.016964778304100037,0.5037748217582703,0.40825366973876953,-0.023503514006733894,0.4777883291244507,0.4073503613471985,-0.025549983605742455,0.45775026082992554,0.420003205537796,-0.0256786085665226,home
0.5670565962791443,0.6269165277481079,-4.443620582605945e-07,0.5265414118766785,0.5710418820381165,0.010808357037603855,0.5097352862358093,0.5038182139396667,0.011345774866640568,0.48994919657707214,0.46175044775009155,0.006547028664499521,0.4744964838027954,0.4257122576236725,0.0010985254775732756,0.5818422436714172,0.425774484872818,0.017901025712490082,0.5311981439590454,0.3817126154899597,0.008211476728320122,0.4964067339897156,0.3845475912094116,-0.003487891750410199,0.4729931950569153,0.40078964829444885,-0.010226818732917309,0.5857573747634888,0.42578327655792236,0.00622394448146224,0.5285552740097046,0.3705144226551056,-0.0005446680588647723,0.49061572551727295,0.3804323971271515,-0.011395880952477455,0.4647368788719177,0.40430790185928345,-0.018828820437192917,0.5795226693153381,0.4329428970813751,-0.006124220322817564,0.5249162316322327,0.37463077902793884,-0.014006090350449085,0.48804885149002075,0.38386139273643494,-0.02181626670062542,0.4640776216983795,0.4058743715286255,-0.026219388470053673,0.5623432397842407,0.44269973039627075,-0.01762351207435131,0.5213571190834045,0.39072462916374207,-0.023123573511838913,0.4945344030857086,0.38791751861572266,-0.025403177365660667,0.47440341114997864,0.39978447556495667,-0.026029571890830994,home
0.574243426322937,0.6054991483688354,-4.155069177613768e-07,0.5307129621505737,0.545049786567688,0.010362466797232628,0.5142874717712402,0.47960931062698364,0.011030974797904491,0.49433499574661255,0.43779176473617554,0.005977278109639883,0.4802325665950775,0.4004552364349365,0.0003353619540575892,0.5883057713508606,0.40709587931632996,0.02121913433074951,0.5401173233985901,0.36202338337898254,0.012526215054094791,0.5056145191192627,0.3621893525123596,0.0009413915104232728,0.48122653365135193,0.374402791261673,-0.005942423827946186,0.5936506390571594,0.406648188829422,0.009191369637846947,0.5371503233909607,0.3483680188655853,0.00383721268735826,0.49949532747268677,0.35559195280075073,-0.006836416199803352,0.47320252656936646,0.37580767273902893,-0.014499192126095295,0.5889670848846436,0.4131636619567871,-0.0039546857587993145,0.5328722596168518,0.35310956835746765,-0.01122196577489376,0.49602559208869934,0.3625822961330414,-0.019471723586320877,0.4719413220882416,0.38400179147720337,-0.0244082473218441,0.5727660059928894,0.4224432110786438,-0.01647365093231201,0.5286392569541931,0.3704594373703003,-0.021952448412775993,0.5003553628921509,0.36836645007133484,-0.024556893855333328,0.47838443517684937,0.38117700815200806,-0.025595713406801224,home
0.5778293013572693,0.5875842571258545,-4.1187195165548474e-07,0.5336995124816895,0.5255948901176453,0.01612688973546028,0.5157894492149353,0.4621862769126892,0.01765541359782219,0.4947507977485657,0.4203576445579529,0.011905394494533539,0.48025423288345337,0.38074687123298645,0.005120422691106796,0.5881223082542419,0.3865094780921936,0.027515007182955742,0.5405706763267517,0.3407370150089264,0.020219771191477776,0.5063120126724243,0.3404851257801056,0.009277364239096642,0.48282700777053833,0.35123515129089355,0.0024506382178515196,0.5938531756401062,0.3874810039997101,0.011558798141777515,0.5385705828666687,0.32762113213539124,0.007583117112517357,0.5006066560745239,0.33422771096229553,-0.001813681097701192,0.47581061720848083,0.35370516777038574,-0.008893272839486599,0.5890597701072693,0.39625778794288635,-0.0053020804189145565,0.5360084176063538,0.33294180035591125,-0.010871290229260921,0.49893224239349365,0.3396552503108978,-0.01648150384426117,0.47617602348327637,0.3577963411808014,-0.0202532596886158,0.5734043121337891,0.408424437046051,-0.02125893533229828,0.5318983197212219,0.3496883511543274,-0.026434816420078278,0.5042462944984436,0.3457644581794739,-0.027345316484570503,0.4839225113391876,0.3570740818977356,-0.02716377191245556,home
0.573958158493042,0.5755185484886169,-4.464031064799201e-07,0.5282120704650879,0.5116016864776611,0.023343879729509354,0.5114979147911072,0.4459170997142792,0.028800714761018753,0.4913754165172577,0.40189841389656067,0.025189116597175598,0.4737050235271454,0.36500149965286255,0.01970512419939041,0.5815860033035278,0.3729918599128723,0.03877241164445877,0.5331034064292908,0.3311454951763153,0.03475070372223854,0.4996258616447449,0.3309532701969147,0.02480766549706459,0.47708621621131897,0.3395715057849884,0.01800006441771984,0.5881600975990295,0.3713230788707733,0.01907753385603428,0.5321919322013855,0.31818753480911255,0.018192457035183907,0.49484893679618835,0.321262925863266,0.00845419056713581,0.4692091941833496,0.33896616101264954,0.00040591962169855833,0.5843060612678528,0.3787606954574585,-0.001331149716861546,0.5302258729934692,0.3224518895149231,-0.004622271284461021,0.4930771589279175,0.3270287811756134,-0.010698989033699036,0.46904313564300537,0.3417978882789612,-0.01558330561965704,0.5694288611412048,0.3900739848613739,-0.02045230194926262,0.5256319642066956,0.3369733989238739,-0.024088691920042038,0.497896671295166,0.3345063328742981,-0.02500145323574543,0.4763801395893097,0.3446715176105499,-0.025441523641347885,home
0.5626670122146606,0.5586141347885132,-4.582522876717121e-07,0.5188352465629578,0.49960246682167053,0.014328339137136936,0.5031993389129639,0.4367053210735321,0.016236092895269394,0.4828230142593384,0.39409080147743225,0.011385904625058174,0.46383053064346313,0.36052024364471436,0.0051492201164364815,0.5703802108764648,0.3621456027030945,0.02517194300889969,0.5219544768333435,0.3194931447505951,0.015991056337952614,0.4875321090221405,0.32289206981658936,0.0038681651931256056,0.46376919746398926,0.3377612233161926,-0.0033108489587903023,0.5766088366508484,0.3604106307029724,0.010853520594537258,0.519690215587616,0.3087724447250366,0.00480551877990365,0.4829511046409607,0.3164897561073303,-0.006560035515576601,0.45744532346725464,0.33714479207992554,-0.01464854646474123,0.572986900806427,0.3670395016670227,-0.004386656451970339,0.5177744626998901,0.3140595853328705,-0.011275973170995712,0.48170363903045654,0.32263806462287903,-0.01886719837784767,0.45768895745277405,0.3405906558036804,-0.0236094668507576,0.5583922863006592,0.37794390320777893,-0.01881605014204979,0.5140791535377502,0.3298557996749878,-0.024007143452763557,0.4875200092792511,0.3293360471725464,-0.026250138878822327,0.46646741032600403,0.3408792316913605,-0.027045655995607376,home
0.5565808415412903,0.5550000667572021,-4.447185233402706e-07,0.5106494426727295,0.5016935467720032,0.006279293913394213,0.4929668605327606,0.4386982023715973,0.004338392056524754,0.47328776121139526,0.39704620838165283,-0.0021114598494023085,0.45543715357780457,0.36383435130119324,-0.009338553994894028,0.5636228919029236,0.3580939769744873,0.012827993370592594,0.5109559893608093,0.3179253935813904,-0.00023728341329842806,0.47474613785743713,0.3220103085041046,-0.01407456211745739,0.4505144953727722,0.337861567735672,-0.021792082116007805,0.5681523680686951,0.35800865292549133,0.002596329664811492,0.5080299377441406,0.3074229955673218,-0.00683597894385457,0.46965932846069336,0.316141813993454,-0.01840495504438877,0.4437829256057739,0.33811014890670776,-0.026130670681595802,0.5625426173210144,0.36490657925605774,-0.008786224760115147,0.5048830509185791,0.3116353154182434,-0.018496956676244736,0.46749162673950195,0.3209158480167389,-0.025882815942168236,0.4436595141887665,0.3408501148223877,-0.029751278460025787,0.5459920167922974,0.3755360245704651,-0.019860822707414627,0.5008572340011597,0.32837390899658203,-0.027457116171717644,0.47397807240486145,0.3284977078437805,-0.03028903156518936,0.45387154817581177,0.3411419987678528,-0.03076876886188984,home
0.5506265759468079,0.5473002791404724,-4.19088138414736e-07,0.5054322481155396,0.498346745967865,0.006044462788850069,0.4876803159713745,0.43518418073654175,0.004374975338578224,0.46733400225639343,0.3934484124183655,-0.0013914344599470496,0.44781526923179626,0.362710177898407,-0.0076760645024478436,0.5598310828208923,0.3546689450740814,0.012302671559154987,0.507666289806366,0.31518545746803284,0.0013825113419443369,0.4730457365512848,0.32103991508483887,-0.010580542497336864,0.4506179988384247,0.33796751499176025,-0.017351534217596054,0.5619674921035767,0.35359564423561096,0.0030310244765132666,0.5047369599342346,0.30362147092819214,-0.00470544770359993,0.4681681990623474,0.3140507638454437,-0.014454461634159088,0.44379347562789917,0.33624565601348877,-0.021123657003045082,0.5539416074752808,0.3609251081943512,-0.007204307708889246,0.49913352727890015,0.3064681589603424,-0.015995372086763382,0.46347948908805847,0.31883347034454346,-0.022449932992458344,0.4410710036754608,0.33986523747444153,-0.02589741162955761,0.5350966453552246,0.3722822964191437,-0.01705630123615265,0.4926017224788666,0.3244825601577759,-0.024466464295983315,0.4665488600730896,0.3254575729370117,-0.02717437595129013,0.44737905263900757,0.3382139503955841,-0.027705475687980652,home
0.5520099401473999,0.5452490448951721,-4.1600301869948453e-07,0.5067578554153442,0.49770793318748474,0.010633779689669609,0.4879923462867737,0.43689608573913574,0.011296275071799755,0.46770408749580383,0.3958810269832611,0.007071156054735184,0.4487839937210083,0.3645164966583252,0.002171860309317708,0.5587366223335266,0.353106290102005,0.018265247344970703,0.5074054598808289,0.3139269948005676,0.010495339520275593,0.47301220893859863,0.3193235695362091,0.00023765618971083313,0.45033571124076843,0.33514901995658875,-0.005719131324440241,0.5601569414138794,0.35043302178382874,0.007519610226154327,0.503812313079834,0.3019506335258484,0.003743228502571583,0.466854989528656,0.3112863004207611,-0.004570523276925087,0.441668838262558,0.3336086571216583,-0.011070260778069496,0.551061749458313,0.3568400740623474,-0.0038609656039625406,0.49623963236808777,0.3051476776599884,-0.009097949601709843,0.46022093296051025,0.3178791105747223,-0.014962241984903812,0.43718159198760986,0.33940163254737854,-0.019114051014184952,0.5314600467681885,0.3671857714653015,-0.014557150192558765,0.48930463194847107,0.32221290469169617,-0.019160281866788864,0.4631136953830719,0.3251345157623291,-0.020878106355667114,0.4437837600708008,0.33871883153915405,-0.02148820459842682,home
0.5504652857780457,0.5433462858200073,-4.348989648406132e-07,0.5051705241203308,0.4987749755382538,0.010226874612271786,0.4866980016231537,0.4384249746799469,0.01050806324928999,0.4660422205924988,0.3980051279067993,0.006096707656979561,0.44620198011398315,0.3680465817451477,0.0008025324787013233,0.5571596622467041,0.35577744245529175,0.01474784966558218,0.5053026080131531,0.31537938117980957,0.006030316464602947,0.47032657265663147,0.32149532437324524,-0.0040887510403990746,0.4477928876876831,0.3391600549221039,-0.009800479747354984,0.5590142607688904,0.3534281253814697,0.0040004663169384,0.5016118288040161,0.30330488085746765,-0.00096620072145015,0.4639509320259094,0.3136356472969055,-0.008993599563837051,0.4389735460281372,0.3366621136665344,-0.015223674476146698,0.54997718334198,0.36041581630706787,-0.007235813420265913,0.4951096475124359,0.30597952008247375,-0.01372804306447506,0.45816463232040405,0.3185494840145111,-0.019254229962825775,0.4347779452800751,0.3396293818950653,-0.0229825209826231,0.5295830965042114,0.37171074748039246,-0.017655668780207634,0.48718446493148804,0.32499951124191284,-0.023313693702220917,0.46049046516418457,0.32835790514945984,-0.025029582902789116,0.441133052110672,0.3427622616291046,-0.02551392652094364,home
0.5494509935379028,0.547552764415741,-4.240874318384158e-07,0.5054087042808533,0.5028167366981506,0.007543718907982111,0.48572805523872375,0.4414500296115875,0.0066161854192614555,0.46511903405189514,0.4010566771030426,0.0017626649932935834,0.4459246098995209,0.37074801325798035,-0.0036696966271847486,0.5580034255981445,0.3573586046695709,0.012089873664081097,0.505017876625061,0.3176897466182709,0.0029617079999297857,0.46967005729675293,0.3218066096305847,-0.00759459612891078,0.446514755487442,0.3376592993736267,-0.013679662719368935,0.5587363243103027,0.35509762167930603,0.0026775989681482315,0.5015666484832764,0.3063558042049408,-0.0027417349629104137,0.46365225315093994,0.31523963809013367,-0.011222977191209793,0.4376579821109772,0.3366260528564453,-0.017756065353751183,0.5490694046020508,0.36117085814476013,-0.007302936632186174,0.4948097765445709,0.30836766958236694,-0.014107529073953629,0.4576093554496765,0.3205874562263489,-0.02024638094007969,0.4336458444595337,0.3409748077392578,-0.024404266849160194,0.5287100076675415,0.3719198703765869,-0.01668752171099186,0.4866367280483246,0.32622942328453064,-0.023143596947193146,0.45906147360801697,0.3297095000743866,-0.025555113330483437,0.43884652853012085,0.34383395314216614,-0.026373891159892082,home
0.5497127771377563,0.5496693849563599,-4.1295800201623933e-07,0.5054983496665955,0.5037188529968262,0.006470168475061655,0.4856281876564026,0.4419877529144287,0.0048817736096680164,0.46484068036079407,0.39972689747810364,-0.0004538246721494943,0.4450914263725281,0.3689514398574829,-0.006213956978172064,0.5572064518928528,0.3591345250606537,0.011230697855353355,0.5043436288833618,0.3191031515598297,0.0013968234416097403,0.46930819749832153,0.3230959475040436,-0.00954066775739193,0.44605740904808044,0.33853679895401,-0.015769990161061287,0.558086097240448,0.356576532125473,0.0021820843685418367,0.5014681816101074,0.30644965171813965,-0.0037889955565333366,0.4640105366706848,0.31545358896255493,-0.0121456952765584,0.43804407119750977,0.3372951149940491,-0.018396975472569466,0.5485020875930786,0.3626202344894409,-0.007574723567813635,0.49455031752586365,0.3081417381763458,-0.014876339584589005,0.45802775025367737,0.32111766934394836,-0.0204997006803751,0.4345594346523285,0.3428020775318146,-0.024048851802945137,0.5283464789390564,0.3735014498233795,-0.01688913255929947,0.4870702922344208,0.32677802443504333,-0.023665908724069595,0.460078626871109,0.3289439082145691,-0.02593330480158329,0.44020214676856995,0.34237682819366455,-0.026495352387428284,home
0.5497024655342102,0.5506080985069275,-4.152897190579097e-07,0.5044130086898804,0.5032715201377869,0.00830927025526762,0.48469462990760803,0.44116148352622986,0.007533208001405001,0.4638729691505432,0.39924687147140503,0.0024968397337943316,0.4446539878845215,0.36766955256462097,-0.0029884919058531523,0.5563204288482666,0.3585563004016876,0.014367287047207355,0.5042077898979187,0.31912365555763245,0.005231390707194805,0.469381183385849,0.32336685061454773,-0.005446548108011484,0.4461764693260193,0.33881136775016785,-0.011539405211806297,0.5579129457473755,0.3564305603504181,0.004405863117426634,0.5010613203048706,0.3062577247619629,-0.0005869049928151071,0.46376317739486694,0.3152182996273041,-0.008582097478210926,0.438006192445755,0.3370420038700104,-0.014677660539746284,0.5488300919532776,0.3630526661872864,-0.006281376350671053,0.49394819140434265,0.3085700571537018,-0.012674948200583458,0.4579000473022461,0.32148459553718567,-0.017774177715182304,0.43475839495658875,0.34280040860176086,-0.021092426031827927,0.5288114547729492,0.37444841861724854,-0.0164499469101429,0.48618876934051514,0.3272988796234131,-0.02254960685968399,0.4595679044723511,0.3290531039237976,-0.02432185597717762,0.43998563289642334,0.3419189751148224,-0.024552877992391586,home
0.5498065948486328,0.5513668060302734,-4.185510533716297e-07,0.5043796300888062,0.5040920376777649,0.009198431856930256,0.4846649467945099,0.44229671359062195,0.008630421943962574,0.4640201926231384,0.3999963402748108,0.0035690306685864925,0.44470351934432983,0.3682868182659149,-0.0020416683983057737,0.5565755367279053,0.3597073554992676,0.01513887383043766,0.5039647817611694,0.3200811743736267,0.00624866085126996,0.4690290689468384,0.323872447013855,-0.004254018422216177,0.44571614265441895,0.33881330490112305,-0.01026312354952097,0.5581382513046265,0.35727789998054504,0.004698701668530703,0.5007333159446716,0.3064670264720917,-4.6222856326494366e-05,0.4630299508571625,0.31543347239494324,-0.007856369018554688,0.4373033940792084,0.3372125029563904,-0.01392393745481968,0.548871636390686,0.36367300152778625,-0.006413283757865429,0.49367472529411316,0.3084917664527893,-0.012565812095999718,0.45733025670051575,0.3217909038066864,-0.017516225576400757,0.4342435896396637,0.34352225065231323,-0.020856579765677452,0.5285587906837463,0.37469276785850525,-0.016947977244853973,0.48597049713134766,0.3271564543247223,-0.022791195660829544,0.4593318998813629,0.32911795377731323,-0.024411922320723534,0.4398973286151886,0.34216398000717163,-0.02466570772230625,home
0.5497074723243713,0.5513200163841248,-4.2344200323896075e-07,0.5043339729309082,0.5044786334037781,0.009708953090012074,0.4848569333553314,0.4432625472545624,0.009267282672226429,0.4643559455871582,0.40129560232162476,0.004179938230663538,0.4450690746307373,0.369384765625,-0.0015612980350852013,0.5565435290336609,0.35993075370788574,0.015455912798643112,0.5040037035942078,0.3199135959148407,0.006674166303128004,0.46897828578948975,0.32416000962257385,-0.003789213951677084,0.44567182660102844,0.3396790623664856,-0.009786286391317844,0.5583576560020447,0.35769739747047424,0.00474892370402813,0.5007345080375671,0.30640709400177,3.30596994899679e-05,0.46280333399772644,0.3159683048725128,-0.007949030958116055,0.436936616897583,0.33864322304725647,-0.014178554527461529,0.5491920113563538,0.3643490672111511,-0.006568617653101683,0.4937556982040405,0.3085603713989258,-0.01264695730060339,0.4571305215358734,0.3224593698978424,-0.017811423167586327,0.43385863304138184,0.3448764681816101,-0.021375874057412148,0.5288515686988831,0.3754781484603882,-0.01723588816821575,0.4861360192298889,0.3269922733306885,-0.022970274090766907,0.459459125995636,0.3293527066707611,-0.024629665538668633,0.4400024712085724,0.3430442214012146,-0.02498510479927063,home
0.5496636629104614,0.5513539910316467,-4.233983759149851e-07,0.5049800276756287,0.5039942860603333,0.009045061655342579,0.48491036891937256,0.4412751793861389,0.008476956747472286,0.46364250779151917,0.39925360679626465,0.003607099875807762,0.44405725598335266,0.3681032359600067,-0.0018367148004472256,0.5575282573699951,0.35976943373680115,0.013820631429553032,0.5043516159057617,0.31907907128334045,0.005175312981009483,0.469208687543869,0.3239208459854126,-0.00502769323065877,0.4462665021419525,0.339565634727478,-0.010935653932392597,0.5591484904289246,0.35749903321266174,0.003702988149598241,0.5014187097549438,0.305397093296051,-0.0010330743389204144,0.4636855125427246,0.31512174010276794,-0.00890469178557396,0.43816113471984863,0.33791446685791016,-0.01513115968555212,0.5498727560043335,0.36400237679481506,-0.006919427774846554,0.4943138659000397,0.30786675214767456,-0.013025055639445782,0.45773419737815857,0.32167601585388184,-0.01833508349955082,0.4345827102661133,0.34410515427589417,-0.02204962633550167,0.5295199751853943,0.3752610683441162,-0.01688467152416706,0.486965149641037,0.32692211866378784,-0.02271801419556141,0.46018293499946594,0.32933539152145386,-0.02464151196181774,0.4405943751335144,0.3430841267108917,-0.02522171288728714,home
0.5505192279815674,0.5519338250160217,-4.2713446646303055e-07,0.5054248571395874,0.5043421387672424,0.010663057677447796,0.4855033755302429,0.44215747714042664,0.0107027692720294,0.46466124057769775,0.400043249130249,0.006015612278133631,0.44489791989326477,0.36881113052368164,0.000600655737798661,0.5571966767311096,0.35897767543792725,0.016318246722221375,0.5042139887809753,0.31856846809387207,0.008052945137023926,0.4693705141544342,0.3236275315284729,-0.0022318593692034483,0.4462973177433014,0.33910781145095825,-0.008159936405718327,0.5588475465774536,0.3564850091934204,0.005447440780699253,0.5009962320327759,0.3050573170185089,0.001251626992598176,0.46332988142967224,0.31492340564727783,-0.006765446625649929,0.4375031292438507,0.33796000480651855,-0.013104822486639023,0.5495733022689819,0.36303213238716125,-0.005894662346690893,0.4939688742160797,0.3077459931373596,-0.011252288706600666,0.45749208331108093,0.3216334283351898,-0.01660512201488018,0.43403103947639465,0.34406203031539917,-0.020486513152718544,0.529331386089325,0.37415915727615356,-0.01649809628725052,0.48661524057388306,0.32685935497283936,-0.02139313332736492,0.460418164730072,0.3298187851905823,-0.023017751052975655,0.44114968180656433,0.34341925382614136,-0.023539124056696892,home
0.5503905415534973,0.5504739284515381,-4.287905994715402e-07,0.5051575899124146,0.5031758546829224,0.010924830101430416,0.48545876145362854,0.4411596357822418,0.01106215175241232,0.4643321633338928,0.39916279911994934,0.006493937224149704,0.4443318545818329,0.36828288435935974,0.0012062909081578255,0.5569638609886169,0.3594202399253845,0.016027532517910004,0.5044244527816772,0.3192651867866516,0.008044606074690819,0.469857782125473,0.32392218708992004,-0.001708977040834725,0.44689053297042847,0.33945658802986145,-0.007321638986468315,0.5584580302238464,0.35670310258865356,0.005120306741446257,0.5008425712585449,0.305645614862442,0.0010500194039195776,0.4636714458465576,0.31551748514175415,-0.006546637509018183,0.4382711350917816,0.33814510703086853,-0.01261942833662033,0.5492604374885559,0.36312001943588257,-0.006187415681779385,0.49383974075317383,0.30802175402641296,-0.011624319478869438,0.4579218327999115,0.3215477168560028,-0.016708120703697205,0.4347269833087921,0.34351983666419983,-0.020383480936288834,0.5292421579360962,0.37431371212005615,-0.0166854839771986,0.4867081344127655,0.32668018341064453,-0.02176080085337162,0.46081632375717163,0.3289854824542999,-0.023298323154449463,0.441593199968338,0.3419245779514313,-0.02373214066028595,home
0.5505436062812805,0.5512121915817261,-4.2423499735377845e-07,0.505582869052887,0.5038573145866394,0.010970245115458965,0.4855395555496216,0.4420640170574188,0.011205005459487438,0.46442845463752747,0.4000474512577057,0.006637146696448326,0.44438233971595764,0.36868947744369507,0.00139666348695755,0.5565014481544495,0.3596021831035614,0.017158804461359978,0.5043597221374512,0.3201635479927063,0.009277530945837498,0.46972593665122986,0.3244859278202057,-0.0006088713998906314,0.4466065466403961,0.3393588960170746,-0.006305488292127848,0.5584619045257568,0.35701778531074524,0.006147522013634443,0.5011371374130249,0.3069549798965454,0.0023820509668439627,0.4638127088546753,0.3159915506839752,-0.005144584458321333,0.4381481409072876,0.337954580783844,-0.01117447018623352,0.5495084524154663,0.3634170591831207,-0.00537403067573905,0.4943256974220276,0.3091442286968231,-0.010465419851243496,0.4583493173122406,0.32189810276031494,-0.015317302197217941,0.43500593304634094,0.3431311547756195,-0.01886606775224209,0.5295801162719727,0.374254047870636,-0.016158530488610268,0.4870045781135559,0.3272548317909241,-0.020938940346240997,0.4610693156719208,0.32940673828125,-0.022231660783290863,0.44178447127342224,0.3420867323875427,-0.022487858310341835,home
