0.5417885184288025,0.6397537589073181,-3.864679456455633e-07,0.5071909427642822,0.5914257764816284,0.02350081317126751,0.5042902827262878,0.5355942249298096,0.036921679973602295,0.5055042505264282,0.49332547187805176,0.04154117777943611,0.5018799304962158,0.4585772752761841,0.04436761140823364,0.5344313979148865,0.4717652499675751,0.05242234840989113,0.5055277943611145,0.4273340702056885,0.05494752898812294,0.4767441749572754,0.4003963768482208,0.04862179607152939,0.4532370865345001,0.3799470067024231,0.04231199994683266,0.5475380420684814,0.4553823173046112,0.03337699919939041,0.5057490468025208,0.4034755527973175,0.03617415577173233,0.4740886986255646,0.3760788142681122,0.02654755301773548,0.4457853436470032,0.3626306354999542,0.01808816008269787,0.5559035539627075,0.44798848032951355,0.012792296707630157,0.5101367235183716,0.3879626989364624,0.00982009805738926,0.4758157730102539,0.3652903139591217,0.002700763987377286,0.4465174674987793,0.35264620184898376,-0.002752560656517744,0.5568390488624573,0.4446803629398346,-0.0069059040397405624,0.5147224068641663,0.38721752166748047,-0.01203890796750784,0.48795661330223083,0.370039165019989,-0.013438109308481216,0.4642760455608368,0.36320802569389343,-0.014345607720315456,know
0.5418058633804321,0.6392279267311096,-3.8432531823673344e-07,0.5073691010475159,0.5910933017730713,0.02562432736158371,0.5043892860412598,0.5366058349609375,0.04021100327372551,0.5053601861000061,0.4940705895423889,0.045630380511283875,0.5015372633934021,0.45883551239967346,0.049118027091026306,0.5341481566429138,0.473905473947525,0.0557674765586853,0.5050508379936218,0.4293419420719147,0.06003919616341591,0.47651389241218567,0.402579665184021,0.05461752414703369,0.45358848571777344,0.3817533254623413,0.0487297922372818,0.5471686720848083,0.4563651382923126,0.036060888320207596,0.5050530433654785,0.40437182784080505,0.040619734674692154,0.4737030863761902,0.37662985920906067,0.031440023332834244,0.44592297077178955,0.36313924193382263,0.022990703582763672,0.5552982091903687,0.4483337104320526,0.01494737807661295,0.5093328952789307,0.3885558843612671,0.013728970661759377,0.4754073917865753,0.3650279641151428,0.00681064510717988,0.4464350640773773,0.3517614006996155,0.0010213392088189721,0.5560775995254517,0.444176584482193,-0.005146406590938568,0.5145532488822937,0.3866881728172302,-0.008909686468541622,0.4886351525783539,0.3691253662109375,-0.009898073971271515,0.4654998779296875,0.3618709444999695,-0.010816107504069805,know
0.5426241159439087,0.6375784873962402,-3.8582371075790434e-07,0.5075139999389648,0.5924187302589417,0.024091487750411034,0.503719687461853,0.5367881059646606,0.037406064569950104,0.5046176910400391,0.49322977662086487,0.04169144108891487,0.5009484887123108,0.4569886326789856,0.04413998872041702,0.532291054725647,0.47141095995903015,0.05296001955866814,0.5043532848358154,0.42653122544288635,0.055597808212041855,0.47599849104881287,0.40009620785713196,0.04940098524093628,0.452822208404541,0.37992045283317566,0.04308541491627693,0.5463733673095703,0.4544800817966461,0.033255573362112045,0.505472719669342,0.4017399251461029,0.03603394702076912,0.473803848028183,0.3742069900035858,0.02666255459189415,0.4456060528755188,0.3609848916530609,0.018282756209373474,0.5555419325828552,0.4469619393348694,0.011975513771176338,0.5105823278427124,0.3856709897518158,0.008860387839376926,0.47595036029815674,0.36298152804374695,0.0019279059488326311,0.44667258858680725,0.3506343364715576,-0.0035635714884847403,0.5571746826171875,0.44359609484672546,-0.008385797962546349,0.5148765444755554,0.38566136360168457,-0.013674394227564335,0.48754453659057617,0.36928993463516235,-0.015087286941707134,0.463673859834671,0.3634622097015381,-0.01617276296019554,know
0.5410948395729065,0.6365643739700317,-3.8702356164321827e-07,0.5074666142463684,0.5894580483436584,0.02292291820049286,0.5048337578773499,0.534360945224762,0.03631577268242836,0.5055909752845764,0.49166935682296753,0.041006021201610565,0.5007734298706055,0.4555995464324951,0.0439448207616806,0.531918466091156,0.47160589694976807,0.05240417271852493,0.5051655769348145,0.4271104633808136,0.05482824891805649,0.4769439101219177,0.40066054463386536,0.04839508607983589,0.4535624086856842,0.38098302483558655,0.0420292504131794,0.544873058795929,0.4548908472061157,0.033719345927238464,0.5055860280990601,0.4033711552619934,0.03609474003314972,0.4744425117969513,0.3767397701740265,0.026073094457387924,0.4462887644767761,0.36322733759880066,0.01745019666850567,0.5541635155677795,0.44729679822921753,0.013444098643958569,0.5104613304138184,0.38761770725250244,0.01007133349776268,0.4766528606414795,0.3649161756038666,0.002573820296674967,0.44746747612953186,0.3518136143684387,-0.0030076762195676565,0.5567991137504578,0.44427186250686646,-0.005960548762232065,0.5155413150787354,0.3864237070083618,-0.01134322676807642,0.4886750876903534,0.3685457408428192,-0.012887072749435902,0.46474385261535645,0.36155077815055847,-0.013863314874470234,know
0.5412987470626831,0.6357822418212891,-3.84012480481033e-07,0.5076912641525269,0.5878301858901978,0.022210102528333664,0.505031406879425,0.5330178141593933,0.03502950444817543,0.5053145289421082,0.4906032681465149,0.039262156933546066,0.500218391418457,0.4543612003326416,0.041800353676080704,0.5340206623077393,0.471303254365921,0.05113377049565315,0.5054963231086731,0.42623642086982727,0.052730925381183624,0.4764643907546997,0.39937251806259155,0.045853082090616226,0.4527367353439331,0.37967008352279663,0.03932245075702667,0.546777069568634,0.45447301864624023,0.032521139830350876,0.5058071613311768,0.4025615453720093,0.034223683178424835,0.4738995134830475,0.3753412365913391,0.02399669587612152,0.4454613924026489,0.36214327812194824,0.015353606082499027,0.5553171038627625,0.4467447102069855,0.012273947708308697,0.5102822184562683,0.38612762093544006,0.008172876201570034,0.476061075925827,0.3639388382434845,0.0006921701715327799,0.44716933369636536,0.3517562747001648,-0.004677577409893274,0.5568514466285706,0.4437301754951477,-0.007156239822506905,0.5152661800384521,0.3849041163921356,-0.01339863520115614,0.48801371455192566,0.36786243319511414,-0.015080020762979984,0.4641941487789154,0.36204633116722107,-0.015910256654024124,know
0.5418620705604553,0.6354650855064392,-3.782270994179271e-07,0.5078803300857544,0.5893186926841736,0.02036970853805542,0.5047627091407776,0.5349707007408142,0.03247435763478279,0.5060814023017883,0.4930110573768616,0.036424074321985245,0.502304196357727,0.45833781361579895,0.03876451402902603,0.5316118001937866,0.47046560049057007,0.048836417496204376,0.5045711398124695,0.4257194399833679,0.04982882738113403,0.4765820801258087,0.39917048811912537,0.042723506689071655,0.4537736475467682,0.379908949136734,0.03614575415849686,0.5448006391525269,0.4541621208190918,0.03133155032992363,0.5057386755943298,0.40164533257484436,0.03257650509476662,0.47467541694641113,0.37558335065841675,0.02254236862063408,0.44704440236091614,0.36290353536605835,0.01417775359004736,0.5543126463890076,0.4468977451324463,0.012066968716681004,0.510693371295929,0.38646242022514343,0.007631116081029177,0.47687554359436035,0.36498939990997314,0.00019361851445864886,0.4484162926673889,0.35317015647888184,-0.00502291414886713,0.5572571754455566,0.4442859888076782,-0.006497493479400873,0.51584392786026,0.3862525224685669,-0.012487152591347694,0.4892217814922333,0.36942505836486816,-0.014081964269280434,0.4662196934223175,0.3630986213684082,-0.014896057546138763,know
0.5414857268333435,0.634756863117218,-3.7515792428166606e-07,0.5079063773155212,0.5879386067390442,0.020120644941926003,0.5055727958679199,0.5337676405906677,0.03183925896883011,0.5061943531036377,0.4918193221092224,0.035466283559799194,0.5013365149497986,0.4559389650821686,0.03756902739405632,0.5344275832176208,0.4718376696109772,0.04809687286615372,0.5062455534934998,0.42638567090034485,0.048613496124744415,0.47746309638023376,0.398886501789093,0.04142073169350624,0.4540007710456848,0.3791716396808624,0.034851789474487305,0.5473188161849976,0.4547891318798065,0.03046676516532898,0.5068526268005371,0.4013998210430145,0.030667027458548546,0.4749608039855957,0.37461504340171814,0.020292453467845917,0.4465821385383606,0.36174091696739197,0.011996809393167496,0.5562448501586914,0.44671955704689026,0.011118540540337563,0.5114433765411377,0.38511398434638977,0.0055343955755233765,0.47700124979019165,0.3632831871509552,-0.0020991400815546513,0.44820502400398254,0.35164350271224976,-0.007004308048635721,0.5581469535827637,0.44355037808418274,-0.007482551503926516,0.5164588689804077,0.38462936878204346,-0.014542914927005768,0.48913997411727905,0.3680810034275055,-0.016297945752739906,0.4656521677970886,0.36316439509391785,-0.016858423128724098,know
0.5420026183128357,0.6351144909858704,-3.738604732461681e-07,0.5087407827377319,0.587439239025116,0.019564630463719368,0.5058043003082275,0.5317647457122803,0.03145608305931091,0.5069372057914734,0.48911839723587036,0.03541083261370659,0.5038208961486816,0.4545580744743347,0.03799337521195412,0.5351863503456116,0.4701201617717743,0.04826284199953079,0.507835865020752,0.42471393942832947,0.04916967824101448,0.4796140193939209,0.39790278673171997,0.04199805483222008,0.4567250609397888,0.3790961503982544,0.035501573234796524,0.5475288033485413,0.45415255427360535,0.03134975954890251,0.5086680054664612,0.4008595645427704,0.0327153243124485,0.4775111973285675,0.37467360496520996,0.0229064729064703,0.44995400309562683,0.3628271818161011,0.014799806289374828,0.5561467409133911,0.4471389651298523,0.01261536218225956,0.5131715536117554,0.38645416498184204,0.008186114951968193,0.47972017526626587,0.36472445726394653,0.0008753145230002701,0.45184487104415894,0.3538643419742584,-0.004096017684787512,0.5583136081695557,0.44459447264671326,-0.005463110748678446,0.518853485584259,0.38537392020225525,-0.011650046333670616,0.4921603500843048,0.36874154210090637,-0.013104691170156002,0.46899351477622986,0.36396923661231995,-0.013614345341920853,know
0.5392197966575623,0.6332061886787415,-3.6580334494829003e-07,0.5078041553497314,0.58660489320755,0.019260678440332413,0.5067367553710938,0.5297052264213562,0.03143781051039696,0.5084640979766846,0.48606932163238525,0.03587012365460396,0.5060181617736816,0.4509175717830658,0.03899284824728966,0.5401851534843445,0.47092756628990173,0.04797083139419556,0.5136744976043701,0.42332780361175537,0.05001012980937958,0.48564964532852173,0.39471814036369324,0.04395941644906998,0.4628044366836548,0.37546858191490173,0.03811516612768173,0.5516068935394287,0.45595863461494446,0.03175608068704605,0.5136958360671997,0.399042010307312,0.033564627170562744,0.48302164673805237,0.3727322816848755,0.023798862472176552,0.45567160844802856,0.3607581555843353,0.01576974242925644,0.5595400929450989,0.44909992814064026,0.013849359937012196,0.517120361328125,0.3856760561466217,0.00946597196161747,0.48371344804763794,0.3634496033191681,0.0012832581996917725,0.45580828189849854,0.35337191820144653,-0.004155662376433611,0.5600868463516235,0.44595175981521606,-0.003265110542997718,0.5206974744796753,0.3858555555343628,-0.0095249954611063,0.49350517988204956,0.3682838976383209,-0.011838245205581188,0.4700927436351776,0.3634257912635803,-0.01294286921620369,know
0.5399996638298035,0.6393646597862244,-3.6503362821349583e-07,0.5085468292236328,0.5884812474250793,0.016928408294916153,0.5089085102081299,0.532718300819397,0.02702178806066513,0.5119362473487854,0.49227097630500793,0.030121680349111557,0.5109560489654541,0.4591408669948578,0.0321049839258194,0.5494142174720764,0.4707178473472595,0.042554885149002075,0.5180976390838623,0.42390620708465576,0.04286340996623039,0.4886319041252136,0.3951391279697418,0.0358247384428978,0.46537715196609497,0.3748370409011841,0.029675474390387535,0.5601128935813904,0.45843130350112915,0.027470221742987633,0.5179837942123413,0.40150272846221924,0.02911144122481346,0.4861913323402405,0.3733682632446289,0.02001027762889862,0.4586750566959381,0.35968390107154846,0.012202556245028973,0.5650712847709656,0.4533858299255371,0.010690267197787762,0.5193198323249817,0.3911288380622864,0.006683522369712591,0.4851849377155304,0.3666275143623352,-0.000917052966542542,0.45750758051872253,0.3540259897708893,-0.0062324474565684795,0.5618064403533936,0.4501490294933319,-0.005548838526010513,0.5226969718933105,0.3911403715610504,-0.011098501272499561,0.49649885296821594,0.3717607855796814,-0.013218716718256474,0.4740888774394989,0.36399537324905396,-0.014288056641817093,know
0.5375698804855347,0.6565530896186829,-3.6726856933455565e-07,0.4999869167804718,0.5961072444915771,0.009237434715032578,0.5014210343360901,0.53411465883255,0.011784931644797325,0.5042296648025513,0.4891543984413147,0.009298852644860744,0.5042222738265991,0.4528200626373291,0.006116118747740984,0.5586456060409546,0.47351154685020447,0.023447567597031593,0.5177158713340759,0.42168930172920227,0.015215989202260971,0.4835672974586487,0.3923448622226715,0.002886175876483321,0.456948846578598,0.3753691613674164,-0.005434052087366581,0.5646190643310547,0.46836674213409424,0.01135104987770319,0.518038272857666,0.40716683864593506,0.006544885225594044,0.48238855600357056,0.37965649366378784,-0.004679117351770401,0.45306965708732605,0.36710041761398315,-0.01360161043703556,0.561141312122345,0.46901780366897583,-0.002219428075477481,0.5175561308860779,0.4027881622314453,-0.009711524471640587,0.481753408908844,0.37460920214653015,-0.017801279202103615,0.4530399739742279,0.3618703782558441,-0.023333217948675156,0.5480290651321411,0.4703812003135681,-0.015655750408768654,0.515157163143158,0.4076439440250397,-0.022522389888763428,0.4896264970302582,0.3828916549682617,-0.025235502049326897,0.4670354127883911,0.37203651666641235,-0.026652414351701736,know
0.529076874256134,0.6641956567764282,-3.6567143979482353e-07,0.4957542419433594,0.6091645956039429,0.003808152861893177,0.4922104477882385,0.5371561646461487,0.00291075324639678,0.49217674136161804,0.4873485863208771,-0.001378323882818222,0.4904322624206543,0.4526774287223816,-0.006609036587178707,0.5444542765617371,0.4739719331264496,0.006982158403843641,0.49322614073753357,0.4239993989467621,-0.0060454499907791615,0.4563913941383362,0.4018522799015045,-0.01926681213080883,0.42963075637817383,0.3926030695438385,-0.026894524693489075,0.5423253178596497,0.47250285744667053,-0.002477254020050168,0.49096935987472534,0.41340547800064087,-0.010644154623150826,0.4519466459751129,0.38929301500320435,-0.02042885310947895,0.42047274112701416,0.38229209184646606,-0.02785642258822918,0.5318654179573059,0.4760391414165497,-0.013137000612914562,0.48527464270591736,0.4101084768772125,-0.023317331448197365,0.44661685824394226,0.3861062228679657,-0.031186610460281372,0.41837623715400696,0.3782123625278473,-0.03598136454820633,0.51418137550354,0.4829062223434448,-0.023717204108834267,0.4796690344810486,0.41973137855529785,-0.032807037234306335,0.4513258934020996,0.39651238918304443,-0.03644617274403572,0.4278564453125,0.3894101679325104,-0.03805718570947647,know
0.5203648209571838,0.6708342432975769,-3.201865865776199e-07,0.48217105865478516,0.6155974864959717,0.006364150438457727,0.47914499044418335,0.5498104095458984,0.00630056532099843,0.4786272346973419,0.5049504637718201,0.0025191702879965305,0.47481265664100647,0.46977049112319946,-0.0014914271887391806,0.5368180274963379,0.4799574911594391,0.012355079874396324,0.4867383539676666,0.42968663573265076,0.0018851778004318476,0.44985219836235046,0.40540552139282227,-0.009208823554217815,0.4239645302295685,0.3914640545845032,-0.01619996502995491,0.5353500247001648,0.4764256179332733,0.002128754975274205,0.48260167241096497,0.416925311088562,-0.0052008661441504955,0.4443422555923462,0.3947857618331909,-0.013063741847872734,0.41629651188850403,0.3839358687400818,-0.01891656033694744,0.5230907797813416,0.47888264060020447,-0.00931865256279707,0.47401827573776245,0.41282060742378235,-0.01842351444065571,0.4361489713191986,0.3913300633430481,-0.023575857281684875,0.4090283215045929,0.3807620704174042,-0.026547962799668312,0.5017879009246826,0.48402175307273865,-0.02072552591562271,0.46439069509506226,0.42554476857185364,-0.028779171407222748,0.43754488229751587,0.4034362733364105,-0.03133241459727287,0.41617345809936523,0.39106684923171997,-0.03213009610772133,know
0.5257786512374878,0.6685069799423218,-3.667614976166078e-07,0.4876130223274231,0.6187644600868225,0.012230753898620605,0.48298415541648865,0.555391788482666,0.014870278537273407,0.481393039226532,0.5111715197563171,0.012266279198229313,0.47535496950149536,0.4754694700241089,0.00906642246991396,0.5382538437843323,0.47152605652809143,0.021126726642251015,0.48750054836273193,0.42504018545150757,0.012846223078668118,0.4510982632637024,0.4058457314968109,0.0023833157029002905,0.425146222114563,0.3942064642906189,-0.004334349185228348,0.5383819341659546,0.4659690260887146,0.008084713481366634,0.4836585223674774,0.4096306562423706,0.0034166916739195585,0.44485077261924744,0.39108243584632874,-0.003896628739312291,0.4158492982387543,0.38525596261024475,-0.009658649563789368,0.527214765548706,0.4678190350532532,-0.0059890421107411385,0.4749367833137512,0.40529927611351013,-0.012342771515250206,0.4363386034965515,0.3898542523384094,-0.01619829423725605,0.4091249704360962,0.3833824694156647,-0.018949521705508232,0.506820023059845,0.4727831780910492,-0.019722869619727135,0.46566471457481384,0.41789084672927856,-0.025488702580332756,0.437500923871994,0.40007564425468445,-0.02658105455338955,0.41580989956855774,0.39030909538269043,-0.02671409398317337,know
0.5293667912483215,0.668881893157959,-3.862851656322164e-07,0.491306871175766,0.6165592074394226,0.006323717068880796,0.48731955885887146,0.551980197429657,0.0056077162735164165,0.48609766364097595,0.5060641765594482,0.0008828259306028485,0.4814859926700592,0.4689972698688507,-0.0040903412736952305,0.5430383086204529,0.4707828462123871,0.013436448760330677,0.49300941824913025,0.4249364137649536,0.0007987234857864678,0.45509979128837585,0.40523356199264526,-0.01305230613797903,0.4276261329650879,0.3953697979450226,-0.02167344093322754,0.5424790978431702,0.4675050377845764,0.0026964936405420303,0.4899653196334839,0.41046634316444397,-0.0060520051047205925,0.45105865597724915,0.3924329876899719,-0.01649460755288601,0.42114031314849854,0.3865275979042053,-0.02423599362373352,0.5329850912094116,0.47039172053337097,-0.009371881373226643,0.48339754343032837,0.40824177861213684,-0.018796471878886223,0.44524723291397095,0.3910934031009674,-0.025106681510806084,0.4171207845211029,0.384323388338089,-0.029172994196414948,0.5155389904975891,0.47701263427734375,-0.021449530497193336,0.47573527693748474,0.42152857780456543,-0.028767358511686325,0.44815701246261597,0.40221402049064636,-0.031239928677678108,0.42661648988723755,0.39275944232940674,-0.03238809481263161,know
0.5405941009521484,0.6526535749435425,-3.178110716817173e-07,0.5087397694587708,0.5998470783233643,0.006267721299082041,0.5088195204734802,0.5384953618049622,0.005923921708017588,0.5117331743240356,0.49588751792907715,0.0017721465555951,0.5101888179779053,0.4631441831588745,-0.00247195060364902,0.5617343783378601,0.46680545806884766,0.013136808760464191,0.5150479078292847,0.4147702157497406,0.001907269237563014,0.48019617795944214,0.3879586160182953,-0.010266933590173721,0.4547867774963379,0.3744506537914276,-0.017776349559426308,0.5614580512046814,0.46280795335769653,0.0030918826814740896,0.5119767785072327,0.40157565474510193,-0.00350218266248703,0.4760882556438446,0.3759117126464844,-0.012034274637699127,0.4480375051498413,0.3616810142993927,-0.019009264186024666,0.5517645478248596,0.4643039107322693,-0.008330765180289745,0.5064764022827148,0.3970707654953003,-0.01676076464354992,0.47114884853363037,0.3720257878303528,-0.022084536030888557,0.44426530599594116,0.35861119627952576,-0.0256838146597147,0.5335420370101929,0.4671260714530945,-0.01971335895359516,0.49939629435539246,0.4054838716983795,-0.026243293657898903,0.47452932596206665,0.38429468870162964,-0.027548933401703835,0.4538326561450958,0.372933954000473,-0.028002070263028145,know
0.5494897961616516,0.6384618878364563,-3.423391206069937e-07,0.519061803817749,0.5818776488304138,0.007045656908303499,0.5236915349960327,0.5187098383903503,0.00897273514419794,0.5284894704818726,0.47579512000083923,0.007070592604577541,0.5289264917373657,0.4425060451030731,0.0049020047299563885,0.5834823846817017,0.4618881046772003,0.017039652913808823,0.542272686958313,0.40376555919647217,0.008043668232858181,0.5093546509742737,0.3714636564254761,-0.0030764834955334663,0.4845147430896759,0.35529422760009766,-0.01004226878285408,0.5866302251815796,0.4587715268135071,0.007207430899143219,0.5411424040794373,0.39186525344848633,0.0024762344546616077,0.5057568550109863,0.3602939546108246,-0.006103850435465574,0.4771729111671448,0.34217369556427,-0.013106782920658588,0.579630970954895,0.45891332626342773,-0.004023517016321421,0.5371862053871155,0.3850121796131134,-0.01129608228802681,0.5036056041717529,0.3555532395839691,-0.01671694591641426,0.4781937599182129,0.33888712525367737,-0.020324161276221275,0.5628406405448914,0.45850756764411926,-0.015184609219431877,0.5310146808624268,0.3887505829334259,-0.02152983844280243,0.5064795613288879,0.36323851346969604,-0.022676832973957062,0.48617875576019287,0.3495357930660248,-0.02288711816072464,know
0.5608789920806885,0.634719729423523,-4.384524459055683e-07,0.5302266478538513,0.579855740070343,0.033197954297065735,0.5323072075843811,0.5164816379547119,0.05140102654695511,0.5360175371170044,0.4698626697063446,0.059302087873220444,0.5341313481330872,0.4332820475101471,0.06479734182357788,0.5909122228622437,0.46210572123527527,0.06147010996937752,0.5543825030326843,0.4027084708213806,0.06866913288831711,0.5218647718429565,0.37147048115730286,0.06397304683923721,0.4969460368156433,0.3508169949054718,0.05913137272000313,0.5980408191680908,0.4519370496273041,0.039879411458969116,0.5531569123268127,0.3836330771446228,0.0509827546775341,0.5186235904693604,0.3493070900440216,0.04394178092479706,0.4900932013988495,0.33218100666999817,0.03566932678222656,0.5941938161849976,0.44816505908966064,0.01756088063120842,0.5481583476066589,0.3770027160644531,0.022283412516117096,0.5140584707260132,0.3458558917045593,0.01569325290620327,0.4872013032436371,0.32769259810447693,0.008349118754267693,0.5798861384391785,0.4439835846424103,-0.0031603840179741383,0.5421468615531921,0.37899014353752136,-0.002093408489599824,0.5162394642829895,0.3511272072792053,-0.0031718770042061806,0.494602769613266,0.3318297564983368,-0.0053878300823271275,know
0.5610538125038147,0.6328193545341492,-4.1606043055253394e-07,0.5304421186447144,0.5679668188095093,0.019339272752404213,0.536283552646637,0.5080034136772156,0.027357986196875572,0.5416954755783081,0.4663379490375519,0.028395211324095726,0.5416092276573181,0.4343559145927429,0.027710534632205963,0.5986553430557251,0.4620392322540283,0.03528623282909393,0.5586995482444763,0.3991536796092987,0.03242487460374832,0.5255560874938965,0.3654683232307434,0.022848695516586304,0.5003325343132019,0.34318092465400696,0.015600012615323067,0.6041036248207092,0.45499616861343384,0.01950909197330475,0.558198869228363,0.3802402913570404,0.02092009037733078,0.5223515629768372,0.3459917902946472,0.01219826191663742,0.4934157133102417,0.32729390263557434,0.003762236563488841,0.5985026359558105,0.45183107256889343,0.0029325936920940876,0.5532053709030151,0.37312600016593933,0.0010054410668089986,0.5182700753211975,0.34332042932510376,-0.0050873951986432076,0.4915125072002411,0.32619819045066833,-0.010925274342298508,0.5824898481369019,0.44759759306907654,-0.012874644249677658,0.5453826785087585,0.3792809545993805,-0.0161762572824955,0.5192385911941528,0.3527602553367615,-0.017451096326112747,0.4978826344013214,0.3365282118320465,-0.018833812326192856,know
0.5557730793952942,0.638167679309845,-4.485585805014125e-07,0.5228510499000549,0.5762949585914612,0.010781378485262394,0.5263158679008484,0.5132701992988586,0.014693118631839752,0.5303552746772766,0.4684477150440216,0.013343575410544872,0.5309142470359802,0.4331749975681305,0.010787180624902248,0.5888866186141968,0.460844486951828,0.02159338817000389,0.5474834442138672,0.40307968854904175,0.013776974752545357,0.5134149193763733,0.3700958788394928,0.002141251927241683,0.4872918128967285,0.34961748123168945,-0.005811336450278759,0.59409499168396,0.4555726647377014,0.009056514129042625,0.545361340045929,0.38553670048713684,0.005615959409624338,0.5086571574211121,0.3527723550796509,-0.003504997119307518,0.4797953963279724,0.33475664258003235,-0.011312192305922508,0.5899581909179688,0.45473480224609375,-0.004733185283839703,0.5415424704551697,0.3779466152191162,-0.010968071408569813,0.5057351589202881,0.345641165971756,-0.01754489354789257,0.47922322154045105,0.32654881477355957,-0.02271348610520363,0.5760310292243958,0.4539346694946289,-0.018344895914196968,0.5383853316307068,0.38406962156295776,-0.0250224769115448,0.5113868713378906,0.35656237602233887,-0.02746705897152424,0.48939579725265503,0.3413070738315582,-0.02888597548007965,know
0.5477619767189026,0.6470876336097717,-4.0351065422328247e-07,0.5138212442398071,0.5887971520423889,0.007863584905862808,0.5186454057693481,0.5274951457977295,0.009449745528399944,0.5239741802215576,0.48567020893096924,0.006601713597774506,0.5248162746429443,0.4526972472667694,0.002747817663475871,0.5775280594825745,0.46868836879730225,0.015794433653354645,0.5354087948799133,0.4107030928134918,0.005045926198363304,0.5012237429618835,0.38039690256118774,-0.00788157805800438,0.4747515022754669,0.3642413318157196,-0.015873117372393608,0.578682005405426,0.46336573362350464,0.0050248047336936,0.5333943367004395,0.3966432809829712,-0.00028548386762849987,0.4973968267440796,0.3685663938522339,-0.009261561557650566,0.4688306152820587,0.3551466763019562,-0.016677286475896835,0.5704229474067688,0.46242597699165344,-0.007055424153804779,0.5294656157493591,0.3889060616493225,-0.014413530007004738,0.49411073327064514,0.3616043031215668,-0.020612480118870735,0.46747684478759766,0.3477438688278198,-0.025204811245203018,0.5532280802726746,0.4617944657802582,-0.01909387670457363,0.5217646360397339,0.39608705043792725,-0.025371596217155457,0.4957042336463928,0.372334748506546,-0.027353275567293167,0.47369104623794556,0.3599894642829895,-0.02847965434193611,know
0.5354102849960327,0.670922577381134,-3.7864407431698055e-07,0.5011025667190552,0.6149429082870483,0.005240570288151503,0.49682527780532837,0.5417541265487671,0.005360094830393791,0.4968292713165283,0.49222007393836975,0.0019775605760514736,0.4938139319419861,0.45935705304145813,-0.0027413538191467524,0.5451350212097168,0.4755224287509918,0.006310176104307175,0.4958626925945282,0.4155288636684418,-0.006545347161591053,0.4609486758708954,0.39171966910362244,-0.019635526463389397,0.4351963996887207,0.38266637921333313,-0.02743752859532833,0.5434862375259399,0.4739844799041748,-0.003559931181371212,0.4933425188064575,0.4061846435070038,-0.012653696350753307,0.4557766914367676,0.38219717144966125,-0.02285679802298546,0.4257175028324127,0.37437382340431213,-0.030471544712781906,0.5335397124290466,0.4783548414707184,-0.01428215205669403,0.489574670791626,0.40699729323387146,-0.025057170540094376,0.45263877511024475,0.3831934332847595,-0.033274512737989426,0.425590842962265,0.3741256296634674,-0.038211025297641754,0.5165742039680481,0.4876970052719116,-0.024720484390854836,0.485453724861145,0.42469295859336853,-0.033922698348760605,0.4598711133003235,0.4016183614730835,-0.03756750747561455,0.4387349784374237,0.3922026753425598,-0.03930709883570671,know
0.524849534034729,0.6790341734886169,-2.908415694946598e-07,0.4872700572013855,0.6190975308418274,0.007460108492523432,0.48290136456489563,0.5487974286079407,0.008230435661971569,0.4811026155948639,0.4999769330024719,0.005498895887285471,0.4771595299243927,0.46303898096084595,0.0026359613984823227,0.5402828454971313,0.48026880621910095,0.013545706868171692,0.49021121859550476,0.42951005697250366,0.00423244945704937,0.4542389512062073,0.4020156264305115,-0.006324641406536102,0.42810916900634766,0.38493645191192627,-0.013091318309307098,0.5385778546333313,0.47680559754371643,0.00355160771869123,0.48671966791152954,0.419488787651062,-0.0024776712525635958,0.450944721698761,0.39166656136512756,-0.010331369005143642,0.4227103888988495,0.3745992183685303,-0.016445409506559372,0.5252266526222229,0.4789847433567047,-0.00740317115560174,0.47837087512016296,0.41636642813682556,-0.014872894622385502,0.44316408038139343,0.38867560029029846,-0.019978035241365433,0.41573211550712585,0.3709099292755127,-0.02321000210940838,0.5024285316467285,0.48324328660964966,-0.018195634707808495,0.4657779932022095,0.42780444025993347,-0.024236077442765236,0.4413824677467346,0.402962863445282,-0.025803210213780403,0.42039909958839417,0.38654065132141113,-0.026126744225621223,know
0.5273496508598328,0.6665093302726746,-3.39982221930768e-07,0.4913906455039978,0.6183996200561523,0.010629737749695778,0.4872852861881256,0.5544887185096741,0.01267482340335846,0.4854157269001007,0.5090613961219788,0.010079769417643547,0.4786336123943329,0.4752029776573181,0.00685488386079669,0.5406340956687927,0.4723612666130066,0.017370307818055153,0.49080997705459595,0.42132630944252014,0.008312911726534367,0.45443636178970337,0.40032050013542175,-0.0019466562662273645,0.4284256398677826,0.3900613784790039,-0.008220559917390347,0.5394776463508606,0.4664972126483917,0.005602516233921051,0.486314594745636,0.40587118268013,4.4787397200707346e-05,0.44855624437332153,0.38805198669433594,-0.006591781508177519,0.4209369719028473,0.38202062249183655,-0.011418100446462631,0.527274489402771,0.4691862463951111,-0.007143511436879635,0.47739657759666443,0.4016766846179962,-0.01473954226821661,0.4404979646205902,0.38544321060180664,-0.0181727334856987,0.4144340455532074,0.3781433403491974,-0.019973060116171837,0.50541752576828,0.47564271092414856,-0.019477257505059242,0.46696534752845764,0.4166402816772461,-0.026389149948954582,0.44012191891670227,0.3978283405303955,-0.02732660248875618,0.4194895029067993,0.38739103078842163,-0.02686087042093277,know
0.5297939777374268,0.6737691164016724,-3.6483714893620345e-07,0.49146121740341187,0.6206168532371521,0.005846855230629444,0.4879525899887085,0.5547862648963928,0.005226997192949057,0.4869556725025177,0.5103850364685059,0.0006315954378806055,0.48329973220825195,0.4724019169807434,-0.003996271174401045,0.5449069142341614,0.47605693340301514,0.014785906299948692,0.49608486890792847,0.4285259246826172,0.0027830807957798243,0.4594327509403229,0.40479978919029236,-0.010520410723984241,0.43317216634750366,0.3907474875450134,-0.018957924097776413,0.5445829033851624,0.472229540348053,0.004172455985099077,0.49462080001831055,0.41567564010620117,-0.004152556415647268,0.45685768127441406,0.39238664507865906,-0.014221780933439732,0.42716825008392334,0.3803164064884186,-0.02172587625682354,0.5346768498420715,0.473853200674057,-0.007935477420687675,0.4880805015563965,0.41058188676834106,-0.017133444547653198,0.4510824978351593,0.38920772075653076,-0.02284597046673298,0.4234587252140045,0.3767184019088745,-0.02645552158355713,0.5162528157234192,0.47814667224884033,-0.020212441682815552,0.4779805839061737,0.4221300184726715,-0.02764934115111828,0.4509930908679962,0.39994150400161743,-0.029803398996591568,0.429713636636734,0.38636353611946106,-0.0305873304605484,know
0.5372049808502197,0.6590105891227722,-3.2498758173460374e-07,0.5038020610809326,0.6035982370376587,0.00707807345315814,0.5035953521728516,0.535680890083313,0.008289181627333164,0.5054272413253784,0.4852808117866516,0.005862845573574305,0.5029528737068176,0.4473319947719574,0.003222413593903184,0.5607522130012512,0.47684499621391296,0.013875603675842285,0.5138985514640808,0.4194543957710266,0.0038672834634780884,0.4787515699863434,0.38996267318725586,-0.00722826411947608,0.45370936393737793,0.37315699458122253,-0.014143506996333599,0.5603716969490051,0.47062334418296814,0.003994254861027002,0.5118619203567505,0.4071215093135834,-0.0016045330557972193,0.47617241740226746,0.3778315782546997,-0.009375359863042831,0.4484196901321411,0.3588695526123047,-0.015921078622341156,0.549892008304596,0.4697812497615814,-0.007062507793307304,0.5063697695732117,0.40066981315612793,-0.015265034511685371,0.4714108407497406,0.37358546257019043,-0.01988082565367222,0.44474688172340393,0.3570985794067383,-0.02303340658545494,0.5308302640914917,0.4698450267314911,-0.017958641052246094,0.49892669916152954,0.407294362783432,-0.024929983541369438,0.4741215407848358,0.3853781521320343,-0.02584061399102211,0.45311135053634644,0.3728862404823303,-0.02588939666748047,know
0.5455197095870972,0.6463803052902222,-3.519762117321079e-07,0.5120713114738464,0.5915959477424622,0.013657807372510433,0.5165843963623047,0.530713677406311,0.018555914983153343,0.5224682092666626,0.4867525100708008,0.01807558536529541,0.521086573600769,0.4539491832256317,0.01643424853682518,0.5720880627632141,0.4673521816730499,0.024520715698599815,0.5294029712677002,0.4069378972053528,0.018983298912644386,0.4954512417316437,0.37612348794937134,0.009427035227417946,0.4701564311981201,0.3577757477760315,0.0027270191349089146,0.5754866600036621,0.46059802174568176,0.011307202279567719,0.5271987318992615,0.39364802837371826,0.009797928854823112,0.49138087034225464,0.3626280128955841,0.0011761428322643042,0.46247050166130066,0.3444025218486786,-0.00680201593786478,0.5677828788757324,0.46101614832878113,-0.002756740665063262,0.5230088829994202,0.3881678283214569,-0.007845742627978325,0.488172709941864,0.3591371774673462,-0.014344824478030205,0.46063119173049927,0.34160757064819336,-0.019689135253429413,0.5496222376823425,0.4622623026371002,-0.016165483742952347,0.5158935189247131,0.39397937059402466,-0.021783262491226196,0.49143698811531067,0.36819276213645935,-0.02353278547525406,0.4704691469669342,0.3534074127674103,-0.024791106581687927,know
0.5505362749099731,0.6396055221557617,-3.826650640803564e-07,0.5175240635871887,0.5824596285820007,0.010742979124188423,0.5201936364173889,0.5210282802581787,0.014431490562856197,0.5248892307281494,0.47842085361480713,0.01339628268033266,0.5238422155380249,0.4468323588371277,0.011184411123394966,0.5814691781997681,0.4636160433292389,0.020329806953668594,0.5401824116706848,0.4044155180454254,0.01315231528133154,0.5070609450340271,0.37180662155151367,0.0022943755611777306,0.4817422032356262,0.35232895612716675,-0.005271051079034805,0.5855797529220581,0.45896345376968384,0.00848793052136898,0.5401625633239746,0.3898041248321533,0.005296532530337572,0.5051670074462891,0.35737964510917664,-0.0038031607400625944,0.47658705711364746,0.3389816880226135,-0.011893686838448048,0.5788213014602661,0.4589627683162689,-0.004300796892493963,0.5352726578712463,0.3841124176979065,-0.010822148993611336,0.5010054707527161,0.3544897139072418,-0.01771877333521843,0.47412794828414917,0.33700400590896606,-0.023098742589354515,0.5617267489433289,0.4597630798816681,-0.016635054722428322,0.5265597105026245,0.3916589319705963,-0.023669950664043427,0.5009932518005371,0.36596301198005676,-0.0262347050011158,0.47980549931526184,0.3506384789943695,-0.02782720886170864,know
0.5558739304542542,0.6409950256347656,-4.295285407351912e-07,0.5215741991996765,0.5802684426307678,0.019570041447877884,0.5240671634674072,0.5196266770362854,0.02678460255265236,0.5276079773902893,0.4744453430175781,0.027183465659618378,0.5260151624679565,0.4387392997741699,0.02559630572795868,0.5865951776504517,0.46231845021247864,0.031478848308324814,0.5425468683242798,0.40426144003868103,0.028378857299685478,0.508378267288208,0.37392374873161316,0.019174080342054367,0.48375898599624634,0.35357993841171265,0.012043389491736889,0.5908721685409546,0.4556625187397003,0.015100588090717793,0.5409520268440247,0.3875504732131958,0.016266288235783577,0.503864586353302,0.3549378514289856,0.00809489656239748,0.47485488653182983,0.3369399309158325,-0.0002476812223903835,0.583317220211029,0.45478346943855286,-0.0017419810174033046,0.5353714823722839,0.38088974356651306,-0.00452776812016964,0.4990707337856293,0.35040372610092163,-0.010099094361066818,0.47191208600997925,0.33182334899902344,-0.015737030655145645,0.5656145215034485,0.4537217319011688,-0.017627660185098648,0.5287837982177734,0.38629209995269775,-0.022261960431933403,0.5025776624679565,0.3600800037384033,-0.023632431402802467,0.48115256428718567,0.3435983657836914,-0.02500690519809723,know
0.557864785194397,0.6428947448730469,-4.2020533896902634e-07,0.5225716233253479,0.58213871717453,0.022075176239013672,0.5247556567192078,0.5195516347885132,0.03029155358672142,0.5279003977775574,0.47503557801246643,0.030967971310019493,0.5269418954849243,0.441724956035614,0.029603974893689156,0.5864572525024414,0.4633268713951111,0.03472058102488518,0.5452398061752319,0.40470537543296814,0.03271397575736046,0.511529803276062,0.3752574324607849,0.024327680468559265,0.4871112108230591,0.35733288526535034,0.017721207812428474,0.5902466773986816,0.45662805438041687,0.017119700089097023,0.5425263047218323,0.3883105218410492,0.019525578245520592,0.5054386258125305,0.35644102096557617,0.012608785182237625,0.47713157534599304,0.3391106128692627,0.005151722580194473,0.5817215442657471,0.45636266469955444,-0.0009344471618533134,0.5371688604354858,0.3815217912197113,-0.0024737503845244646,0.5011320114135742,0.3515462279319763,-0.006585540249943733,0.4743640422821045,0.3330346643924713,-0.011390024796128273,0.5625055432319641,0.4553954303264618,-0.017911458387970924,0.5285585522651672,0.3871647119522095,-0.021498169749975204,0.503094494342804,0.3622770607471466,-0.02169027365744114,0.482175350189209,0.3472250998020172,-0.022294852882623672,know
0.5554128289222717,0.646266520023346,-4.187803028798953e-07,0.519645094871521,0.5867195129394531,0.024666141718626022,0.5205919742584229,0.522261917591095,0.0352054238319397,0.5242623686790466,0.4777672290802002,0.03741254284977913,0.523554265499115,0.4433147609233856,0.03754067420959473,0.5807658433914185,0.4610133469104767,0.041776858270168304,0.5405990481376648,0.40459391474723816,0.042007189244031906,0.5077064633369446,0.3750085234642029,0.03462795168161392,0.4837367832660675,0.3545185923576355,0.027999207377433777,0.5868118405342102,0.4552193582057953,0.022092364728450775,0.538579523563385,0.38790395855903625,0.02500985376536846,0.5027516484260559,0.3560737669467926,0.017456751316785812,0.4745705723762512,0.33736976981163025,0.009710710495710373,0.5811598896980286,0.45531752705574036,0.0017250963719561696,0.5332575440406799,0.3808317184448242,-0.000711688946466893,0.4977237582206726,0.3515605032444,-0.00546610401943326,0.4710700213909149,0.3318333923816681,-0.010244223289191723,0.5647895932197571,0.45426201820373535,-0.01746620610356331,0.5264432430267334,0.38473638892173767,-0.022686243057250977,0.5010820627212524,0.3599155843257904,-0.02375442534685135,0.48070111870765686,0.34343719482421875,-0.024654269218444824,know
0.5537920594215393,0.6419439315795898,-4.156441946179257e-07,0.5207558274269104,0.5820202827453613,0.023241717368364334,0.5230672359466553,0.5208412408828735,0.03267865628004074,0.5259952545166016,0.47796630859375,0.0342789925634861,0.5242558717727661,0.44565752148628235,0.03383191302418709,0.5839821100234985,0.4638376832008362,0.038462359458208084,0.5436365604400635,0.404061496257782,0.03757364675402641,0.5099615454673767,0.37412965297698975,0.02974938228726387,0.4849902391433716,0.35524982213974,0.02334354631602764,0.5883899331092834,0.45631495118141174,0.020559994503855705,0.5406448841094971,0.385616660118103,0.023333311080932617,0.5041700601577759,0.35459741950035095,0.015978273004293442,0.47563084959983826,0.3373570442199707,0.008294559083878994,0.5810803174972534,0.4550758898258209,0.002143044723197818,0.5338667631149292,0.3788650333881378,0.0007162324618548155,0.49849751591682434,0.3516920208930969,-0.0039312830194830894,0.47170594334602356,0.3350408971309662,-0.008937318809330463,0.562950611114502,0.4529862105846405,-0.01514080073684454,0.5257030725479126,0.3856618404388428,-0.018430693075060844,0.5003462433815002,0.36104193329811096,-0.018984386697411537,0.4795675277709961,0.34521913528442383,-0.01991822011768818,know
0.5540422201156616,0.6434906721115112,-4.185883710761118e-07,0.5187574028968811,0.5834246873855591,0.01684291660785675,0.5204716920852661,0.5211253762245178,0.023460116237401962,0.5240386724472046,0.4766068458557129,0.023690300062298775,0.5232462882995605,0.44376009702682495,0.02226644568145275,0.5815712213516235,0.46249663829803467,0.030513478443026543,0.5373564958572388,0.4060705900192261,0.027362195774912834,0.5034385323524475,0.37602508068084717,0.01826663501560688,0.4789821207523346,0.3551567792892456,0.011058974079787731,0.5861391425132751,0.4551151692867279,0.015341250225901604,0.5354353189468384,0.38608378171920776,0.01582915335893631,0.4984549283981323,0.3545754849910736,0.007914487272500992,0.4695413410663605,0.3358100354671478,0.00015670654829591513,0.5795385837554932,0.453508198261261,-0.0006687507266178727,0.5300425291061401,0.37833744287490845,-0.004197192844003439,0.4941321015357971,0.3495430052280426,-0.009654859080910683,0.46731168031692505,0.3309514820575714,-0.014788927510380745,0.562620222568512,0.4513758420944214,-0.01601509191095829,0.5241044163703918,0.3835151195526123,-0.021212227642536163,0.4981895387172699,0.35904639959335327,-0.02261458896100521,0.47745227813720703,0.34335771203041077,-0.023728368803858757,know
0.5565074682235718,0.6454775929450989,-4.4730026615980023e-07,0.5220973491668701,0.5823975801467896,0.04130054637789726,0.522441565990448,0.5205896496772766,0.061008162796497345,0.5230912566184998,0.47791749238967896,0.06867246329784393,0.5193982124328613,0.44141262769699097,0.07336856424808502,0.5770797729492188,0.4634222984313965,0.06789358705282211,0.5375412106513977,0.4073823094367981,0.07693995535373688,0.5047959685325623,0.3798997700214386,0.07338179647922516,0.4807300269603729,0.35921433568000793,0.06854507327079773,0.5825838446617126,0.454781711101532,0.04133055359125137,0.5344244837760925,0.3878198266029358,0.05370885878801346,0.4980839490890503,0.3562287390232086,0.04742054641246796,0.46922144293785095,0.33751246333122253,0.0390533022582531,0.5773237943649292,0.4524938464164734,0.014735627919435501,0.5284521579742432,0.3792225122451782,0.020324137061834335,0.49288034439086914,0.3523229658603668,0.015844110399484634,0.46628618240356445,0.333593487739563,0.009419717825949192,0.562438428401947,0.4471242427825928,-0.009595712646842003,0.5234383940696716,0.38024988770484924,-0.008653834462165833,0.49738872051239014,0.3586866855621338,-0.007929678075015545,0.47636154294013977,0.3446763753890991,-0.008901170454919338,know
0.5543909668922424,0.6439037322998047,-4.379248252917023e-07,0.5214359164237976,0.5831536650657654,0.04402761161327362,0.5227805376052856,0.5225440263748169,0.06657137721776962,0.5242358446121216,0.4807486832141876,0.0767296850681305,0.5207871198654175,0.4424794018268585,0.08410763740539551,0.5762094855308533,0.4679264426231384,0.07597300410270691,0.5381683707237244,0.4115361273288727,0.08751747757196426,0.5055160522460938,0.38243260979652405,0.08494748175144196,0.4812377095222473,0.3623899817466736,0.08075131475925446,0.5815019011497498,0.45694172382354736,0.04908698424696922,0.534876823425293,0.38892990350723267,0.06410303711891174,0.499814510345459,0.3564675748348236,0.057813603430986404,0.4721108078956604,0.3373119533061981,0.04904896765947342,0.5767357349395752,0.45223870873451233,0.021967623382806778,0.5290061831474304,0.37916499376296997,0.03011271357536316,0.4945070147514343,0.35231801867485046,0.025012904778122902,0.46848344802856445,0.3347782492637634,0.01756736822426319,0.5627630352973938,0.4442986845970154,-0.0027741517405956984,0.5229811072349548,0.3795578181743622,-0.00013997919450048357,0.4971514344215393,0.3577835261821747,0.00012564801727421582,0.476341187953949,0.3429812490940094,-0.0016324735479429364,know
0.5543774962425232,0.6428700685501099,-4.3488901724231255e-07,0.5203943848609924,0.5804222226142883,0.04007616639137268,0.5217686295509338,0.5208054780960083,0.05989411845803261,0.5232219099998474,0.47821566462516785,0.06803952157497406,0.5190736651420593,0.44104427099227905,0.07343069463968277,0.5762677788734436,0.46536070108413696,0.06920012086629868,0.5367524027824402,0.4088270664215088,0.07841499149799347,0.5040748715400696,0.3802042007446289,0.07437028735876083,0.47970902919769287,0.3596875071525574,0.0692279264330864,0.5816414952278137,0.4554975926876068,0.04366886243224144,0.5335270166397095,0.38681164383888245,0.05626993998885155,0.4981658160686493,0.35467448830604553,0.0489722304046154,0.470002681016922,0.3358001112937927,0.0397053062915802,0.5769089460372925,0.4521898627281189,0.01788468286395073,0.5280335545539856,0.37837839126586914,0.02425803244113922,0.49370336532592773,0.35159650444984436,0.018707221373915672,0.46789228916168213,0.3338991403579712,0.011206846684217453,0.5628448128700256,0.44666606187820435,-0.005798411089926958,0.5229023098945618,0.3810429275035858,-0.004192383494228125,0.4970259666442871,0.3585817813873291,-0.0040799337439239025,0.4762648046016693,0.34370988607406616,-0.005776936188340187,know
