0.47709783911705017,0.6373380422592163,-1.9239261916936812e-07,0.4522207975387573,0.5398507714271545,0.00697427848353982,0.41052550077438354,0.47761180996894836,0.0014872729079797864,0.3624279499053955,0.45172885060310364,-0.004473998676985502,0.3253524899482727,0.43774718046188354,-0.01117965579032898,0.40658852458000183,0.4578389823436737,-0.03376215696334839,0.32743385434150696,0.44947633147239685,-0.048291195183992386,0.2987632751464844,0.484377920627594,-0.04835375025868416,0.2933894693851471,0.5135958790779114,-0.04456271231174469,0.3996115028858185,0.5148265361785889,-0.04297741502523422,0.31147393584251404,0.49884021282196045,-0.05566030368208885,0.28559601306915283,0.5330580472946167,-0.04978960007429123,0.2864467203617096,0.5608754754066467,-0.04378769174218178,0.3910008370876312,0.5775763392448425,-0.04985100403428078,0.3090774416923523,0.5585434436798096,-0.05888935178518295,0.2884613573551178,0.5820634961128235,-0.04915916174650192,0.2917584776878357,0.600233256816864,-0.040809616446495056,0.3845193088054657,0.639666736125946,-0.055211834609508514,0.3188251554965973,0.6104703545570374,-0.061348654329776764,0.2989962697029114,0.6117711067199707,-0.055040083825588226,0.296064555644989,0.6177764534950256,-0.048430461436510086,old
0.478281706571579,0.6392081379890442,-1.9824693708869745e-07,0.453067421913147,0.5417335033416748,0.007332614157348871,0.41140395402908325,0.47933125495910645,0.0021709275897592306,0.3638087511062622,0.4526398479938507,-0.0035683847963809967,0.3269985616207123,0.4378718137741089,-0.010010046884417534,0.4063493609428406,0.45911654829978943,-0.03336631879210472,0.3271431624889374,0.45100095868110657,-0.048198435455560684,0.2989705502986908,0.48692986369132996,-0.04834090918302536,0.2945602834224701,0.516809344291687,-0.04441865161061287,0.3992602527141571,0.5156918168067932,-0.042799368500709534,0.31094199419021606,0.49982932209968567,-0.05587945878505707,0.2853010296821594,0.5343524217605591,-0.04989265277981758,0.28694871068000793,0.5623356699943542,-0.04350614920258522,0.3910348117351532,0.5782674551010132,-0.049926210194826126,0.3090222179889679,0.5592074990272522,-0.05931400880217552,0.2884965240955353,0.5826782584190369,-0.04941141605377197,0.2924078702926636,0.6006472706794739,-0.04062486067414284,0.3852709233760834,0.640206515789032,-0.05552100017666817,0.3190730810165405,0.6110067367553711,-0.061942677944898605,0.29876741766929626,0.6121659874916077,-0.055563632398843765,0.29599660634994507,0.6181671619415283,-0.048639241605997086,old
0.47840505838394165,0.640807569026947,-1.9095286063475214e-07,0.45322248339653015,0.5436293482780457,0.007737227715551853,0.41225847601890564,0.4822973906993866,0.0025775639805942774,0.3655925393104553,0.4599599838256836,-0.003401585854589939,0.3292125165462494,0.4499887526035309,-0.010210685431957245,0.4060206115245819,0.46146535873413086,-0.032256804406642914,0.32623979449272156,0.4531911313533783,-0.047837305814027786,0.29809704422950745,0.48837342858314514,-0.04907834157347679,0.2938268184661865,0.5170041918754578,-0.04580290988087654,0.3993012309074402,0.5182961821556091,-0.042138319462537766,0.3098748028278351,0.5019904375076294,-0.05578439310193062,0.28481525182724,0.5357637405395508,-0.050328467041254044,0.2872232496738434,0.5630531907081604,-0.04406740888953209,0.39172491431236267,0.5811808705329895,-0.0498008131980896,0.3084748387336731,0.5612078309059143,-0.05987968295812607,0.28778523206710815,0.5840991139411926,-0.05029144883155823,0.2919696569442749,0.6016557216644287,-0.041381776332855225,0.3864700198173523,0.6437007784843445,-0.055895254015922546,0.319326251745224,0.6141455769538879,-0.06272661685943604,0.29887881875038147,0.6147240400314331,-0.05621825531125069,0.29679951071739197,0.6205145716667175,-0.04898260161280632,old
0.4780787527561188,0.6405206918716431,-1.9693680997079355e-07,0.45187899470329285,0.5440689325332642,0.008294662460684776,0.41203388571739197,0.4856906235218048,0.003228804562240839,0.3667316138744354,0.4665001630783081,-0.002850419608876109,0.33160752058029175,0.4602581858634949,-0.009908816777169704,0.40352365374565125,0.46452462673187256,-0.030593546107411385,0.3256009817123413,0.45840775966644287,-0.04602851718664169,0.29860877990722656,0.494827002286911,-0.047990038990974426,0.2945168912410736,0.5242226123809814,-0.04544465243816376,0.3962167501449585,0.5201225280761719,-0.04078684002161026,0.30907154083251953,0.5048345923423767,-0.05355551466345787,0.2847900390625,0.5393099188804626,-0.048818763345479965,0.28714126348495483,0.5674899220466614,-0.04352496936917305,0.38886672258377075,0.5824976563453674,-0.04878809675574303,0.3083851933479309,0.5636463165283203,-0.05789506807923317,0.2880021035671234,0.5867087841033936,-0.049255985766649246,0.29151517152786255,0.6045664548873901,-0.04161272943019867,0.38403308391571045,0.6446332931518555,-0.055231932550668716,0.3195437490940094,0.6161812543869019,-0.06145619973540306,0.298753023147583,0.616425633430481,-0.055451806634664536,0.29503944516181946,0.6214883923530579,-0.049018971621990204,old
0.4770720899105072,0.6374930739402771,-1.7761543347205588e-07,0.4508875608444214,0.5417271852493286,0.0072164093144237995,0.40918001532554626,0.48228025436401367,0.002063815714791417,0.36237192153930664,0.45897436141967773,-0.0038102753460407257,0.3259938657283783,0.44661492109298706,-0.01050797663629055,0.40214112401008606,0.4643954932689667,-0.03120156191289425,0.3234405219554901,0.45852839946746826,-0.04619026184082031,0.29567548632621765,0.4941859841346741,-0.04756755009293556,0.29062533378601074,0.5237564444541931,-0.04464636370539665,0.3957255780696869,0.5199676752090454,-0.040503691881895065,0.3091328740119934,0.5066389441490173,-0.05178861692547798,0.2848493754863739,0.539014995098114,-0.04629165306687355,0.2862620949745178,0.5643978118896484,-0.0409257598221302,0.38844001293182373,0.5825242400169373,-0.047713153064250946,0.307461678981781,0.5648559927940369,-0.055766597390174866,0.2868828773498535,0.5868943333625793,-0.04646700620651245,0.2894018590450287,0.6034973859786987,-0.038841936737298965,0.38316914439201355,0.6448177099227905,-0.05349651351571083,0.318973571062088,0.6169576048851013,-0.05968122184276581,0.29880762100219727,0.6173132658004761,-0.05376201122999191,0.29484137892723083,0.6218789219856262,-0.04751041531562805,old
0.4769325256347656,0.6386319398880005,-1.7719756328915537e-07,0.4508403241634369,0.543086051940918,0.00781328696757555,0.40968000888824463,0.48463577032089233,0.0026808716356754303,0.36304908990859985,0.46445903182029724,-0.003180084750056267,0.32679930329322815,0.4579559862613678,-0.009809057228267193,0.4020479917526245,0.4638093113899231,-0.03186366334557533,0.32315146923065186,0.4581557512283325,-0.04683568701148033,0.29564639925956726,0.49483153223991394,-0.04756403714418411,0.29126158356666565,0.5248340368270874,-0.04403061047196388,0.39583685994148254,0.5190646052360535,-0.04147031530737877,0.30802643299102783,0.5058158040046692,-0.05344768986105919,0.2834324836730957,0.5393165946006775,-0.04739592596888542,0.2850334644317627,0.565484881401062,-0.04118122532963753,0.38847920298576355,0.5818145275115967,-0.0488714762032032,0.3063148856163025,0.5651445388793945,-0.05761684477329254,0.28593266010284424,0.5879986882209778,-0.047727376222610474,0.2892504334449768,0.6047908663749695,-0.03917078673839569,0.38305774331092834,0.6444959044456482,-0.05474310368299484,0.3175787925720215,0.6171841621398926,-0.06115460768342018,0.29735755920410156,0.6178461909294128,-0.05478152260184288,0.2940126657485962,0.6224002838134766,-0.047873493283987045,old
0.4765781760215759,0.6384228467941284,-1.8032793036582007e-07,0.4504632353782654,0.54245525598526,0.007073941640555859,0.40808650851249695,0.4815843999385834,0.0015993488486856222,0.3604791760444641,0.457027405500412,-0.004327015019953251,0.3236845135688782,0.4451911747455597,-0.011009921319782734,0.4020105302333832,0.46313634514808655,-0.033701345324516296,0.3224830627441406,0.4582185745239258,-0.04828562214970589,0.2951531410217285,0.49444955587387085,-0.048570666462183,0.29043304920196533,0.5242382884025574,-0.04495490342378616,0.3957798182964325,0.519551694393158,-0.04295485094189644,0.3078380227088928,0.505505383014679,-0.05458987131714821,0.2831747531890869,0.5376694202423096,-0.0485394150018692,0.28400859236717224,0.5633195638656616,-0.042723171412944794,0.38820117712020874,0.5824198722839355,-0.04986685514450073,0.3062410056591034,0.5640653371810913,-0.058045439422130585,0.28553417325019836,0.5855320692062378,-0.04816974326968193,0.2876916527748108,0.6017844080924988,-0.04012565687298775,0.3824801743030548,0.6446929574012756,-0.05530041456222534,0.31739628314971924,0.6162514686584473,-0.0613117553293705,0.29685959219932556,0.6157333254814148,-0.05506111681461334,0.29226958751678467,0.6192407011985779,-0.04863002151250839,old
0.475200355052948,0.6354497075080872,-1.7932046603164054e-07,0.44967585802078247,0.5390268564224243,0.00855498667806387,0.40948647260665894,0.4785535931587219,0.0035866338293999434,0.36206531524658203,0.45851394534111023,-0.0022491433192044497,0.32600364089012146,0.45302581787109375,-0.009037100709974766,0.3998609483242035,0.4581945538520813,-0.030469272285699844,0.32328084111213684,0.45358577370643616,-0.04399226978421211,0.29537633061408997,0.48793599009513855,-0.04402266442775726,0.288819819688797,0.5176442861557007,-0.04044032841920853,0.3927352726459503,0.513047456741333,-0.04037807881832123,0.3082401156425476,0.500511646270752,-0.050731100142002106,0.2826565206050873,0.5318524241447449,-0.0446605384349823,0.2812362015247345,0.5583353042602539,-0.03905073553323746,0.3849659264087677,0.5751153826713562,-0.047900326550006866,0.3052411675453186,0.5595853328704834,-0.05533469840884209,0.28457775712013245,0.5816985368728638,-0.04547496512532234,0.28598594665527344,0.5993713140487671,-0.03761100396513939,0.3795938193798065,0.6383408904075623,-0.05386292561888695,0.3158828020095825,0.6125193238258362,-0.059474870562553406,0.29614484310150146,0.6132153868675232,-0.05293246731162071,0.2917160987854004,0.6172500252723694,-0.04628977179527283,old
0.47358807921409607,0.6274774074554443,-1.8576105276224553e-07,0.4482840597629547,0.5341091156005859,0.008884805254638195,0.4077277183532715,0.47344502806663513,0.0042246547527611256,0.36079490184783936,0.45275813341140747,-0.0014503492275252938,0.324973464012146,0.4489523470401764,-0.00823915284126997,0.40035533905029297,0.4500003457069397,-0.030271176248788834,0.32253751158714294,0.4448939561843872,-0.04447478801012039,0.29543596506118774,0.481550008058548,-0.0455000214278698,0.2903115749359131,0.5115531086921692,-0.042558152228593826,0.3934394121170044,0.506163477897644,-0.04046698287129402,0.3075718879699707,0.4916175305843353,-0.05123310163617134,0.2826211154460907,0.5249341726303101,-0.045410413295030594,0.28293439745903015,0.5523996949195862,-0.03990865498781204,0.3853284418582916,0.5693733096122742,-0.048333026468753815,0.30448320508003235,0.5514125823974609,-0.056149717420339584,0.2844802141189575,0.5757167935371399,-0.046537626534700394,0.2874669134616852,0.5944669246673584,-0.03871376812458038,0.37896469235420227,0.633527934551239,-0.054613709449768066,0.3143364191055298,0.6047446131706238,-0.06038176640868187,0.29513615369796753,0.606208086013794,-0.053968485444784164,0.2921585738658905,0.6104797720909119,-0.04745859280228615,old
0.4712342321872711,0.6249973773956299,-1.9652000560199667e-07,0.445800244808197,0.5306323170661926,0.00791097804903984,0.40527039766311646,0.46828803420066833,0.002382058883085847,0.3580473065376282,0.4450525641441345,-0.003823139937594533,0.32231348752975464,0.43396252393722534,-0.01100962609052658,0.39863255620002747,0.44613116979599,-0.033288780599832535,0.32084083557128906,0.44036656618118286,-0.04760115593671799,0.293287068605423,0.47752827405929565,-0.04804603010416031,0.2877213954925537,0.508880615234375,-0.04470303654670715,0.3928322494029999,0.5023980736732483,-0.04306505620479584,0.3072744905948639,0.48881372809410095,-0.054668910801410675,0.28285956382751465,0.5237402319908142,-0.04908214136958122,0.2832687795162201,0.5513412952423096,-0.043869394809007645,0.3850865662097931,0.5648464560508728,-0.050352953374385834,0.30453595519065857,0.5466781258583069,-0.05873024836182594,0.28453293442726135,0.5720005035400391,-0.04927078261971474,0.2873991131782532,0.5916181802749634,-0.041685644537210464,0.3788035213947296,0.6278288960456848,-0.05606396123766899,0.31425005197525024,0.5997916460037231,-0.06217058002948761,0.296049565076828,0.6017608642578125,-0.055830735713243484,0.2941114604473114,0.6073716282844543,-0.049437351524829865,old
0.4700329601764679,0.6288268566131592,-2.0231817643434624e-07,0.4451100528240204,0.5334815382957458,0.01081303134560585,0.40879544615745544,0.47752755880355835,0.006219132337719202,0.3662683665752411,0.4648968577384949,0.00018811100744642317,0.33290112018585205,0.46881818771362305,-0.006737843155860901,0.3992306590080261,0.45042046904563904,-0.02915188856422901,0.3225703537464142,0.43956422805786133,-0.04343171790242195,0.29645541310310364,0.47597798705101013,-0.04369814321398735,0.29332101345062256,0.5066877603530884,-0.039727821946144104,0.3923013210296631,0.5043102502822876,-0.04004966467618942,0.3056451678276062,0.49054020643234253,-0.05234371870756149,0.2827380895614624,0.5258713364601135,-0.046009309589862823,0.28594955801963806,0.5529853701591492,-0.03924800083041191,0.3842456042766571,0.56526780128479,-0.048461757600307465,0.3023312985897064,0.5478872656822205,-0.057428907603025436,0.2848741114139557,0.5732282996177673,-0.0464547835290432,0.29155445098876953,0.5918304920196533,-0.03658485785126686,0.37858203053474426,0.6273661851882935,-0.05510971322655678,0.31256505846977234,0.601677417755127,-0.06071636453270912,0.2948593497276306,0.6040757298469543,-0.05256451666355133,0.2958618998527527,0.6099416017532349,-0.044033318758010864,old
0.47024214267730713,0.6337231993675232,-2.0676539236319513e-07,0.4430369436740875,0.5403191447257996,0.010860269889235497,0.4053082764148712,0.4841281771659851,0.007326931226998568,0.3630627989768982,0.470928817987442,0.001514698495157063,0.3307798504829407,0.4758867621421814,-0.00577311497181654,0.3942108154296875,0.4566521942615509,-0.020742183551192284,0.32047417759895325,0.45508092641830444,-0.03375452756881714,0.2958061397075653,0.4926179051399231,-0.03658975288271904,0.29283735156059265,0.5207905769348145,-0.035226546227931976,0.3857364058494568,0.5091182589530945,-0.03227764368057251,0.3043000400066376,0.4980224370956421,-0.042412638664245605,0.28417184948921204,0.5346935391426086,-0.03847198188304901,0.28930723667144775,0.5629156827926636,-0.03418714180588722,0.3778683841228485,0.5701220035552979,-0.04176316037774086,0.3004808723926544,0.5555228590965271,-0.04921051487326622,0.2856314182281494,0.5837768316268921,-0.0406787171959877,0.2943563461303711,0.6034483909606934,-0.0332505889236927,0.3727753162384033,0.6337124109268188,-0.04966171830892563,0.30840030312538147,0.6104196906089783,-0.053733427077531815,0.29373738169670105,0.6185312867164612,-0.04554601386189461,0.2981542944908142,0.6290497779846191,-0.03766411542892456,old
0.47158294916152954,0.6501288414001465,-2.1712989450861642e-07,0.44352370500564575,0.5616018176078796,0.010347262024879456,0.40486469864845276,0.5077386498451233,0.0070171779952943325,0.36392438411712646,0.5007344484329224,0.000925918051507324,0.3343060612678528,0.5194364190101624,-0.0065588983707129955,0.3913695812225342,0.4785609841346741,-0.016830768436193466,0.31495311856269836,0.48075759410858154,-0.029665036126971245,0.2995704710483551,0.5217257738113403,-0.033869363367557526,0.3052985668182373,0.5458580255508423,-0.033776573836803436,0.38311171531677246,0.5334873795509338,-0.028208037838339806,0.3021987974643707,0.5295830965042114,-0.0373082235455513,0.29308071732521057,0.5654106736183167,-0.03395728021860123,0.3050572872161865,0.5827614665031433,-0.0304286926984787,0.37598511576652527,0.594814658164978,-0.03781094774603844,0.300222784280777,0.5839594602584839,-0.04486645385622978,0.29770687222480774,0.6129801273345947,-0.03561045974493027,0.3147319555282593,0.6254963278770447,-0.027722012251615524,0.37181562185287476,0.656950831413269,-0.04610433802008629,0.30830031633377075,0.6385524272918701,-0.04972232133150101,0.30375832319259644,0.6486234068870544,-0.04015277326107025,0.31813785433769226,0.6549641489982605,-0.031284578144550323,old
0.4708401560783386,0.6778826713562012,-2.9717648430960253e-07,0.4446263313293457,0.5932067036628723,0.007513093762099743,0.40273594856262207,0.5386534929275513,0.0025727541651576757,0.3600907027721405,0.5408635139465332,-0.004841989371925592,0.33220624923706055,0.5698627829551697,-0.012920540757477283,0.38648566603660583,0.5133724212646484,-0.019854415208101273,0.3092627227306366,0.5170906186103821,-0.03471612557768822,0.3178826570510864,0.5570958852767944,-0.03990483283996582,0.3408239185810089,0.5689132809638977,-0.04068911820650101,0.37928324937820435,0.5724599361419678,-0.030783941969275475,0.30048102140426636,0.5742712020874023,-0.04074518010020256,0.31517356634140015,0.6081485152244568,-0.03644517436623573,0.33970654010772705,0.6142747402191162,-0.032770786434412,0.37357160449028015,0.635960578918457,-0.040319330990314484,0.2983299791812897,0.6299697756767273,-0.048616208136081696,0.3159230947494507,0.6549032926559448,-0.03699189051985741,0.34223294258117676,0.6602836847305298,-0.02816685289144516,0.3697526454925537,0.6999849081039429,-0.0488261841237545,0.30922773480415344,0.6835907101631165,-0.05486129969358444,0.32050418853759766,0.6942819952964783,-0.044731512665748596,0.34260401129722595,0.6999089121818542,-0.0358043871819973,old
0.4719011187553406,0.7086666822433472,-2.9219896191534644e-07,0.43773990869522095,0.6264261603355408,0.005478037055581808,0.38789042830467224,0.5889321565628052,-4.5391170715447515e-05,0.3369348645210266,0.614898681640625,-0.007716690190136433,0.3075006902217865,0.6514362096786499,-0.015294757671654224,0.3782256841659546,0.5594915747642517,-0.013949668034911156,0.30782192945480347,0.5788145661354065,-0.027881508693099022,0.32228538393974304,0.6140755414962769,-0.03443409875035286,0.3448307514190674,0.6187617778778076,-0.036878038197755814,0.37275493144989014,0.618859052658081,-0.023423172533512115,0.3030935525894165,0.6341139674186707,-0.03308526426553726,0.3206229507923126,0.6626055240631104,-0.030483635142445564,0.343505859375,0.6628686189651489,-0.02810819260776043,0.36898136138916016,0.6802629232406616,-0.032008104026317596,0.30389106273651123,0.6900947690010071,-0.040179673582315445,0.3224053382873535,0.7095510959625244,-0.02966507151722908,0.34640687704086304,0.7075946927070618,-0.021704498678445816,0.3665207326412201,0.742716908454895,-0.03982183709740639,0.31301820278167725,0.7388889193534851,-0.04453790560364723,0.3279181122779846,0.7482810020446777,-0.03403136506676674,0.3502693474292755,0.7491133809089661,-0.025037214159965515,old
0.46734046936035156,0.7473390102386475,-2.1482433965047676e-07,0.43200206756591797,0.664058268070221,0.0017485306598246098,0.3769676387310028,0.6308867335319519,-0.004584587179124355,0.3226814568042755,0.6490338444709778,-0.011400683782994747,0.2875382900238037,0.6623742580413818,-0.01719074696302414,0.36973580718040466,0.6089035868644714,-0.01903683692216873,0.3054696321487427,0.6288967132568359,-0.03222648799419403,0.3255615234375,0.6511147618293762,-0.038014087826013565,0.348926305770874,0.6507207751274109,-0.04024963080883026,0.3670654296875,0.6749865412712097,-0.025273500010371208,0.3072008490562439,0.6886307001113892,-0.033363111317157745,0.32726097106933594,0.703881025314331,-0.030244020745158195,0.3495502471923828,0.7014545798301697,-0.028381623327732086,0.3665725588798523,0.7385842800140381,-0.030539987608790398,0.31675976514816284,0.7434709072113037,-0.03643254190683365,0.33634114265441895,0.7498644590377808,-0.025204865261912346,0.35753023624420166,0.7466039061546326,-0.017901631072163582,0.367972195148468,0.7971731424331665,-0.03538112714886665,0.3336017429828644,0.7834068536758423,-0.03789873421192169,0.3500381410121918,0.784538984298706,-0.027521267533302307,0.3667188584804535,0.7848442792892456,-0.019357994198799133,old
0.4669065773487091,0.7755504250526428,-2.1685819717731647e-07,0.4300261437892914,0.6932445168495178,0.0005920481635257602,0.3737553060054779,0.6630064845085144,-0.003207994159311056,0.3179281949996948,0.6726958751678467,-0.007301767822355032,0.28018736839294434,0.6643320322036743,-0.010183642618358135,0.3653280436992645,0.6419844627380371,-0.014288325794041157,0.3096824288368225,0.6707807183265686,-0.025479711592197418,0.3286062777042389,0.6928046941757202,-0.029978236183524132,0.3500138819217682,0.692014217376709,-0.031679779291152954,0.3632040023803711,0.7048997282981873,-0.01876005344092846,0.3158070743083954,0.7300519943237305,-0.024559061974287033,0.33547690510749817,0.7443807721138,-0.02123783715069294,0.35604989528656006,0.7385175824165344,-0.01977163925766945,0.3637932240962982,0.7680065631866455,-0.022871239110827446,0.33027273416519165,0.7817209959030151,-0.027534354478120804,0.3502631187438965,0.7868624925613403,-0.01807165890932083,0.36940595507621765,0.7801615595817566,-0.012530705891549587,0.367210328578949,0.8280666470527649,-0.026792123913764954,0.3501204252243042,0.8203176856040955,-0.02905626781284809,0.3686293661594391,0.8220078349113464,-0.02128187008202076,0.38216474652290344,0.8197851181030273,-0.015070066787302494,old
0.46756264567375183,0.7935904264450073,-1.743258906117262e-07,0.43456998467445374,0.7140297293663025,0.0018848940962925553,0.3855987787246704,0.6826955676078796,-0.0016459065955132246,0.33530864119529724,0.697674036026001,-0.0050072502344846725,0.3032356798648834,0.7077444195747375,-0.007613115943968296,0.3637129068374634,0.6667299270629883,-0.015222729183733463,0.3157929480075836,0.6985282301902771,-0.022918106988072395,0.3342915177345276,0.7159449458122253,-0.02493051253259182,0.35512566566467285,0.7145559787750244,-0.025037558749318123,0.36037111282348633,0.7300505042076111,-0.019400861114263535,0.31757277250289917,0.7514456510543823,-0.021729309111833572,0.3369404375553131,0.7622087001800537,-0.017110103741288185,0.3570065200328827,0.7597501277923584,-0.014820852316915989,0.3617725074291229,0.7926822900772095,-0.02244211919605732,0.33396637439727783,0.7990414500236511,-0.02383778989315033,0.3530657887458801,0.8011947274208069,-0.014955790713429451,0.3711754381656647,0.7987746000289917,-0.010325398296117783,0.3663674592971802,0.8516842722892761,-0.025076450780034065,0.352193683385849,0.8390105366706848,-0.02514214813709259,0.3708406388759613,0.8400358557701111,-0.01697363890707493,0.3844943642616272,0.8408669829368591,-0.010706709697842598,old
0.46715548634529114,0.810379147529602,-1.9304815168652567e-07,0.4368326961994171,0.7312912940979004,0.0004593346093315631,0.386699914932251,0.6943814754486084,-0.0027959251310676336,0.3355219066143036,0.6926677227020264,-0.005224158056080341,0.3015955090522766,0.6872394680976868,-0.007375331129878759,0.3644571900367737,0.6821164488792419,-0.020751480013132095,0.31927230954170227,0.7226399779319763,-0.02949334867298603,0.3343389928340912,0.7421114444732666,-0.031284186989068985,0.3523673713207245,0.7416645884513855,-0.03090539202094078,0.3621217608451843,0.7454741597175598,-0.024067716673016548,0.31985580921173096,0.7732385993003845,-0.0281499233096838,0.3394715487957001,0.7855958938598633,-0.023518308997154236,0.36143946647644043,0.7835893630981445,-0.020567871630191803,0.3645590543746948,0.8088816404342651,-0.02596893534064293,0.3371524214744568,0.8208956122398376,-0.029448965564370155,0.35629457235336304,0.8236747980117798,-0.02086740732192993,0.3756268322467804,0.8197551965713501,-0.01563037745654583,0.3697671890258789,0.8688877820968628,-0.027306387200951576,0.3531394302845001,0.8598034381866455,-0.029226725921034813,0.37148216366767883,0.8611369729042053,-0.02139829657971859,0.3859512507915497,0.8614784479141235,-0.014798440970480442,old
0.47001913189888,0.825214684009552,-1.3507447249594406e-07,0.4412745237350464,0.747744619846344,0.00542061822488904,0.3988688290119171,0.7173794507980347,0.0028999827336519957,0.360538125038147,0.7325960397720337,-0.00018497067503631115,0.3401845097541809,0.7686752676963806,-0.0034756825771182775,0.36450639367103577,0.6986363530158997,-0.012554286047816277,0.3210331201553345,0.7377119660377502,-0.017594657838344574,0.33836859464645386,0.7530738115310669,-0.01878945156931877,0.35596397519111633,0.7475623488426208,-0.018808942288160324,0.3613814115524292,0.7601900696754456,-0.01824156753718853,0.32124313712120056,0.788280725479126,-0.018550923094153404,0.33955997228622437,0.7986181378364563,-0.013550895266234875,0.35927149653434753,0.794228732585907,-0.010822610929608345,0.3640376031398773,0.8236334323883057,-0.022214116528630257,0.33986562490463257,0.8364558815956116,-0.021168828010559082,0.35886067152023315,0.8396884799003601,-0.013062022626399994,0.3770880103111267,0.835375189781189,-0.008930522948503494,0.37080812454223633,0.8829282522201538,-0.025556176900863647,0.35547366738319397,0.8750638961791992,-0.023097803816199303,0.3738090991973877,0.875584065914154,-0.014062593691051006,0.38836371898651123,0.8742523789405823,-0.007292481139302254,old
0.47065016627311707,0.8329435586929321,-1.4373162571246212e-07,0.4412538707256317,0.7541317939758301,0.003471600590273738,0.3964884877204895,0.7229166626930237,0.0009825344895944,0.3558833599090576,0.7387174963951111,-0.0018412937643006444,0.3334304690361023,0.7694279551506042,-0.004746866878122091,0.3642386794090271,0.708809494972229,-0.01333886943757534,0.3224760591983795,0.7461961507797241,-0.019657963886857033,0.33821210265159607,0.7602778077125549,-0.021787861362099648,0.35572052001953125,0.755511999130249,-0.0224387738853693,0.36259329319000244,0.7697252035140991,-0.01869799755513668,0.3229675590991974,0.7978819608688354,-0.0211411714553833,0.3406246304512024,0.8075780272483826,-0.017305180430412292,0.36071711778640747,0.8041081428527832,-0.01505341287702322,0.3664420545101166,0.8325098156929016,-0.02265859581530094,0.3404676616191864,0.8472846746444702,-0.023996153846383095,0.3585369884967804,0.8497745990753174,-0.016384486109018326,0.3769637644290924,0.8450301289558411,-0.012056760489940643,0.3742677867412567,0.8917669653892517,-0.02607746236026287,0.35633575916290283,0.8874830007553101,-0.025945132598280907,0.37307068705558777,0.8865805268287659,-0.017760543152689934,0.3872160017490387,0.8839703798294067,-0.011254500597715378,old
0.46890175342559814,0.8360745310783386,-1.3697987810701306e-07,0.43860551714897156,0.7585753798484802,0.004592046607285738,0.3959018886089325,0.7251225113868713,0.0018554178532212973,0.3580329120159149,0.7391635179519653,-0.001502273720689118,0.33726680278778076,0.7709360122680664,-0.005155603867024183,0.3635484278202057,0.7123165726661682,-0.014750715345144272,0.3211062550544739,0.7507137060165405,-0.02088731899857521,0.3363525867462158,0.7628427147865295,-0.02211340144276619,0.3537836968898773,0.7582464218139648,-0.022009259089827538,0.36347445845603943,0.7729506492614746,-0.021025393158197403,0.3239917755126953,0.8023762106895447,-0.023292845115065575,0.3410707414150238,0.8109700083732605,-0.018852200359106064,0.36046117544174194,0.8072929382324219,-0.016442453488707542,0.3682584762573242,0.8355376124382019,-0.025708995759487152,0.3410051465034485,0.8506560325622559,-0.02696368098258972,0.35833507776260376,0.8530768752098083,-0.018737168982625008,0.37629586458206177,0.8483266830444336,-0.014207115396857262,0.3764050006866455,0.8950442671775818,-0.029699550941586494,0.3558228313922882,0.8910788297653198,-0.029512794688344002,0.3727550208568573,0.8911244869232178,-0.020429136231541634,0.3874225318431854,0.8895347118377686,-0.013340619392693043,old
0.4704604148864746,0.8360962271690369,-1.4402145609437866e-07,0.44086259603500366,0.7584825158119202,0.004547528922557831,0.398484468460083,0.7244613170623779,0.002628995105624199,0.36027050018310547,0.7361619472503662,0.0001223026483785361,0.3388255834579468,0.7668876051902771,-0.0025173784233629704,0.3649222254753113,0.7136417031288147,-0.012775826267898083,0.32167333364486694,0.7507547736167908,-0.01799316145479679,0.3368282914161682,0.7640776634216309,-0.018735133111476898,0.354888916015625,0.7604117393493652,-0.01830372028052807,0.3637343943119049,0.7735615372657776,-0.018394002690911293,0.3238902986049652,0.802548348903656,-0.019952865317463875,0.3409011960029602,0.8124952912330627,-0.01567062921822071,0.3605539798736572,0.8098434805870056,-0.01327179279178381,0.36761972308158875,0.8353515267372131,-0.02248857356607914,0.3403610289096832,0.8509714603424072,-0.022964058443903923,0.35735735297203064,0.8542853593826294,-0.015291017480194569,0.37531358003616333,0.8501608371734619,-0.011166615411639214,0.3752042055130005,0.893988847732544,-0.025903761386871338,0.3547610938549042,0.8908769488334656,-0.0251313503831625,0.37142592668533325,0.8916589617729187,-0.016427239403128624,0.38620585203170776,0.8903018832206726,-0.009617653675377369,old
0.4699194133281708,0.8338347673416138,-1.4882444077102264e-07,0.4398619830608368,0.7564235329627991,0.004350288305431604,0.39755868911743164,0.7214168906211853,0.0020741696935147047,0.35816630721092224,0.7324070334434509,-0.0006393174408003688,0.3355673551559448,0.762334942817688,-0.0034953977447003126,0.36381709575653076,0.7115470767021179,-0.014503225684165955,0.32097378373146057,0.7515933513641357,-0.019921118393540382,0.3362642228603363,0.765211820602417,-0.02032328024506569,0.3541059195995331,0.761133074760437,-0.019603196531534195,0.3630080819129944,0.771560549736023,-0.01990661397576332,0.3242814838886261,0.8037619590759277,-0.021589715033769608,0.34160593152046204,0.8138617277145386,-0.016751326620578766,0.36096805334091187,0.8097624182701111,-0.014066715724766254,0.3670991361141205,0.8335654139518738,-0.023707838729023933,0.3410741090774536,0.8521879315376282,-0.02435552328824997,0.35824495553970337,0.8555614948272705,-0.01631978526711464,0.37600886821746826,0.8501229882240295,-0.012008127756416798,0.3749106824398041,0.8927443027496338,-0.026817062869668007,0.3554791212081909,0.891210675239563,-0.026230206713080406,0.37244394421577454,0.8919698596000671,-0.017546601593494415,0.3871864080429077,0.8899189829826355,-0.010722089558839798,old
0.47009921073913574,0.8330380320549011,-1.4478879961643543e-07,0.4401993155479431,0.7543169260025024,0.004344048909842968,0.39868712425231934,0.7214992046356201,0.0019310079514980316,0.3609021306037903,0.7369491457939148,-0.0008554332889616489,0.3404536247253418,0.7686190605163574,-0.0037343038711696863,0.36389845609664917,0.7084510326385498,-0.01486534159630537,0.3210556209087372,0.7488981485366821,-0.020058460533618927,0.3369743525981903,0.763599157333374,-0.020189927890896797,0.35515567660331726,0.759640634059906,-0.019287170842289925,0.36235398054122925,0.7692750692367554,-0.020079363137483597,0.32362011075019836,0.8013924360275269,-0.02156011201441288,0.3415173590183258,0.8125978112220764,-0.016676297411322594,0.361203134059906,0.8092283010482788,-0.013865435495972633,0.36612430214881897,0.831969678401947,-0.023608624935150146,0.34110844135284424,0.8514218330383301,-0.023771289736032486,0.3588341474533081,0.854742169380188,-0.01608368195593357,0.3768916130065918,0.8492351174354553,-0.012021676637232304,0.3737936317920685,0.8919008374214172,-0.026436137035489082,0.3558501899242401,0.8911598920822144,-0.02533181756734848,0.3731538653373718,0.891136646270752,-0.0168851800262928,0.3878897428512573,0.8881298899650574,-0.010272952727973461,old
0.4685918688774109,0.830414891242981,-1.5745619919016463e-07,0.4390004575252533,0.7516790628433228,0.003224525600671768,0.3957960307598114,0.716655969619751,0.0006520061870105565,0.3540811538696289,0.7291195392608643,-0.0017888314323499799,0.33014893531799316,0.7578617930412292,-0.004152779467403889,0.3639124929904938,0.7053480744361877,-0.01649877429008484,0.32086437940597534,0.7472794651985168,-0.02183595299720764,0.3370250463485718,0.7609999775886536,-0.021849000826478004,0.35519999265670776,0.756977915763855,-0.020781133323907852,0.3621314764022827,0.7668901681900024,-0.020914921537041664,0.3241371214389801,0.7993296384811401,-0.022359628230333328,0.3424321115016937,0.8090256452560425,-0.017210479825735092,0.3621009290218353,0.8054400086402893,-0.014347540214657784,0.3655150830745697,0.8292522430419922,-0.023681597784161568,0.33991289138793945,0.8487001657485962,-0.023834185674786568,0.3577175736427307,0.8514127731323242,-0.015775594860315323,0.3756313920021057,0.8460572957992554,-0.011596576310694218,0.3727326989173889,0.8885006308555603,-0.025818241760134697,0.3546363413333893,0.8874856233596802,-0.02482018433511257,0.37197256088256836,0.8877525329589844,-0.016573572531342506,0.3862781822681427,0.8854460120201111,-0.010185504332184792,old
0.4687561094760895,0.8287339210510254,-1.471940294095475e-07,0.43853387236595154,0.7509859800338745,0.003808794543147087,0.3958142101764679,0.7159642577171326,0.001372374128550291,0.3559294641017914,0.7301332950592041,-0.0013041358906775713,0.3341720998287201,0.7625302672386169,-0.003983666654676199,0.363785982131958,0.7042387127876282,-0.014844721183180809,0.3204326331615448,0.7446304559707642,-0.0204621534794569,0.3367159068584442,0.7581486105918884,-0.02100592851638794,0.3543685972690582,0.7533215284347534,-0.020387575030326843,0.3624071180820465,0.7648183703422546,-0.01990629732608795,0.32432684302330017,0.7964612245559692,-0.021688705310225487,0.34222647547721863,0.806424617767334,-0.016809461638331413,0.3614785075187683,0.8026486039161682,-0.014007301069796085,0.3656109571456909,0.8269392848014832,-0.023449156433343887,0.3408328592777252,0.845291793346405,-0.023849669843912125,0.35832539200782776,0.8488501906394958,-0.015886934474110603,0.37582114338874817,0.8438328504562378,-0.011627847328782082,0.372325599193573,0.8864680528640747,-0.026404758915305138,0.35458898544311523,0.8846068978309631,-0.02532835304737091,0.3719167411327362,0.8862810134887695,-0.01684035360813141,0.3862341642379761,0.8848370909690857,-0.010250048711895943,old
0.4689510762691498,0.8284695744514465,-1.4456603025791992e-07,0.43898963928222656,0.7506992816925049,0.00461183674633503,0.397744745016098,0.7159987688064575,0.002350239083170891,0.35922735929489136,0.731557309627533,-0.00024726844276301563,0.33877283334732056,0.7648766040802002,-0.003025332000106573,0.3635973632335663,0.7034609317779541,-0.01515177357941866,0.32102811336517334,0.7430647611618042,-0.019628122448921204,0.3364543616771698,0.7576898336410522,-0.01891384832561016,0.35358482599258423,0.7537882924079895,-0.017621414735913277,0.36149081587791443,0.7637683153152466,-0.02053910493850708,0.32358318567276,0.7949459552764893,-0.021406913176178932,0.3414291739463806,0.8060814142227173,-0.01588122919201851,0.36077162623405457,0.8026795387268066,-0.012772888876497746,0.3647700548171997,0.8259342908859253,-0.024122389033436775,0.34008416533470154,0.8442478775978088,-0.024002209305763245,0.3579302728176117,0.8485330939292908,-0.01588452234864235,0.37584546208381653,0.8437878489494324,-0.011688566766679287,0.37193357944488525,0.8858829736709595,-0.02698829397559166,0.3548235297203064,0.8838185667991638,-0.02590760588645935,0.37233251333236694,0.8850496411323547,-0.017370065674185753,0.3866860270500183,0.8831703066825867,-0.010756410658359528,old
0.4683844745159149,0.8254039287567139,-1.401630953523636e-07,0.4388997256755829,0.7473806738853455,0.0030926421750336885,0.3956335186958313,0.7116883397102356,0.00020541303092613816,0.3545210063457489,0.7279030680656433,-0.002311947988346219,0.33251798152923584,0.7617349624633789,-0.004898139275610447,0.3621479868888855,0.7008984684944153,-0.018951911479234695,0.3206615447998047,0.7442951798439026,-0.02341531030833721,0.33637621998786926,0.7571974992752075,-0.021881060674786568,0.3532277047634125,0.752517819404602,-0.020024774596095085,0.36065399646759033,0.7621837854385376,-0.02349677123129368,0.32325759530067444,0.7947052121162415,-0.024586103856563568,0.3409443497657776,0.8039622902870178,-0.01846427284181118,0.36024293303489685,0.8004325032234192,-0.01506123412400484,0.36443576216697693,0.8245221972465515,-0.026105226948857307,0.3398951292037964,0.8436678647994995,-0.026228049769997597,0.3575327396392822,0.8462076783180237,-0.017591876909136772,0.3752543330192566,0.8411514759063721,-0.01316209975630045,0.37201106548309326,0.884244978427887,-0.028032837435603142,0.35446587204933167,0.8820483684539795,-0.027157554402947426,0.3720054626464844,0.8822921514511108,-0.01850740797817707,0.3859674334526062,0.88066565990448,-0.01191564742475748,old
0.46690669655799866,0.8252458572387695,-1.3752513439158065e-07,0.43836405873298645,0.7469100952148438,0.0027805615682154894,0.3956180214881897,0.7114344239234924,0.00011927603190997615,0.35421156883239746,0.7260203957557678,-0.0021720428485423326,0.332007497549057,0.7592903971672058,-0.004318795166909695,0.36268192529678345,0.6999455690383911,-0.016618099063634872,0.3215906322002411,0.7401897311210632,-0.021235842257738113,0.33754652738571167,0.7538198828697205,-0.020492592826485634,0.3549394905567169,0.7496634721755981,-0.019068768247961998,0.3601016700267792,0.7615309953689575,-0.020714733749628067,0.3227898180484772,0.7916809916496277,-0.02190147340297699,0.3405326306819916,0.8011870384216309,-0.016439421102404594,0.36021333932876587,0.7982275485992432,-0.013171005994081497,0.3627334535121918,0.8240224719047546,-0.023092258721590042,0.3401208519935608,0.8413574695587158,-0.02296558953821659,0.35760560631752014,0.8438104391098022,-0.014944121241569519,0.3751530945301056,0.8394167423248291,-0.01072266697883606,0.3692675828933716,0.8831995129585266,-0.02490658313035965,0.35470402240753174,0.879790723323822,-0.023419635370373726,0.3719962537288666,0.8800680637359619,-0.015150045044720173,0.3856455683708191,0.8787458539009094,-0.00878412090241909,old
0.46738970279693604,0.8225823640823364,-1.3368291718052205e-07,0.43780040740966797,0.7449754476547241,0.0034004643093794584,0.39478376507759094,0.7107832431793213,0.0005561857251450419,0.35379454493522644,0.7262365818023682,-0.0018473411910235882,0.33249449729919434,0.7609257698059082,-0.004185234196484089,0.3631446957588196,0.696944534778595,-0.01779455691576004,0.3216838538646698,0.7386435866355896,-0.02175133116543293,0.337555855512619,0.7521867752075195,-0.02013488858938217,0.35480281710624695,0.748220682144165,-0.018220016732811928,0.3609445095062256,0.759287416934967,-0.022231224924325943,0.3228042423725128,0.789557933807373,-0.022876081988215446,0.34085071086883545,0.7991929650306702,-0.016844753175973892,0.3606899380683899,0.7969769239425659,-0.013407926075160503,0.3636445701122284,0.8222441673278809,-0.024701567366719246,0.33951422572135925,0.8391647934913635,-0.024087294936180115,0.35731402039527893,0.8415839076042175,-0.01561447512358427,0.3751797378063202,0.8375760316848755,-0.011327330023050308,0.370178759098053,0.8817940950393677,-0.02648458257317543,0.3536659777164459,0.8776196837425232,-0.024755755439400673,0.37114444375038147,0.8778489828109741,-0.016057182103395462,0.38501542806625366,0.8768789172172546,-0.009531768038868904,old
0.46675029397010803,0.8204429149627686,-1.4080040955377626e-07,0.4381915032863617,0.7440302968025208,0.0026952028274536133,0.3957422375679016,0.7089034914970398,-0.0003529802488628775,0.35509347915649414,0.7235384583473206,-0.002838781801983714,0.3326836824417114,0.7550199627876282,-0.005208747461438179,0.36298927664756775,0.6951583027839661,-0.018820898607373238,0.3216995894908905,0.7393057346343994,-0.023140324279665947,0.33719438314437866,0.753071665763855,-0.02152353525161743,0.354442298412323,0.7489296793937683,-0.01951250247657299,0.36094504594802856,0.7562768459320068,-0.02288365177810192,0.32339176535606384,0.7886403203010559,-0.023880191147327423,0.34102728962898254,0.7985970377922058,-0.018009008839726448,0.36065179109573364,0.795741856098175,-0.014704974368214607,0.3638051450252533,0.8184007406234741,-0.025026066228747368,0.3398205637931824,0.8373477458953857,-0.02499251440167427,0.3575719892978668,0.8403204679489136,-0.01667851023375988,0.3754997253417969,0.835461437702179,-0.01244810875505209,0.37042731046676636,0.8779827952384949,-0.026502948254346848,0.3540460169315338,0.8759124279022217,-0.02561507560312748,0.37187081575393677,0.8765562176704407,-0.017371606081724167,0.38585275411605835,0.874742865562439,-0.01104685664176941,old
0.4674339294433594,0.819934606552124,-1.4339384790673648e-07,0.43938034772872925,0.74344801902771,0.004321109503507614,0.39707329869270325,0.708812415599823,0.0023935569915920496,0.35664644837379456,0.7246178388595581,0.0007523425156250596,0.3351859152317047,0.7562185525894165,-0.000706903578247875,0.36303266882896423,0.6952627897262573,-0.016294559463858604,0.32079678773880005,0.7371495962142944,-0.01882866956293583,0.3367457687854767,0.7519699931144714,-0.01602952554821968,0.35410723090171814,0.7483851909637451,-0.013411462306976318,0.3606434464454651,0.7557332515716553,-0.020583217963576317,0.322454035282135,0.7863456606864929,-0.019993390887975693,0.3404640555381775,0.7969913482666016,-0.0134956743568182,0.3600592613220215,0.7944552898406982,-0.00979028083384037,0.36293694376945496,0.8170524835586548,-0.022782249376177788,0.33974164724349976,0.8352354764938354,-0.02108091488480568,0.3579760491847992,0.8385807871818542,-0.012807655148208141,0.3758140802383423,0.83414626121521,-0.008799904957413673,0.3691213130950928,0.8760668039321899,-0.02423234097659588,0.35433322191238403,0.8738915324211121,-0.021915357559919357,0.372427374124527,0.874832272529602,-0.013637209311127663,0.38624563813209534,0.8730394840240479,-0.007468516938388348,old
0.4682733416557312,0.8211555480957031,-1.410282663982798e-07,0.44003692269325256,0.7436426281929016,0.004466656129807234,0.4004000127315521,0.7096218466758728,0.0020998395048081875,0.36291223764419556,0.7259937524795532,-0.00017131549248006195,0.34355324506759644,0.7583335041999817,-0.00236211228184402,0.3652580976486206,0.6924208402633667,-0.01599247194826603,0.32238951325416565,0.732357382774353,-0.019216962158679962,0.3375266492366791,0.7495344877243042,-0.017148220911622047,0.35535556077957153,0.747363269329071,-0.014895899221301079,0.36125388741493225,0.7535983920097351,-0.020567338913679123,0.32146042585372925,0.7838701605796814,-0.020405352115631104,0.33914437890052795,0.796465277671814,-0.014314936473965645,0.3593975007534027,0.7942899465560913,-0.010697946883738041,0.3627433180809021,0.8157433867454529,-0.023093195632100105,0.3386254906654358,0.8342587947845459,-0.021376579999923706,0.3564051389694214,0.8387863636016846,-0.01336012501269579,0.3744406998157501,0.8342745900154114,-0.009488346055150032,0.36861246824264526,0.8752421140670776,-0.024895278736948967,0.353763610124588,0.8737301826477051,-0.02241663821041584,0.37145137786865234,0.8748651146888733,-0.014018173329532146,0.3855028748512268,0.8723734617233276,-0.007695893757045269,old
0.46858277916908264,0.8197036981582642,-1.3526479847314477e-07,0.44036898016929626,0.7425104975700378,0.004271100275218487,0.3999812602996826,0.7078606486320496,0.0019980932120233774,0.36138492822647095,0.7240954637527466,-0.00014375869068317115,0.34127935767173767,0.756096363067627,-0.002043762244284153,0.36512625217437744,0.6912479996681213,-0.01594812422990799,0.3212216794490814,0.7312595844268799,-0.019004708155989647,0.3367565870285034,0.7481589913368225,-0.016714248806238174,0.35478675365448,0.7459155321121216,-0.014350802637636662,0.36158522963523865,0.7528420686721802,-0.020407982170581818,0.3213772773742676,0.7831600904464722,-0.020517393946647644,0.33919772505760193,0.7951502203941345,-0.014525671489536762,0.3595232665538788,0.7930893301963806,-0.010913286358118057,0.3629913926124573,0.8151112198829651,-0.022840745747089386,0.33881181478500366,0.8336844444274902,-0.021199936047196388,0.3566284775733948,0.8377251625061035,-0.013112293556332588,0.3747118413448334,0.8333527445793152,-0.009147279895842075,0.36866000294685364,0.8748595714569092,-0.02458944171667099,0.35402488708496094,0.8726376295089722,-0.022080056369304657,0.37158745527267456,0.8740459084510803,-0.013725285418331623,0.3855128586292267,0.8718746900558472,-0.007419954985380173,old
