0.5086720585823059,0.9636564254760742,3.623497946136922e-07,0.5293640494346619,0.874172031879425,0.006733302492648363,0.5226596593856812,0.7881914973258972,0.002386433072388172,0.49407148361206055,0.7520471215248108,-0.004285281524062157,0.46548718214035034,0.7457231283187866,-0.012477826327085495,0.5291120409965515,0.7477059364318848,-0.015030533075332642,0.5053441524505615,0.6371533870697021,-0.024550966918468475,0.49526476860046387,0.5782602429389954,-0.028298962861299515,0.4874648451805115,0.5304832458496094,-0.02921413816511631,0.4977361261844635,0.7646626830101013,-0.024289729073643684,0.4659804403781891,0.6474005579948425,-0.03197699040174484,0.44879189133644104,0.5826180577278137,-0.03521726652979851,0.4365467131137848,0.5347820520401001,-0.03699962794780731,0.46631482243537903,0.7913787961006165,-0.030933057889342308,0.4419229328632355,0.711043655872345,-0.03809445723891258,0.44955921173095703,0.7452031970024109,-0.032390009611845016,0.45683637261390686,0.7796373963356018,-0.025279143825173378,0.43836867809295654,0.8226089477539062,-0.03672637790441513,0.42822474241256714,0.7661349773406982,-0.03878205269575119,0.43813806772232056,0.7919727563858032,-0.028359461575746536,0.4453642666339874,0.8190888166427612,-0.01826106384396553,see
0.5090566277503967,0.9644563794136047,3.6020313132212323e-07,0.5297250151634216,0.8753304481506348,0.007258125580847263,0.5226364135742188,0.7883133888244629,0.003328695660457015,0.4942014217376709,0.7507718205451965,-0.0029106230940669775,0.46564850211143494,0.7430394291877747,-0.010655693709850311,0.5293806791305542,0.7473778128623962,-0.014469806104898453,0.5053074955940247,0.6359201669692993,-0.023442383855581284,0.4955897331237793,0.577172040939331,-0.02668651193380356,0.4882514774799347,0.5298694372177124,-0.027192315086722374,0.4980470538139343,0.7639533281326294,-0.023630786687135696,0.4666498899459839,0.6462286114692688,-0.030538300052285194,0.44978687167167664,0.582166314125061,-0.03321259468793869,0.4377186596393585,0.5352111458778381,-0.03458721190690994,0.4665892720222473,0.790435791015625,-0.03014354594051838,0.44197750091552734,0.7099836468696594,-0.036588020622730255,0.44959285855293274,0.7439699172973633,-0.03084171935915947,0.4570011794567108,0.7783123850822449,-0.02384011447429657,0.4384911358356476,0.82188880443573,-0.03574823960661888,0.42832455039024353,0.7656890153884888,-0.03742173686623573,0.4381116032600403,0.7920700311660767,-0.02705897018313408,0.44528892636299133,0.8192893266677856,-0.01704130880534649,see
0.509322464466095,0.9629495739936829,3.520573272908223e-07,0.5299258232116699,0.8729991912841797,0.00675646448507905,0.5233208537101746,0.7860608696937561,0.0023937744554132223,0.49485111236572266,0.7484310269355774,-0.004264466464519501,0.4660702645778656,0.7410892844200134,-0.012485443614423275,0.5298729538917542,0.7470771670341492,-0.015249093994498253,0.5057629942893982,0.6360207200050354,-0.024253809824585915,0.49572014808654785,0.5780203342437744,-0.027525892481207848,0.48809343576431274,0.5308979153633118,-0.028122056275606155,0.4985048174858093,0.7644925117492676,-0.02446761354804039,0.4668479561805725,0.6471560001373291,-0.03150353580713272,0.4500737190246582,0.5832301378250122,-0.034214530140161514,0.43801331520080566,0.5362346768379211,-0.03573989495635033,0.46697503328323364,0.7914479374885559,-0.031080851331353188,0.443088561296463,0.7108379602432251,-0.0379820317029953,0.4513716399669647,0.7450091242790222,-0.03252769261598587,0.458831787109375,0.7796815633773804,-0.025713197886943817,0.4386557936668396,0.8225911855697632,-0.0367872379720211,0.4288717210292816,0.764593780040741,-0.038923196494579315,0.4390544891357422,0.790829062461853,-0.028726307675242424,0.4462067186832428,0.8189398050308228,-0.018846726045012474,see
0.5106244087219238,0.962904691696167,3.49123638443416e-07,0.5308699011802673,0.8735815286636353,0.006536601111292839,0.5240266919136047,0.7868671417236328,0.0021127057261765003,0.49551379680633545,0.7491506338119507,-0.004693108610808849,0.4666588008403778,0.7417151927947998,-0.0130678191781044,0.5313155651092529,0.7450606822967529,-0.014771176502108574,0.5065784454345703,0.6358824372291565,-0.024097805842757225,0.4966418445110321,0.5781556963920593,-0.027657583355903625,0.48915719985961914,0.5312787890434265,-0.02844865247607231,0.5000360608100891,0.7622898817062378,-0.02421829104423523,0.46833547949790955,0.6458289623260498,-0.03158169984817505,0.4511566758155823,0.5823507905006409,-0.03453730791807175,0.43871060013771057,0.53590989112854,-0.036136262118816376,0.4684019386768341,0.7898867726325989,-0.031203333288431168,0.44327598810195923,0.7113978266716003,-0.03863111138343811,0.45076805353164673,0.7458867430686951,-0.03357411548495293,0.45826485753059387,0.7805048227310181,-0.026885872706770897,0.43946486711502075,0.8218452334403992,-0.037308380007743835,0.4281567335128784,0.7644169330596924,-0.0398695282638073,0.43767592310905457,0.7908162474632263,-0.029975201934576035,0.4448983371257782,0.8185478448867798,-0.020256750285625458,see
0.5112727880477905,0.9637425541877747,3.480521115761803e-07,0.5311743021011353,0.8742977380752563,0.006536276079714298,0.5244306921958923,0.7873789668083191,0.0019059908809140325,0.49614283442497253,0.7484747171401978,-0.005037880502641201,0.4672578275203705,0.7398911118507385,-0.013529032468795776,0.5314463973045349,0.7453824877738953,-0.015423132106661797,0.5069798827171326,0.6370418071746826,-0.025242101401090622,0.4972042441368103,0.5794399976730347,-0.029158513993024826,0.4899075925350189,0.5326327681541443,-0.0301218219101429,0.5003172755241394,0.7624746561050415,-0.024891110137104988,0.46832752227783203,0.6460390686988831,-0.03275594860315323,0.45111486315727234,0.5822198390960693,-0.0359465666115284,0.43863096833229065,0.5354244709014893,-0.03760433942079544,0.4689047932624817,0.7898382544517517,-0.03181377798318863,0.44354891777038574,0.7115646004676819,-0.039571866393089294,0.45102378726005554,0.7454314231872559,-0.03438311442732811,0.4584212899208069,0.7798342108726501,-0.02750665694475174,0.4402592182159424,0.8219069838523865,-0.03785502165555954,0.42934784293174744,0.7648864984512329,-0.04053005203604698,0.43892747163772583,0.791235625743866,-0.03054201602935791,0.4461295008659363,0.819037914276123,-0.020653830841183662,see
0.5111809372901917,0.9640911221504211,3.423516830025619e-07,0.5317940711975098,0.8746095299720764,0.006097806617617607,0.5253096222877502,0.787449836730957,0.001807145425118506,0.4967317283153534,0.7477739453315735,-0.004788727965205908,0.4679149389266968,0.7379255294799805,-0.012841086834669113,0.5320366621017456,0.7459033131599426,-0.01429069135338068,0.5075286030769348,0.6379736065864563,-0.023824116215109825,0.49759623408317566,0.5803377628326416,-0.027682363986968994,0.49016308784484863,0.5333260893821716,-0.028689350932836533,0.5007964968681335,0.7623491883277893,-0.023472776636481285,0.4690457880496979,0.6476888656616211,-0.03118543140590191,0.45210787653923035,0.5842510461807251,-0.03440810367465019,0.43997520208358765,0.537224292755127,-0.036142632365226746,0.4693276584148407,0.7894096374511719,-0.030285434797406197,0.4439835250377655,0.7108338475227356,-0.03816331550478935,0.45122063159942627,0.7450535893440247,-0.03321172669529915,0.45860227942466736,0.7798967957496643,-0.02649327740073204,0.440624475479126,0.8211987018585205,-0.036290839314460754,0.42975884675979614,0.7647836804389954,-0.03930910676717758,0.4391320049762726,0.790673553943634,-0.029866158962249756,0.44624531269073486,0.8181737661361694,-0.020365245640277863,see
0.5114222168922424,0.9641674160957336,3.436824727032217e-07,0.5320319533348083,0.8744188547134399,0.006529499311000109,0.5253121852874756,0.7878694534301758,0.0022246255539357662,0.4968617260456085,0.7491740584373474,-0.004452954512089491,0.4680904746055603,0.7400195598602295,-0.012663758359849453,0.5324425101280212,0.7459046840667725,-0.014458288438618183,0.5082934498786926,0.6380566358566284,-0.02418447658419609,0.4982108175754547,0.5800005793571472,-0.02812807820737362,0.4904869794845581,0.5330629348754883,-0.029136454686522484,0.5014487504959106,0.7619098424911499,-0.023810837417840958,0.47034868597984314,0.6467809081077576,-0.03149477019906044,0.45310208201408386,0.5830680131912231,-0.034545134752988815,0.4404565691947937,0.5358341932296753,-0.036113351583480835,0.4701162874698639,0.7888613343238831,-0.0307249054312706,0.44341352581977844,0.7093913555145264,-0.03845524787902832,0.4499954283237457,0.7439879775047302,-0.03322978690266609,0.45732319355010986,0.7790001034736633,-0.02632637321949005,0.44150984287261963,0.8211856484413147,-0.0367947556078434,0.42953938245773315,0.7647863626480103,-0.03970657289028168,0.43870261311531067,0.7906480431556702,-0.030066318809986115,0.4461081027984619,0.817693293094635,-0.020394625142216682,see
0.5112130641937256,0.9631250500679016,3.485171475858806e-07,0.5318542122840881,0.8742372989654541,0.006525862496346235,0.5252457857131958,0.7875439524650574,0.0019591974560171366,0.4971204102039337,0.7472460269927979,-0.004853811580687761,0.4687328338623047,0.7362146973609924,-0.013146234676241875,0.5322654843330383,0.7468073964118958,-0.01569618470966816,0.5079657435417175,0.6362140774726868,-0.025815844535827637,0.49755167961120605,0.5776251554489136,-0.029616372659802437,0.4895668029785156,0.5307695269584656,-0.030297590419650078,0.5014582872390747,0.7635065913200378,-0.024901794269680977,0.47046929597854614,0.645198404788971,-0.03293481096625328,0.45334622263908386,0.5812643766403198,-0.03554215654730797,0.44072240591049194,0.5341325402259827,-0.03659634292125702,0.4700569212436676,0.7900711297988892,-0.03161371871829033,0.44333958625793457,0.7084047794342041,-0.03946361318230629,0.4498857259750366,0.7417206168174744,-0.033847931772470474,0.4571945369243622,0.7760739326477051,-0.02657495252788067,0.44134142994880676,0.821371853351593,-0.037451550364494324,0.42982080578804016,0.7632530927658081,-0.040242478251457214,0.4390232264995575,0.7887845635414124,-0.030294494703412056,0.4463019371032715,0.8157118558883667,-0.020357001572847366,see
0.5109511613845825,0.9610655307769775,3.442063132297335e-07,0.5312954783439636,0.8716610670089722,0.00661976495757699,0.5245422124862671,0.7853608727455139,0.0019100757781416178,0.4963667690753937,0.7460933327674866,-0.00517326220870018,0.4677712023258209,0.737062931060791,-0.013872914016246796,0.531603217124939,0.7446359395980835,-0.015965905040502548,0.5071960687637329,0.6350242495536804,-0.026267271488904953,0.4968223571777344,0.5769174695014954,-0.030219009146094322,0.4887402355670929,0.5302881598472595,-0.03102739527821541,0.5011471509933472,0.7623203992843628,-0.025611376389861107,0.46994584798812866,0.6446866989135742,-0.0340266078710556,0.45269614458084106,0.5802756547927856,-0.0368933342397213,0.43978986144065857,0.5329605340957642,-0.03812147304415703,0.4699172079563141,0.7898082733154297,-0.032756559550762177,0.44412240386009216,0.7093303203582764,-0.04119981452822685,0.45111382007598877,0.7423712611198425,-0.03576626256108284,0.45828622579574585,0.7764779329299927,-0.02844446524977684,0.44108057022094727,0.82188481092453,-0.03898763284087181,0.42967861890792847,0.7621110081672668,-0.04209258779883385,0.43908751010894775,0.7873887419700623,-0.031895555555820465,0.44613367319107056,0.8149523138999939,-0.021720409393310547,see
0.509901225566864,0.9580660462379456,3.2824854656610114e-07,0.5297250747680664,0.8684350848197937,0.008171563036739826,0.5235066413879395,0.7824819684028625,0.004330286756157875,0.4967683255672455,0.7407416701316833,-0.0019817925058305264,0.46865981817245483,0.7298058867454529,-0.01002020388841629,0.5300111770629883,0.7425856590270996,-0.014949253760278225,0.5057742595672607,0.6338741183280945,-0.024448396638035774,0.4956207871437073,0.5760264992713928,-0.027974454686045647,0.4878018796443939,0.5296332240104675,-0.028552865609526634,0.4997650980949402,0.7590897083282471,-0.02475416660308838,0.46863555908203125,0.6432206630706787,-0.031979918479919434,0.4516625702381134,0.5795184969902039,-0.03414127603173256,0.4390104413032532,0.5330732464790344,-0.035124149173498154,0.4688315689563751,0.7857509851455688,-0.03185741975903511,0.4422954320907593,0.7064990997314453,-0.03849251940846443,0.44937992095947266,0.7387460470199585,-0.03246961534023285,0.4568098485469818,0.7723962664604187,-0.02531714364886284,0.44050133228302,0.8178038001060486,-0.03799816966056824,0.4286385178565979,0.7588256597518921,-0.03984157741069794,0.43778055906295776,0.7838103771209717,-0.029446689411997795,0.4447038769721985,0.8110814690589905,-0.019382141530513763,see
0.5090811848640442,0.9519299268722534,3.1408558243128937e-07,0.5284332036972046,0.8628958463668823,0.009282994084060192,0.522272527217865,0.7782989740371704,0.006724369712173939,0.49722012877464294,0.7357810139656067,0.0015006717294454575,0.4702884554862976,0.7234137654304504,-0.005189156159758568,0.5287886261940002,0.7351572513580322,-0.010731729678809643,0.5037614703178406,0.6299694776535034,-0.018759436905384064,0.4930049479007721,0.5740736126899719,-0.021803446114063263,0.48453617095947266,0.5293062329292297,-0.022230613976716995,0.49849221110343933,0.7506987452507019,-0.020429104566574097,0.4676303565502167,0.6401117444038391,-0.026080217212438583,0.4510091245174408,0.5792132019996643,-0.027963917702436447,0.4389222264289856,0.5346565246582031,-0.028887024149298668,0.46777811646461487,0.7769930958747864,-0.027594583109021187,0.44167640805244446,0.7041283845901489,-0.03252848610281944,0.4485121965408325,0.7361659407615662,-0.026974596083164215,0.45623618364334106,0.7689166069030762,-0.020544081926345825,0.4400254189968109,0.8088287711143494,-0.033843833953142166,0.428486704826355,0.7577735781669617,-0.03444715589284897,0.4369403123855591,0.7826615571975708,-0.02477753907442093,0.44409820437431335,0.808236837387085,-0.015475942753255367,see
0.5086666941642761,0.9500346183776855,3.0718570087628905e-07,0.5266234874725342,0.8599156737327576,0.01141093298792839,0.519498348236084,0.7781140208244324,0.010519525967538357,0.4943997859954834,0.741091787815094,0.006228933576494455,0.46740207076072693,0.7337327599525452,0.0002849409938789904,0.5254276394844055,0.7341634035110474,-0.005504753906279802,0.5012258291244507,0.6330574154853821,-0.012171851471066475,0.4912075698375702,0.5785372257232666,-0.014869021251797676,0.48327556252479553,0.5343430042266846,-0.015174140222370625,0.49615901708602905,0.746666669845581,-0.016074927523732185,0.4672255516052246,0.6382738947868347,-0.020128503441810608,0.45060357451438904,0.5778231620788574,-0.02218427136540413,0.43830597400665283,0.5343633890151978,-0.023236218839883804,0.46652457118034363,0.7722480297088623,-0.02413528971374035,0.44126078486442566,0.7061052322387695,-0.027243534103035927,0.447871595621109,0.7388730645179749,-0.022241605445742607,0.4554637670516968,0.7704977989196777,-0.016388574615120888,0.43927979469299316,0.8051344156265259,-0.031215576454997063,0.42813777923583984,0.7562505006790161,-0.030025439336895943,0.436360239982605,0.7815601825714111,-0.02003397047519684,0.4434710144996643,0.8068941831588745,-0.010734107345342636,see
0.5079621076583862,0.9471802711486816,3.253491058785585e-07,0.5224448442459106,0.8572035431861877,0.011198052205145359,0.51274174451828,0.7780468463897705,0.01026653777807951,0.48797300457954407,0.7476712465286255,0.005690606776624918,0.46223747730255127,0.7452622056007385,-0.00041421756031922996,0.5184468626976013,0.7310317158699036,-0.003915844019502401,0.49603840708732605,0.6360611319541931,-0.010853665880858898,0.48776617646217346,0.5827396512031555,-0.014301176182925701,0.48123347759246826,0.5392703413963318,-0.015350203029811382,0.4900345504283905,0.7415590882301331,-0.014474164694547653,0.4626072645187378,0.6397734880447388,-0.019039491191506386,0.446809858083725,0.5823940634727478,-0.022085973992943764,0.43486788868904114,0.5397534370422363,-0.023724781349301338,0.4619870185852051,0.766843855381012,-0.022658223286271095,0.43543967604637146,0.7116578817367554,-0.02620134875178337,0.44219765067100525,0.7444482445716858,-0.022443018853664398,0.4504793584346771,0.7741914391517639,-0.017365263774991035,0.4364590644836426,0.8011512756347656,-0.029934639111161232,0.4241029620170593,0.7630215883255005,-0.028971422463655472,0.43272149562835693,0.7874495983123779,-0.019946830347180367,0.4409516155719757,0.8101168870925903,-0.011348639614880085,see
0.5033596158027649,0.9449169039726257,3.3440318247812684e-07,0.5163543224334717,0.8545594811439514,0.010283268056809902,0.505638599395752,0.7780908346176147,0.009390953928232193,0.4813918471336365,0.7506160736083984,0.004970266949385405,0.4555453956127167,0.7500424981117249,-0.0009704412659630179,0.5097607970237732,0.7318324446678162,-0.002702852012589574,0.48858925700187683,0.6410295963287354,-0.009566303342580795,0.4796333312988281,0.5893589854240417,-0.013184226118028164,0.4725790023803711,0.5471204519271851,-0.014195066876709461,0.4816179573535919,0.742440402507782,-0.012760361656546593,0.45359286665916443,0.6430814266204834,-0.016942454501986504,0.43866798281669617,0.5861871242523193,-0.019726065918803215,0.42770493030548096,0.5428364872932434,-0.020936867222189903,0.454508900642395,0.7679771780967712,-0.020739447325468063,0.42909082770347595,0.7160857319831848,-0.024645235389471054,0.43659231066703796,0.7477137446403503,-0.021528877317905426,0.44518184661865234,0.7771389484405518,-0.016553208231925964,0.4302615225315094,0.8022136688232422,-0.027818670496344566,0.4186522960662842,0.7668650150299072,-0.026935212314128876,0.42727386951446533,0.7904826998710632,-0.017918763682246208,0.4351465702056885,0.8130629658699036,-0.009179125539958477,see
0.49855536222457886,0.9453570246696472,3.1500849217991345e-07,0.5093126893043518,0.8522958159446716,0.010500147938728333,0.4954705834388733,0.7747679948806763,0.009715587832033634,0.47061529755592346,0.7491416931152344,0.005151708144694567,0.4441835582256317,0.7519555687904358,-0.0008630246738903224,0.49790653586387634,0.7302635312080383,-0.0020083424169570208,0.47573405504226685,0.6414733529090881,-0.008792512118816376,0.464711993932724,0.5915679335594177,-0.01240137591958046,0.4560970067977905,0.5528680682182312,-0.013556131161749363,0.4707905054092407,0.7444506883621216,-0.012352876365184784,0.43991953134536743,0.6528478264808655,-0.01666814461350441,0.4236242175102234,0.6001628041267395,-0.01943168230354786,0.41244569420814514,0.5599547624588013,-0.020945338532328606,0.4448244571685791,0.7733831405639648,-0.020746201276779175,0.4183575510978699,0.7233939170837402,-0.02472781389951706,0.4257884621620178,0.7549726963043213,-0.02144305408000946,0.4354579448699951,0.7839789390563965,-0.01677617058157921,0.421708345413208,0.8106627464294434,-0.028293903917074203,0.4085603952407837,0.7773323059082031,-0.027955476194620132,0.41681063175201416,0.8006941676139832,-0.019567694514989853,0.4256395399570465,0.8222342133522034,-0.011518348008394241,see
0.49459603428840637,0.9483046531677246,3.4308658314330387e-07,0.5056229829788208,0.8584495782852173,0.010403460822999477,0.49251124262809753,0.7814326286315918,0.010333186946809292,0.4676900804042816,0.7531009316444397,0.006746068596839905,0.442361444234848,0.7531616687774658,0.002074724528938532,0.4926990270614624,0.7318611741065979,8.389449794776738e-05,0.46910491585731506,0.6430469751358032,-0.00569626409560442,0.4581776559352875,0.5926622152328491,-0.008405804634094238,0.44870346784591675,0.5544572472572327,-0.008791424334049225,0.4656391143798828,0.7466845512390137,-0.009436849504709244,0.4368976652622223,0.6542400121688843,-0.013267742469906807,0.42099061608314514,0.6033660173416138,-0.015672268345952034,0.40934664011001587,0.5657941102981567,-0.016363976523280144,0.439665287733078,0.7761728763580322,-0.017137659713625908,0.41211163997650146,0.7309483885765076,-0.020204490050673485,0.42009952664375305,0.7622888684272766,-0.01681080274283886,0.43027937412261963,0.7889223098754883,-0.011785843409597874,0.41708454489707947,0.8135154843330383,-0.0240311436355114,0.40439891815185547,0.7851028442382812,-0.022530602291226387,0.4134546220302582,0.8088281750679016,-0.014173290692269802,0.4224708378314972,0.8284198641777039,-0.005958315916359425,see
0.4917842447757721,0.9500476717948914,3.522867189076351e-07,0.5039633512496948,0.860791802406311,0.008308042772114277,0.4915192723274231,0.7835017442703247,0.007444255985319614,0.46634992957115173,0.7558813095092773,0.003453513141721487,0.4408113360404968,0.7567461729049683,-0.0018490367801859975,0.4911872148513794,0.7351570725440979,-0.003317847615107894,0.46813687682151794,0.6447807550430298,-0.010028385557234287,0.4576326906681061,0.5937685370445251,-0.013134010136127472,0.44877684116363525,0.5537654161453247,-0.013636231422424316,0.46337488293647766,0.7509042024612427,-0.012164350599050522,0.43430638313293457,0.6576288342475891,-0.0168507918715477,0.4190596044063568,0.6039671897888184,-0.019487017765641212,0.40801092982292175,0.563941478729248,-0.020284470170736313,0.43714505434036255,0.7810359001159668,-0.01929272897541523,0.41106995940208435,0.7361195683479309,-0.02404167503118515,0.42011815309524536,0.7670013308525085,-0.021165071055293083,0.43042269349098206,0.795350193977356,-0.016016630455851555,0.4140588343143463,0.8185684680938721,-0.02566041797399521,0.40154898166656494,0.7852132320404053,-0.02532474882900715,0.4111301898956299,0.8087444305419922,-0.016741175204515457,0.42002540826797485,0.8307558298110962,-0.008145112544298172,see
0.49264049530029297,0.9516083002090454,3.734555207302037e-07,0.5042787194252014,0.8623443841934204,0.007067488972097635,0.49046143889427185,0.7832568287849426,0.005198152270168066,0.4640743136405945,0.7553178668022156,0.0003633714222814888,0.4383203685283661,0.7557026147842407,-0.005647218320518732,0.4903358817100525,0.7355332970619202,-0.0057486905716359615,0.4666295349597931,0.6461490392684937,-0.013918116688728333,0.4560627341270447,0.5948302149772644,-0.018024271354079247,0.4468543529510498,0.5546138286590576,-0.01921098679304123,0.4630102813243866,0.7522993683815002,-0.014701714739203453,0.43360722064971924,0.6583970785140991,-0.021141713485121727,0.4179680645465851,0.6026178002357483,-0.024803923442959785,0.4062393605709076,0.5600323677062988,-0.02621842548251152,0.436885267496109,0.7834139466285706,-0.02193627879023552,0.409995973110199,0.7378666996955872,-0.02820391207933426,0.4190788269042969,0.7683964967727661,-0.025368813425302505,0.429459810256958,0.7960487604141235,-0.020001230761408806,0.41379573941230774,0.8218336701393127,-0.02851724438369274,0.40080463886260986,0.7897517681121826,-0.029473867267370224,0.410717636346817,0.8126200437545776,-0.021136224269866943,0.4199146628379822,0.8335511088371277,-0.012539129704236984,see
0.4935776889324188,0.9520651698112488,3.854651993151492e-07,0.5047640800476074,0.8611854314804077,0.007512607611715794,0.49010169506073,0.7813901901245117,0.00547168031334877,0.4630942940711975,0.7545198798179626,0.00033503654412925243,0.4371298551559448,0.7548230886459351,-0.006036301609128714,0.4910449981689453,0.734400749206543,-0.0061195008456707,0.467546284198761,0.6440290212631226,-0.014793609268963337,0.4570305347442627,0.5927274227142334,-0.01900399476289749,0.4483513832092285,0.5528563857078552,-0.020043758675456047,0.4637402892112732,0.7519052624702454,-0.015434635803103447,0.4339415431022644,0.6558837890625,-0.022118428722023964,0.4186514914035797,0.5999195575714111,-0.025624528527259827,0.40734249353408813,0.5572260618209839,-0.02680255100131035,0.4374174177646637,0.7834036350250244,-0.02299782820045948,0.409758985042572,0.7379108667373657,-0.029451295733451843,0.419049471616745,0.7682995796203613,-0.026629747822880745,0.4297267496585846,0.7957250475883484,-0.021225206553936005,0.413778156042099,0.8223497867584229,-0.02984055131673813,0.4003826677799225,0.7907712459564209,-0.03089340776205063,0.4106310307979584,0.8134933710098267,-0.022482864558696747,0.42014196515083313,0.833906352519989,-0.013825594447553158,see
0.4984716475009918,0.9522639513015747,3.935966219614784e-07,0.5080930590629578,0.8583966493606567,0.007408646866679192,0.4909410774707794,0.7800814509391785,0.004890612792223692,0.46269166469573975,0.7605003714561462,-0.001070441328920424,0.43612805008888245,0.7663330435752869,-0.008328192867338657,0.492906391620636,0.731375515460968,-0.004917420446872711,0.47262296080589294,0.6411738395690918,-0.013662532903254032,0.46387311816215515,0.5891765356063843,-0.01864171400666237,0.45650628209114075,0.5476654767990112,-0.020711513236165047,0.464794784784317,0.749021053314209,-0.014776880852878094,0.4359714090824127,0.6561840772628784,-0.021527502685785294,0.4202307462692261,0.6029332280158997,-0.025548089295625687,0.4078536927700043,0.5616412162780762,-0.027550609782338142,0.4380597472190857,0.781284749507904,-0.023091452196240425,0.41142538189888,0.7333835363388062,-0.029962163418531418,0.4216032028198242,0.7644696235656738,-0.027529463171958923,0.4323231875896454,0.7921478152275085,-0.02263461984694004,0.4144755005836487,0.8211905360221863,-0.030756941065192223,0.40267354249954224,0.7876728177070618,-0.032635606825351715,0.4135490357875824,0.8094388246536255,-0.02477436512708664,0.42318031191825867,0.8297703862190247,-0.016650695353746414,see
0.5029018521308899,0.9451873302459717,3.942087687391904e-07,0.5148118734359741,0.8499024510383606,0.007359140552580357,0.5003039836883545,0.7711407542228699,0.004387733060866594,0.4737906754016876,0.7476633787155151,-0.001758159720338881,0.447872132062912,0.7522645592689514,-0.009419869631528854,0.5029720067977905,0.7262493968009949,-0.0081825265660882,0.4835853576660156,0.6350150108337402,-0.01863396354019642,0.47592446208000183,0.5803760886192322,-0.023923689499497414,0.4699709713459015,0.5367361307144165,-0.02567599155008793,0.47507861256599426,0.7410715818405151,-0.018056761473417282,0.44593679904937744,0.6445890665054321,-0.026369111612439156,0.42944711446762085,0.5908045172691345,-0.030250977724790573,0.4166210889816284,0.5480040907859802,-0.031497083604335785,0.44852811098098755,0.7701411247253418,-0.02611459046602249,0.4205366373062134,0.724717378616333,-0.034154053777456284,0.4287790358066559,0.7568648457527161,-0.03110644780099392,0.43868914246559143,0.783444344997406,-0.02530219778418541,0.42417725920677185,0.806795597076416,-0.03338860347867012,0.40964826941490173,0.7716395854949951,-0.035029735416173935,0.41888919472694397,0.7967392802238464,-0.025761423632502556,0.4277849793434143,0.8184530138969421,-0.016465066000819206,see
0.5109828114509583,0.9383274912834167,4.133190998345526e-07,0.5247731804847717,0.8442215919494629,0.007162075489759445,0.512023389339447,0.7643540501594543,0.003941587172448635,0.4870857894420624,0.7389360666275024,-0.002717389026656747,0.46177008748054504,0.7413644194602966,-0.01111446414142847,0.5162982940673828,0.7202777862548828,-0.009151234291493893,0.4997980296611786,0.6245737671852112,-0.020971989259123802,0.493611216545105,0.5656589865684509,-0.027690859511494637,0.48816466331481934,0.51766037940979,-0.03036995232105255,0.4875124990940094,0.7314515113830566,-0.0196822602301836,0.46148666739463806,0.6275354623794556,-0.028169360011816025,0.44539928436279297,0.5669491291046143,-0.03225436434149742,0.43160536885261536,0.5194180607795715,-0.033932797610759735,0.46009355783462524,0.757988452911377,-0.028464414179325104,0.4337126910686493,0.7016180157661438,-0.03657003119587898,0.44081491231918335,0.7345768809318542,-0.03293073549866676,0.4493892788887024,0.764392077922821,-0.02682206593453884,0.43520742654800415,0.7935180068016052,-0.03664139285683632,0.42070698738098145,0.7519997954368591,-0.03835833817720413,0.429190456867218,0.7767388224601746,-0.028467044234275818,0.43730905652046204,0.8004682064056396,-0.01878601312637329,see
0.5192628502845764,0.9373742341995239,4.0093368625093717e-07,0.5348384976387024,0.8449264764785767,0.007997456006705761,0.525021493434906,0.7623271942138672,0.003957010805606842,0.5001899003982544,0.7342515587806702,-0.0033735979814082384,0.4746432602405548,0.7321431040763855,-0.012366756796836853,0.5328848958015442,0.7188661694526672,-0.013174728490412235,0.5159979462623596,0.6115814447402954,-0.024827901273965836,0.5095927715301514,0.5509209036827087,-0.0303619597107172,0.503970742225647,0.5030896663665771,-0.032368917018175125,0.5033739805221558,0.7322385311126709,-0.023552436381578445,0.4798830449581146,0.6223759055137634,-0.032386280596256256,0.46415209770202637,0.5617957711219788,-0.035969968885183334,0.4504522979259491,0.5151398181915283,-0.037790682166814804,0.47400709986686707,0.7581913471221924,-0.03168317303061485,0.445016473531723,0.6893099546432495,-0.03913982957601547,0.45122531056404114,0.7252877950668335,-0.0342228002846241,0.45997998118400574,0.7574462890625,-0.027809012681245804,0.44728800654411316,0.7915735840797424,-0.03902732953429222,0.4308242201805115,0.7452860474586487,-0.041115786880254745,0.43929538130760193,0.7711666822433472,-0.03151312097907066,0.4479767680168152,0.7954817414283752,-0.02211909182369709,see
0.5239942669868469,0.9469292759895325,3.960170147365716e-07,0.5410658121109009,0.8575032949447632,0.006144641432911158,0.532636821269989,0.7705166935920715,0.0007119571091607213,0.5058661103248596,0.730276882648468,-0.007160974200814962,0.4788154363632202,0.7192668318748474,-0.0164300836622715,0.544284462928772,0.7254490256309509,-0.018258487805724144,0.5246816873550415,0.6128303408622742,-0.031786900013685226,0.518450915813446,0.5485691428184509,-0.038141705095767975,0.5136795043945312,0.49776846170425415,-0.04044599086046219,0.5158750414848328,0.7406657934188843,-0.028323113918304443,0.4881282448768616,0.623085618019104,-0.03970317170023918,0.47115084528923035,0.5556240677833557,-0.0443853959441185,0.4577045738697052,0.5044183135032654,-0.0467340424656868,0.4857156276702881,0.7659828662872314,-0.03606488183140755,0.45149683952331543,0.6906546354293823,-0.04610808566212654,0.4563232660293579,0.7256914973258972,-0.04102114215493202,0.4653569161891937,0.7582135200500488,-0.03382498770952225,0.4567338824272156,0.7969539761543274,-0.04302944242954254,0.4365876317024231,0.7411352396011353,-0.04730084538459778,0.44432714581489563,0.7690309882164001,-0.037617262452840805,0.45298531651496887,0.7953075766563416,-0.027678238227963448,see
0.5263048410415649,0.9511054158210754,3.934791550364025e-07,0.5443838834762573,0.8602973222732544,0.006107686087489128,0.5351307392120361,0.7699083089828491,0.0006101366598159075,0.5056227445602417,0.7327224612236023,-0.007424846291542053,0.47604677081108093,0.7259818315505981,-0.016983961686491966,0.5475568771362305,0.727231502532959,-0.017238110303878784,0.527855634689331,0.6128761768341064,-0.029705973342061043,0.5215603709220886,0.5492364764213562,-0.03526904433965683,0.5168775320053101,0.4975101053714752,-0.03719117492437363,0.5181100368499756,0.7431212663650513,-0.02773098833858967,0.4908139109611511,0.6203559637069702,-0.038069963455200195,0.4753604233264923,0.5533595085144043,-0.04180976375937462,0.46324872970581055,0.5022627711296082,-0.04339822381734848,0.48772019147872925,0.7700468897819519,-0.03595781326293945,0.4543742537498474,0.6918904185295105,-0.04631778597831726,0.4594736695289612,0.7271968126296997,-0.0419783852994442,0.46794694662094116,0.7610641717910767,-0.03500156104564667,0.45825451612472534,0.8024079203605652,-0.04335293173789978,0.4409509301185608,0.7453935146331787,-0.04771154746413231,0.44913575053215027,0.7717475891113281,-0.03844964876770973,0.4576559066772461,0.7980256080627441,-0.0289221853017807,see
0.52480149269104,0.9524860382080078,3.939189525681286e-07,0.5432378649711609,0.862289547920227,0.005754558369517326,0.5349253416061401,0.7724600434303284,-0.0007047725957818329,0.5053929686546326,0.7290467619895935,-0.009691454470157623,0.4746943414211273,0.719036877155304,-0.02029869146645069,0.5474081039428711,0.7284386157989502,-0.019347121939063072,0.5262953639030457,0.6130477786064148,-0.033568643033504486,0.5197245478630066,0.5482651591300964,-0.03983922675251961,0.5149606466293335,0.4962081015110016,-0.041894376277923584,0.519256055355072,0.7449775338172913,-0.02991076186299324,0.4914553165435791,0.6218815445899963,-0.04261605069041252,0.4740530848503113,0.5527030825614929,-0.04706461727619171,0.4605390131473541,0.5004270672798157,-0.04869578778743744,0.4887862503528595,0.7720404863357544,-0.03813924640417099,0.45079848170280457,0.6922593116760254,-0.050705473870038986,0.45232275128364563,0.7266405820846558,-0.04623853787779808,0.4598703980445862,0.761171281337738,-0.038504935801029205,0.45857521891593933,0.8049747347831726,-0.04546160250902176,0.43647563457489014,0.7467432618141174,-0.051635611802339554,0.4429040551185608,0.772881269454956,-0.04264168068766594,0.45165276527404785,0.7997951507568359,-0.03270842880010605,see
0.5251594185829163,0.9533920884132385,3.6804848946303537e-07,0.5432459712028503,0.8620008230209351,0.006883148569613695,0.5355207324028015,0.7719337344169617,0.0009157562162727118,0.5068774819374084,0.7286157011985779,-0.007608958054333925,0.4776861071586609,0.7175976634025574,-0.01785433292388916,0.546583890914917,0.728726863861084,-0.019713077694177628,0.5252042412757874,0.6126151084899902,-0.03372231498360634,0.5184710025787354,0.5481998920440674,-0.03973383456468582,0.5139116644859314,0.4964286983013153,-0.04153601825237274,0.5177586078643799,0.7459056377410889,-0.030507642775774002,0.4886595606803894,0.6213614344596863,-0.04250096157193184,0.4719756841659546,0.5527516007423401,-0.046468641608953476,0.459290474653244,0.5012087225914001,-0.04797150567173958,0.48747432231903076,0.7729084491729736,-0.03877991437911987,0.45164361596107483,0.6930050849914551,-0.05013791471719742,0.45485976338386536,0.727503776550293,-0.04524766281247139,0.46270883083343506,0.7616510391235352,-0.03754623979330063,0.45786502957344055,0.8052153587341309,-0.046080976724624634,0.4369315505027771,0.7440314888954163,-0.05076414346694946,0.4437815546989441,0.7701334357261658,-0.04107044264674187,0.4522998332977295,0.7968853116035461,-0.030954575166106224,see
0.5247175693511963,0.9530113935470581,3.775170398512273e-07,0.5429915189743042,0.8621308207511902,0.006723400205373764,0.5349379181861877,0.7721344232559204,0.0006727851578034461,0.50594162940979,0.7300457954406738,-0.007935754954814911,0.4762756824493408,0.7203810811042786,-0.018283255398273468,0.5463653802871704,0.7285671830177307,-0.01972598396241665,0.5243680477142334,0.6110035181045532,-0.03322532773017883,0.5175432562828064,0.5467493534088135,-0.03874489665031433,0.5126730799674988,0.4954768419265747,-0.04020519554615021,0.5176766514778137,0.7463306784629822,-0.03045795112848282,0.48867204785346985,0.6204157471656799,-0.04183008894324303,0.472695916891098,0.5525901913642883,-0.04535340145230293,0.46052467823028564,0.5021307468414307,-0.046634241938591,0.48726585507392883,0.7740331888198853,-0.038678377866744995,0.45198142528533936,0.6916207671165466,-0.049582719802856445,0.45558345317840576,0.7257880568504333,-0.044502731412649155,0.46340692043304443,0.7598649859428406,-0.03683743253350258,0.45745083689689636,0.8067558407783508,-0.045928001403808594,0.43711796402931213,0.7441248297691345,-0.05045013129711151,0.4445140063762665,0.769899308681488,-0.04063985496759415,0.4529382586479187,0.7966823577880859,-0.03053913451731205,see
0.5253066420555115,0.9549581408500671,3.602917502121272e-07,0.5434816479682922,0.862786591053009,0.007794741541147232,0.5350919961929321,0.7726713418960571,0.0026223522145301104,0.5063545107841492,0.7295538187026978,-0.005209024529904127,0.47691094875335693,0.7181098461151123,-0.01485355943441391,0.5455747842788696,0.728631854057312,-0.018463199958205223,0.5232221484184265,0.6116083264350891,-0.03137443587183952,0.5160662531852722,0.547092616558075,-0.03681005537509918,0.5110453963279724,0.495496928691864,-0.038263339549303055,0.5167261958122253,0.7462530732154846,-0.029198642820119858,0.4869648218154907,0.622163712978363,-0.03973397612571716,0.47005221247673035,0.5531888008117676,-0.043170906603336334,0.4571865200996399,0.5018161535263062,-0.04458332434296608,0.48656561970710754,0.7737517356872559,-0.0373014360666275,0.4509025514125824,0.6912946701049805,-0.0472845695912838,0.4539306163787842,0.7242394685745239,-0.04235679656267166,0.461497962474823,0.758571982383728,-0.03502124547958374,0.45728784799575806,0.8069236874580383,-0.04438210278749466,0.4373234212398529,0.7451455593109131,-0.048530757427215576,0.44442498683929443,0.7697241306304932,-0.03909033164381981,0.4529849886894226,0.7964269518852234,-0.029247596859931946,see
0.5236948132514954,0.9540375471115112,3.6761593946721405e-07,0.5421953201293945,0.8623427748680115,0.007161593064665794,0.5343142151832581,0.7731739282608032,0.0016355725238099694,0.5056926012039185,0.7312026619911194,-0.006459702271968126,0.4763486087322235,0.7208783626556396,-0.0162248183041811,0.5456786751747131,0.728331983089447,-0.01835908740758896,0.5229696035385132,0.6113840937614441,-0.031255826354026794,0.5157399773597717,0.5472834706306458,-0.0366218201816082,0.5105515122413635,0.4963400959968567,-0.03798835352063179,0.5168083310127258,0.7458184361457825,-0.02895069308578968,0.48707741498947144,0.6208744645118713,-0.039591267704963684,0.47052618861198425,0.5527800917625427,-0.04305805638432503,0.4581230580806732,0.5023660659790039,-0.044328346848487854,0.4866024851799011,0.7734408974647522,-0.037000302225351334,0.4514196813106537,0.692969799041748,-0.04719577729701996,0.45503970980644226,0.7269769310951233,-0.0421518012881279,0.4629959762096405,0.7609936594963074,-0.03464154526591301,0.45715245604515076,0.8066394329071045,-0.044084083288908005,0.43798819184303284,0.7469977140426636,-0.04821815714240074,0.44570523500442505,0.7727794051170349,-0.038479723036289215,0.45441195368766785,0.799243152141571,-0.028429677709937096,see
0.523932695388794,0.9550322890281677,3.56513282895321e-07,0.5426351428031921,0.8628920912742615,0.007720325607806444,0.5344088673591614,0.7730662822723389,0.0023046303540468216,0.5053609013557434,0.7307590842247009,-0.005794305820018053,0.475968599319458,0.7196533679962158,-0.015702372416853905,0.5455335378646851,0.7289838194847107,-0.018650149926543236,0.5234251618385315,0.6121991872787476,-0.03174985945224762,0.5161665678024292,0.5482686161994934,-0.037308402359485626,0.510999858379364,0.4971863031387329,-0.03883744031190872,0.516451358795166,0.7471240758895874,-0.029433557763695717,0.4866718351840973,0.6226935982704163,-0.04021397605538368,0.4695964753627777,0.5544784665107727,-0.04363684728741646,0.4563952386379242,0.5038243532180786,-0.04499620199203491,0.48606836795806885,0.7747427821159363,-0.03760030120611191,0.4506322741508484,0.6908142566680908,-0.047928452491760254,0.4544127285480499,0.7242531180381775,-0.04294373095035553,0.46230509877204895,0.758748471736908,-0.03550904244184494,0.45668014883995056,0.8077450394630432,-0.044741883873939514,0.4374856650829315,0.7460381388664246,-0.0492824949324131,0.4452504515647888,0.7710905075073242,-0.03989475220441818,0.45415040850639343,0.7979838848114014,-0.030039416626095772,see
0.5228340029716492,0.9543890953063965,3.625695512710081e-07,0.5416511297225952,0.8620026111602783,0.006976480130106211,0.5341894626617432,0.7715668678283691,0.001307159662246704,0.5054576396942139,0.7293863296508789,-0.006886631716042757,0.4764116704463959,0.7186013460159302,-0.01684592291712761,0.5448824167251587,0.7299172282218933,-0.01931844837963581,0.5227774977684021,0.613209068775177,-0.032787028700113297,0.5154754519462585,0.5489515066146851,-0.03860311582684517,0.5102018713951111,0.4978303611278534,-0.04023953899741173,0.515647828578949,0.7483269572257996,-0.029793404042720795,0.4860989451408386,0.6240805983543396,-0.0409369133412838,0.46918660402297974,0.555314838886261,-0.04460681229829788,0.4559492766857147,0.5040057301521301,-0.046113647520542145,0.4852380156517029,0.775668740272522,-0.0377214215695858,0.4507168233394623,0.6913549304008484,-0.048348430544137955,0.4544544816017151,0.7240003347396851,-0.04340215399861336,0.4619298279285431,0.7580932974815369,-0.035913534462451935,0.45591142773628235,0.8078972697257996,-0.044678837060928345,0.4374123215675354,0.7453312277793884,-0.0492134690284729,0.4451669156551361,0.7694396376609802,-0.03973051533102989,0.4536093771457672,0.7959579229354858,-0.029818369075655937,see
0.5243068337440491,0.9556428790092468,3.6407368497748394e-07,0.5426927208900452,0.8635613918304443,0.007363694719970226,0.5343634486198425,0.7730051875114441,0.0018426734022796154,0.5051272511482239,0.7308455109596252,-0.006216913461685181,0.4758777320384979,0.7201309204101562,-0.01605171710252762,0.5453683733940125,0.7298200726509094,-0.019446570426225662,0.5226724147796631,0.6117650866508484,-0.032672397792339325,0.5153569579124451,0.5469391345977783,-0.03827575966715813,0.5100064277648926,0.49544546008110046,-0.0397576279938221,0.5158897042274475,0.7486384510993958,-0.03004426322877407,0.4859851896762848,0.6239422559738159,-0.04087575525045395,0.4689938724040985,0.5551509261131287,-0.04438886418938637,0.45588454604148865,0.5041254758834839,-0.04580508917570114,0.4852272570133209,0.7764303088188171,-0.0379866398870945,0.45119768381118774,0.6925883293151855,-0.04816979914903641,0.4552663266658783,0.7254446744918823,-0.043030545115470886,0.4629383087158203,0.7595543265342712,-0.03551784157752991,0.45567986369132996,0.8092811107635498,-0.04492484778165817,0.4377671182155609,0.7465626001358032,-0.049141477793455124,0.4458129107952118,0.7714909911155701,-0.03939862921833992,0.45440196990966797,0.7983073592185974,-0.02931629866361618,see
0.5225557684898376,0.9549837112426758,3.675816913073504e-07,0.541523814201355,0.863074004650116,0.006793295964598656,0.5344693064689636,0.7730914950370789,0.0010871669510379434,0.5062041282653809,0.7301968336105347,-0.007189454976469278,0.47708791494369507,0.7197940945625305,-0.01717209815979004,0.5452514886856079,0.7293247580528259,-0.018635010346770287,0.5223533511161804,0.6121209859848022,-0.03173024207353592,0.5149087905883789,0.5478646159172058,-0.03718731179833412,0.5095686316490173,0.49683669209480286,-0.03857726976275444,0.5163202285766602,0.7475143671035767,-0.029209239408373833,0.48628485202789307,0.6226087212562561,-0.04025743156671524,0.46955981850624084,0.5541588664054871,-0.04384194687008858,0.4570302963256836,0.5035874247550964,-0.04512614756822586,0.48588162660598755,0.7753220796585083,-0.03730158135294914,0.4509955644607544,0.6927682757377625,-0.04813786968588829,0.4543999433517456,0.7268198728561401,-0.043165840208530426,0.46204885840415955,0.7611383199691772,-0.03550815209746361,0.4563160538673401,0.8082653880119324,-0.04442565143108368,0.4372071325778961,0.7469742298126221,-0.04912130534648895,0.4450123906135559,0.7729308605194092,-0.039442818611860275,0.4537324905395508,0.8000065088272095,-0.029296405613422394,see
0.5240927338600159,0.9561372399330139,3.567614328403579e-07,0.5426849126815796,0.8643857836723328,0.0073617747984826565,0.5350155830383301,0.7732837796211243,0.0018743138061836362,0.5058887004852295,0.7293787598609924,-0.006151155568659306,0.47667044401168823,0.7176142930984497,-0.015933189541101456,0.5452460646629333,0.7304592132568359,-0.01913555897772312,0.5226927995681763,0.6123886108398438,-0.03202527016401291,0.5154924988746643,0.5486518740653992,-0.037341076880693436,0.5104911923408508,0.4980327785015106,-0.03868084028363228,0.5156990885734558,0.7493670582771301,-0.029720371589064598,0.48568984866142273,0.6236948370933533,-0.04038262367248535,0.46864575147628784,0.5551432371139526,-0.04368411377072334,0.45547184348106384,0.5046073794364929,-0.04497995227575302,0.48482635617256165,0.7770373821258545,-0.03767979145050049,0.450716108083725,0.6915596723556519,-0.04779592528939247,0.4552589952945709,0.7252023220062256,-0.04238727688789368,0.4632379710674286,0.7597104907035828,-0.03473168611526489,0.45508068799972534,0.8096914887428284,-0.04464410990476608,0.4371609091758728,0.7460992932319641,-0.048956871032714844,0.44535669684410095,0.7715699076652527,-0.03914032503962517,0.4539790153503418,0.7987973093986511,-0.02902921289205551,see
