0.5254786014556885,0.42129045724868774,-3.113387947450974e-07,0.523323655128479,0.37347957491874695,0.00016509182751178741,0.5033562183380127,0.3231557309627533,9.194851736538112e-05,0.4816255569458008,0.2999841868877411,-0.0013734621461480856,0.4632336497306824,0.29535284638404846,-0.0014067171141505241,0.5230125188827515,0.2580154538154602,0.006885889917612076,0.48635420203208923,0.2821427881717682,-0.0018240368226543069,0.48076438903808594,0.32076677680015564,-0.010021094232797623,0.48683056235313416,0.3465226888656616,-0.015879962593317032,0.5065160989761353,0.2462100237607956,0.001973445527255535,0.46068286895751953,0.29698237776756287,-0.00839640386402607,0.4659722149372101,0.3397623896598816,-0.0152248814702034,0.48040905594825745,0.3561306893825531,-0.01841367781162262,0.48779216408729553,0.254770427942276,-0.004013011232018471,0.44274088740348816,0.3114260733127594,-0.01526515930891037,0.4539942741394043,0.35642918944358826,-0.01913841813802719,0.4714416563510895,0.3676106333732605,-0.020310593768954277,0.4680023789405823,0.27430179715156555,-0.010403309017419815,0.4345289468765259,0.3277336061000824,-0.024361392483115196,0.44504010677337646,0.3621455132961273,-0.02992265671491623,0.4608229100704193,0.36643263697624207,-0.03124467097222805,understand
0.5243052840232849,0.421509325504303,-3.078597501371405e-07,0.5239163041114807,0.369841068983078,0.001921377144753933,0.5050286650657654,0.31958678364753723,0.002472784137353301,0.4836846590042114,0.2990218997001648,0.0013281663414090872,0.4646918475627899,0.2964395582675934,0.0013840493047609925,0.5225255489349365,0.2553861141204834,0.009262929670512676,0.48616644740104675,0.27975812554359436,0.001319128554314375,0.48147737979888916,0.318867027759552,-0.006588389631360769,0.48822563886642456,0.34508761763572693,-0.012282718904316425,0.505399763584137,0.24356484413146973,0.0035814859438687563,0.4596726894378662,0.29379069805145264,-0.005552633665502071,0.4652464687824249,0.33761656284332275,-0.011971316300332546,0.47972241044044495,0.3556009829044342,-0.0149293914437294,0.4863901734352112,0.25314414501190186,-0.0030238074250519276,0.44131872057914734,0.30840837955474854,-0.013188420794904232,0.4533692002296448,0.35496407747268677,-0.016464050859212875,0.4711262881755829,0.3676735758781433,-0.01733781024813652,0.4671914875507355,0.2745024263858795,-0.009889503940939903,0.43393078446388245,0.3276447355747223,-0.02311282604932785,0.44459912180900574,0.3635989725589752,-0.02790846861898899,0.4601544439792633,0.36915311217308044,-0.028646748512983322,understand
0.523966908454895,0.4220273196697235,-3.2244295766759024e-07,0.5213102102279663,0.3734181225299835,0.0005729702534154058,0.5026060342788696,0.32491329312324524,0.00040022318717092276,0.48214617371559143,0.30217060446739197,-0.0014334984589368105,0.46411415934562683,0.2971736490726471,-0.0020940694957971573,0.5230234265327454,0.259336918592453,0.008328929543495178,0.48625892400741577,0.2810364067554474,-0.0012126895599067211,0.47971054911613464,0.31973856687545776,-0.010313035920262337,0.48544788360595703,0.3468296229839325,-0.016575539484620094,0.5069681406021118,0.24673941731452942,0.0031366986222565174,0.45982494950294495,0.2943708002567291,-0.008002524264156818,0.46386152505874634,0.3395434617996216,-0.015397388488054276,0.4779302179813385,0.35864168405532837,-0.018618855625391006,0.4884325861930847,0.25437068939208984,-0.0032149713952094316,0.44197553396224976,0.3098486363887787,-0.015326577238738537,0.4527702331542969,0.3577806055545807,-0.019396061077713966,0.4704867899417877,0.3712148666381836,-0.02025654911994934,0.46885716915130615,0.2729320824146271,-0.009886483661830425,0.4343840181827545,0.32630518078804016,-0.02428385615348816,0.44417980313301086,0.36285144090652466,-0.02966051921248436,0.45977291464805603,0.3687922954559326,-0.030544225126504898,understand
0.5238969326019287,0.42295125126838684,-3.1520835364062805e-07,0.5194589495658875,0.37743115425109863,-0.0013707883190363646,0.50081866979599,0.328283429145813,-0.0021700498182326555,0.4809631109237671,0.30597326159477234,-0.00423694122582674,0.46363523602485657,0.3007071316242218,-0.0047714137472212315,0.5230415463447571,0.2581707239151001,0.0069494289346039295,0.483904629945755,0.2813338339328766,-0.003308634739369154,0.47810545563697815,0.3207276463508606,-0.012368733994662762,0.48484712839126587,0.3481285572052002,-0.018251191824674606,0.5069299340248108,0.24647918343544006,0.0024853528011590242,0.4577257037162781,0.2942163050174713,-0.009896569885313511,0.46264392137527466,0.3405844569206238,-0.017318541184067726,0.47748684883117676,0.3607904016971588,-0.01991173066198826,0.48801058530807495,0.2546274960041046,-0.003349854378029704,0.4401388168334961,0.30906108021736145,-0.01649293303489685,0.45159226655960083,0.3578266203403473,-0.020297950133681297,0.4699414074420929,0.3718702793121338,-0.02036135643720627,0.4684687554836273,0.27385473251342773,-0.009669503197073936,0.4324994385242462,0.3247854709625244,-0.024666335433721542,0.44240373373031616,0.3617129921913147,-0.02980748377740383,0.4586033523082733,0.3682588040828705,-0.030060626566410065,understand
0.5244958400726318,0.42176976799964905,-3.137571980005305e-07,0.5218399167060852,0.37286698818206787,0.0012241203803569078,0.5022305250167847,0.32415905594825745,0.0013943102676421404,0.48095589876174927,0.30405041575431824,-0.00022848605294711888,0.4626863896846771,0.29981473088264465,-0.0006558732711710036,0.5223095417022705,0.2583880126476288,0.009259575977921486,0.4846126139163971,0.2834921181201935,0.00023601677094120532,0.4784770607948303,0.3223491311073303,-0.008543528616428375,0.48458540439605713,0.3485291600227356,-0.014629527926445007,0.505770206451416,0.24585334956645966,0.003634354332461953,0.45897746086120605,0.2968059182167053,-0.00706282164901495,0.4637626111507416,0.34201034903526306,-0.014335433952510357,0.4782808721065521,0.3610391914844513,-0.01739661768078804,0.48684176802635193,0.25358548760414124,-0.003100467147305608,0.44083186984062195,0.3109842836856842,-0.014833370223641396,0.4520581066608429,0.3590032160282135,-0.018946431577205658,0.4700279235839844,0.37265968322753906,-0.01980854943394661,0.46737557649612427,0.27237188816070557,-0.010125706903636456,0.4327540099620819,0.3265559673309326,-0.02440590038895607,0.44277822971343994,0.3636523485183716,-0.029676346108317375,0.4586946368217468,0.3703116476535797,-0.03038538061082363,understand
0.522445559501648,0.4220349192619324,-3.2343842804039014e-07,0.5207496285438538,0.3719247877597809,0.00195558974519372,0.502862274646759,0.32327601313591003,0.002564168768003583,0.48296716809272766,0.3002799153327942,0.0012733710464090109,0.46512576937675476,0.29522085189819336,0.0009739868110045791,0.521691620349884,0.25825878977775574,0.009341997094452381,0.4832850694656372,0.28015899658203125,0.0006585718365386128,0.4770982563495636,0.3194429278373718,-0.007331928703933954,0.48341798782348633,0.34767434000968933,-0.01267116516828537,0.5054247975349426,0.24610203504562378,0.0036833088379353285,0.4577910900115967,0.2933260202407837,-0.007108283694833517,0.4624694883823395,0.3391995429992676,-0.014157955534756184,0.4770229160785675,0.36063671112060547,-0.01681956648826599,0.4866061806678772,0.2540639340877533,-0.002929345704615116,0.4399429261684418,0.30822277069091797,-0.01475804764777422,0.45107772946357727,0.3574974238872528,-0.01869967207312584,0.4690735638141632,0.3734835982322693,-0.019213691353797913,0.4672519564628601,0.27348291873931885,-0.009676924906671047,0.4324326813220978,0.32514628767967224,-0.02384982258081436,0.4422728717327118,0.36287790536880493,-0.028948552906513214,0.4580325484275818,0.3710086941719055,-0.029401512816548347,understand
0.5243178009986877,0.4212188422679901,-3.135686768018786e-07,0.5231858491897583,0.3693511188030243,0.0016631821636110544,0.504343569278717,0.32129573822021484,0.001954281935468316,0.48308292031288147,0.30152085423469543,0.00021925996406935155,0.4643564820289612,0.2972537577152252,-0.0005338593618944287,0.5222392082214355,0.25887972116470337,0.010005905292928219,0.4864750802516937,0.2829369306564331,0.0006290430901572108,0.47980955243110657,0.32055824995040894,-0.008646797388792038,0.48500505089759827,0.3465385437011719,-0.015024322085082531,0.5056377649307251,0.2469606101512909,0.004141503944993019,0.4604142904281616,0.29687634110450745,-0.007264886982738972,0.4641980826854706,0.34134501218795776,-0.01535031758248806,0.4777396321296692,0.36103641986846924,-0.018835661932826042,0.4867098331451416,0.254912793636322,-0.002838658634573221,0.44184860587120056,0.31191760301589966,-0.015218223445117474,0.4523093104362488,0.35925230383872986,-0.020155176520347595,0.4696997106075287,0.3736151158809662,-0.021351169794797897,0.4669943153858185,0.2735104262828827,-0.010017444379627705,0.4330660402774811,0.32741469144821167,-0.024519460275769234,0.4429258406162262,0.3636165261268616,-0.030258890241384506,0.45877695083618164,0.3702625334262848,-0.0312819741666317,understand
0.5232067704200745,0.42129331827163696,-3.2745742828410584e-07,0.524218738079071,0.3691902160644531,0.0036027359310537577,0.5063883662223816,0.3205755352973938,0.005173954647034407,0.4856320917606354,0.29817113280296326,0.0046085030771791935,0.4665467441082001,0.29329121112823486,0.004632166586816311,0.5224952697753906,0.25762438774108887,0.010663163848221302,0.4873037040233612,0.27953583002090454,0.003552881069481373,0.4810204803943634,0.31730225682258606,-0.0038314643315970898,0.48627734184265137,0.3442910611629486,-0.009093603119254112,0.5052404999732971,0.24512054026126862,0.004553472623229027,0.4605151414871216,0.2934456765651703,-0.0045656668953597546,0.4639073610305786,0.3386203944683075,-0.011518148705363274,0.4769301116466522,0.361214816570282,-0.014449053443968296,0.4860970973968506,0.2534066438674927,-0.002185773802921176,0.4411773681640625,0.30881956219673157,-0.012491349130868912,0.4512794315814972,0.3573913276195526,-0.016866983845829964,0.4682922661304474,0.3745304048061371,-0.01805059425532818,0.4665720760822296,0.2735510766506195,-0.008873031474649906,0.4321848452091217,0.32606539130210876,-0.022198524326086044,0.4417878985404968,0.36326420307159424,-0.02735184133052826,0.45746830105781555,0.3720436692237854,-0.02803109586238861,understand
0.5243343114852905,0.42246657609939575,-3.043159040316823e-07,0.5240294933319092,0.3696993589401245,0.0020546799059957266,0.5049064755439758,0.3202381134033203,0.0025314174126833677,0.4825522303581238,0.2998078167438507,0.0010096938349306583,0.4629529118537903,0.29454895853996277,0.0005822049570269883,0.5211170315742493,0.26051607728004456,0.010219409130513668,0.4863819181919098,0.28177353739738464,0.0014416667399927974,0.4804041087627411,0.31983378529548645,-0.007207461167126894,0.4861738979816437,0.34614986181259155,-0.01327364332973957,0.5040960311889648,0.24842262268066406,0.00425761379301548,0.45948362350463867,0.2967645227909088,-0.005996208172291517,0.4638926088809967,0.34039485454559326,-0.013367034494876862,0.4783281087875366,0.358295738697052,-0.016670163720846176,0.48524370789527893,0.2564340829849243,-0.002737052971497178,0.4409133791923523,0.31132644414901733,-0.014073660597205162,0.4514940083026886,0.35738861560821533,-0.018216338008642197,0.46890246868133545,0.3691561818122864,-0.0193299800157547,0.46595728397369385,0.2749810814857483,-0.009905269369482994,0.4332062900066376,0.32926276326179504,-0.023696815595030785,0.4430326819419861,0.3654673099517822,-0.028708327561616898,0.4584028124809265,0.37021172046661377,-0.02940037101507187,understand
0.5218935012817383,0.42421990633010864,-2.9693578085243644e-07,0.523047149181366,0.36978286504745483,0.0016782359452918172,0.5061964392662048,0.3188299238681793,0.0023020426742732525,0.48429644107818604,0.29859647154808044,0.0011709759710356593,0.4643840491771698,0.29467952251434326,0.0008867789874784648,0.5218940377235413,0.2575618028640747,0.00988476350903511,0.48597198724746704,0.27864497900009155,0.0020684374030679464,0.4804135859012604,0.31606271862983704,-0.006086461246013641,0.4864529073238373,0.34168532490730286,-0.011885643005371094,0.5040830969810486,0.2455991506576538,0.004544086754322052,0.4597490131855011,0.29266372323036194,-0.0045206197537481785,0.4638628363609314,0.3345751166343689,-0.011515370570123196,0.4776434004306793,0.35349568724632263,-0.014740866608917713,0.4845954179763794,0.25461265444755554,-0.001705747446976602,0.4406379759311676,0.3071003556251526,-0.011539829894900322,0.45053401589393616,0.3536596894264221,-0.01528550498187542,0.46743422746658325,0.3684206008911133,-0.016370993107557297,0.46511751413345337,0.275206059217453,-0.0082014799118042,0.4322306215763092,0.32841193675994873,-0.020945563912391663,0.44179728627204895,0.3650270104408264,-0.025653786957263947,0.4569677710533142,0.372238427400589,-0.026226507499814034,understand
0.5236982107162476,0.4229516088962555,-2.7759563181462e-07,0.521882176399231,0.3705788552761078,0.00036757392808794975,0.5030173659324646,0.32098183035850525,5.643600525218062e-05,0.48076990246772766,0.3026995062828064,-0.0020007160492241383,0.46131953597068787,0.2991981506347656,-0.0027778695803135633,0.5214168429374695,0.25856924057006836,0.009159262292087078,0.485711932182312,0.2799032926559448,-0.00033069864730350673,0.4807867109775543,0.31741082668304443,-0.009922901168465614,0.4874100685119629,0.342314749956131,-0.01678292267024517,0.504237174987793,0.24699172377586365,0.003755484474822879,0.4599118232727051,0.2942391335964203,-0.006948354188352823,0.4650377929210663,0.3357466757297516,-0.014675775542855263,0.4797614514827728,0.35137853026390076,-0.018419453874230385,0.48510265350341797,0.2562422454357147,-0.0029391462448984385,0.4409506916999817,0.30994945764541626,-0.014621926471590996,0.45125555992126465,0.35532182455062866,-0.01888233795762062,0.46839454770088196,0.3662007451057434,-0.02019517868757248,0.4654195308685303,0.27631697058677673,-0.01007996778935194,0.43295472860336304,0.33135759830474854,-0.02443637326359749,0.4427148699760437,0.36628445982933044,-0.030131079256534576,0.4578915238380432,0.3699193298816681,-0.03143485262989998,understand
0.5218897461891174,0.4161934554576874,-3.1704900038675987e-07,0.5197624564170837,0.3735203146934509,-0.0021922762971371412,0.5017267465591431,0.3248698115348816,-0.0024212810676544905,0.4820779860019684,0.3010387420654297,-0.0035812100395560265,0.4650661051273346,0.29406070709228516,-0.003616507863625884,0.5248403549194336,0.25731363892555237,0.005715280305594206,0.4917413890361786,0.27843889594078064,-0.0033514804672449827,0.48356130719184875,0.31671541929244995,-0.012159139849245548,0.48790279030799866,0.3457680642604828,-0.018247360363602638,0.5070767998695374,0.24289527535438538,0.002281083259731531,0.4666244089603424,0.2917092442512512,-0.008118752390146255,0.46845927834510803,0.33417272567749023,-0.015464972704648972,0.48154476284980774,0.3545435667037964,-0.018877092748880386,0.4868360161781311,0.24967236816883087,-0.0024275481700897217,0.4467785358428955,0.3036569356918335,-0.014614226296544075,0.45348456501960754,0.35172075033187866,-0.019072065129876137,0.4694560170173645,0.36928823590278625,-0.020123615860939026,0.4659578204154968,0.26740360260009766,-0.0075751557014882565,0.43370693922042847,0.32063809037208557,-0.022679666057229042,0.44208014011383057,0.3588123023509979,-0.028354709967970848,0.45758166909217834,0.36831071972846985,-0.029226738959550858,understand
0.5242432355880737,0.4086456298828125,-2.3238656865487428e-07,0.528772234916687,0.35915401577949524,-0.004291651304811239,0.5128666162490845,0.30938833951950073,-0.006668716203421354,0.4911198616027832,0.2906232476234436,-0.009838603436946869,0.472146213054657,0.2864817678928375,-0.011441729962825775,0.5287433862686157,0.24914692342281342,0.0044885133393108845,0.4994719624519348,0.27330663800239563,-0.007294093258678913,0.49635329842567444,0.3101324439048767,-0.018426282331347466,0.5042266249656677,0.3344302177429199,-0.02577994205057621,0.5096847414970398,0.23609240353107452,0.0011025972198694944,0.47767049074172974,0.28146934509277344,-0.010196198709309101,0.48196518421173096,0.3190402090549469,-0.01756802201271057,0.4962160885334015,0.33515527844429016,-0.021082023158669472,0.4879997968673706,0.2443244308233261,-0.004109397530555725,0.45564258098602295,0.293430894613266,-0.016752857714891434,0.4639999568462372,0.3350687325000763,-0.020496822893619537,0.4810298681259155,0.34663400053977966,-0.02115844376385212,0.46654921770095825,0.26298287510871887,-0.010168814100325108,0.43983879685401917,0.31347107887268066,-0.02453763037919998,0.44854238629341125,0.3477674126625061,-0.029182856902480125,0.4639184772968292,0.3548046052455902,-0.02951340563595295,understand
0.5287372469902039,0.4015948474407196,-3.214282742192154e-07,0.5392204523086548,0.34807220101356506,0.0006159358890727162,0.526288628578186,0.298190176486969,0.0007130771991796792,0.5050872564315796,0.27501100301742554,-0.0008770808926783502,0.4849449396133423,0.26780959963798523,-0.001719786785542965,0.5449697375297546,0.24218985438346863,0.008142887614667416,0.5140853524208069,0.25269460678100586,-0.0011789047857746482,0.5051943063735962,0.2889133393764496,-0.009723667986690998,0.5085846781730652,0.3223220407962799,-0.014561284333467484,0.5252734422683716,0.22636571526527405,0.0039320518262684345,0.489004909992218,0.26439809799194336,-0.0044054072350263596,0.4863574206829071,0.30673322081565857,-0.01125448290258646,0.4959293007850647,0.3337371051311493,-0.014399411156773567,0.5035675764083862,0.23090672492980957,-0.0014156232355162501,0.46676528453826904,0.2767181396484375,-0.012540463358163834,0.46855366230010986,0.32432764768600464,-0.017809070646762848,0.48143693804740906,0.3487916588783264,-0.01906590722501278,0.4814668297767639,0.24500134587287903,-0.006678348407149315,0.4499107897281647,0.2868245244026184,-0.019050125032663345,0.45303407311439514,0.3272826075553894,-0.023092130199074745,0.46519434452056885,0.34627965092658997,-0.022739484906196594,understand
0.5300660729408264,0.4045911133289337,-2.638326748183317e-07,0.5472491979598999,0.347495436668396,0.003265828127041459,0.5400848388671875,0.291191428899765,0.004277487751096487,0.5184060335159302,0.26218000054359436,0.0036021482665091753,0.4977022409439087,0.25600677728652954,0.0036507840268313885,0.5552932620048523,0.2556764781475067,0.0089260870590806,0.5271885395050049,0.24826648831367493,0.0027609688695520163,0.5181254744529724,0.2802010774612427,-0.003428863128647208,0.5204772353172302,0.30900174379348755,-0.0076543609611690044,0.5371439456939697,0.23683911561965942,0.00428379001095891,0.50370854139328,0.24878647923469543,3.412221121834591e-05,0.5011336207389832,0.28413712978363037,-0.004115482326596975,0.5104538202285767,0.3057740330696106,-0.006846669130027294,0.5155113935470581,0.23586063086986542,-0.0009830777999013662,0.48025399446487427,0.2538670003414154,-0.00657994206994772,0.4813806414604187,0.29511091113090515,-0.008807596750557423,0.49378424882888794,0.31394699215888977,-0.010324209928512573,0.49154767394065857,0.2448054403066635,-0.00616426719352603,0.4599054753780365,0.27363231778144836,-0.014877351000905037,0.46256834268569946,0.3088553547859192,-0.017622224986553192,0.47446876764297485,0.32200267910957336,-0.017854221165180206,understand
0.5315375924110413,0.40099069476127625,-2.6279447951083057e-08,0.5538936853408813,0.3547419607639313,0.012667723000049591,0.5480371713638306,0.29305917024612427,0.01876084692776203,0.5261672735214233,0.26132699847221375,0.021135179325938225,0.5049833059310913,0.25566110014915466,0.022134197875857353,0.5565727949142456,0.26067036390304565,0.021323077380657196,0.5427805185317993,0.20520474016666412,0.025729764252901077,0.5331060290336609,0.16790461540222168,0.028215069323778152,0.5282190442085266,0.13947947323322296,0.02789481356739998,0.5403889417648315,0.2425602674484253,0.01333562284708023,0.5106120705604553,0.24259217083454132,0.010919444262981415,0.5079205632209778,0.2787574231624603,0.009426955133676529,0.5156046748161316,0.3048654794692993,0.011034904979169369,0.5190332531929016,0.24181582033634186,0.005845259875059128,0.4843449890613556,0.2616587281227112,0.001150076393969357,0.4850517213344574,0.30364343523979187,-0.002816395368427038,0.4967266023159027,0.32185399532318115,-0.0038745696656405926,0.4952373504638672,0.2480347454547882,-0.0004038178303744644,0.4620124399662018,0.2771519124507904,-0.008118749596178532,0.4642024338245392,0.3128874599933624,-0.012696233578026295,0.4759742319583893,0.326469361782074,-0.013700474984943867,understand
0.5269634127616882,0.4141325354576111,1.0278472473146394e-07,0.5512038469314575,0.35818368196487427,0.0038345945067703724,0.5479481816291809,0.3000386953353882,0.004697838332504034,0.5285139083862305,0.2708170413970947,0.003161820350214839,0.508158266544342,0.2630937099456787,0.0008893519407138228,0.5590398907661438,0.27175432443618774,0.004827163182199001,0.5437925457954407,0.21668533980846405,0.0018949310760945082,0.5328349471092224,0.1851220279932022,0.00116433494258672,0.5297935009002686,0.15815000236034393,9.783572022570297e-05,0.5411214232444763,0.2513139247894287,-0.00028774497332051396,0.5206618905067444,0.22223928570747375,-0.0035083512775599957,0.5148063898086548,0.21434777975082397,-0.004785184282809496,0.5163065791130066,0.20196914672851562,-0.005230881739407778,0.519125759601593,0.24733765423297882,-0.005519051570445299,0.484419584274292,0.2564621567726135,-0.013069734908640385,0.4805041253566742,0.2964242100715637,-0.0179694052785635,0.48940858244895935,0.3188141882419586,-0.01963251642882824,0.4937720000743866,0.25244075059890747,-0.01022918988019228,0.46288734674453735,0.27986419200897217,-0.019939299672842026,0.46203914284706116,0.3158947229385376,-0.024595391005277634,0.47097110748291016,0.3347247242927551,-0.025848079472780228,understand
0.5278898477554321,0.4177520275115967,-1.5401001363102296e-08,0.5455272197723389,0.3631283640861511,0.004791435785591602,0.5415157079696655,0.3044550120830536,0.0036887768656015396,0.5210922360420227,0.2750963866710663,0.00030869513284415007,0.5002408623695374,0.26865071058273315,-0.004293219652026892,0.5521513819694519,0.2701343595981598,-0.00168866035528481,0.5405877232551575,0.1973164826631546,-0.0061053503304719925,0.5339792966842651,0.15025874972343445,-0.008190221153199673,0.5306347012519836,0.11100761592388153,-0.01141414139419794,0.5366958975791931,0.2558666467666626,-0.008012253791093826,0.49810853600502014,0.2458357959985733,-0.016795868054032326,0.49267229437828064,0.28530600666999817,-0.017304113134741783,0.5003248453140259,0.30989742279052734,-0.0163973867893219,0.5155588984489441,0.25697001814842224,-0.013650428503751755,0.47729337215423584,0.26598885655403137,-0.022312739863991737,0.47576937079429626,0.3073447644710541,-0.021391401067376137,0.48628953099250793,0.3268701434135437,-0.020271947607398033,0.4910343885421753,0.26657867431640625,-0.01892935298383236,0.4586871266365051,0.29015520215034485,-0.028381595388054848,0.4586711525917053,0.3272186517715454,-0.029373658820986748,0.4684915244579315,0.3440946042537689,-0.028348881751298904,understand
0.5261008143424988,0.42376840114593506,-1.0174490938652525e-07,0.5429196953773499,0.36462199687957764,0.006547445897012949,0.537930428981781,0.3044385612010956,0.0064991735853254795,0.5193945169448853,0.2720596492290497,0.004062737338244915,0.4993360936641693,0.2653738558292389,0.0004668327164836228,0.5491822361946106,0.26910310983657837,-0.0005757760372944176,0.5353452563285828,0.19474323093891144,-0.0039638327434659,0.5278588533401489,0.14859870076179504,-0.00529789924621582,0.5232436060905457,0.11054234951734543,-0.008410071022808552,0.535129189491272,0.2547765076160431,-0.007590019144117832,0.4925437867641449,0.24868197739124298,-0.016613570973277092,0.4884071350097656,0.28953754901885986,-0.017028626054525375,0.49715396761894226,0.3163079619407654,-0.016175061464309692,0.5145487785339355,0.25650277733802795,-0.013733334839344025,0.4744306802749634,0.26680299639701843,-0.021773772314190865,0.47413691878318787,0.306262731552124,-0.020342674106359482,0.48551955819129944,0.32534801959991455,-0.01930856518447399,0.4912494122982025,0.26672446727752686,-0.019461659714579582,0.4568846821784973,0.29342934489250183,-0.02885422110557556,0.4580877721309662,0.32889053225517273,-0.03030516393482685,0.4690636992454529,0.34356266260147095,-0.029793228954076767,understand
0.5260258913040161,0.4284723401069641,-7.661009249204653e-08,0.5422927737236023,0.36694493889808655,0.006715910043567419,0.5376850366592407,0.307500958442688,0.005951990839093924,0.5177421569824219,0.27483513951301575,0.0026125709991902113,0.49668967723846436,0.2687472701072693,-0.001995771424844861,0.548163890838623,0.26702481508255005,-0.00015168216486927122,0.5341770648956299,0.19236333668231964,-0.004138149321079254,0.5263489484786987,0.14723050594329834,-0.005794767290353775,0.5219092965126038,0.11020424216985703,-0.008701128885149956,0.5336198806762695,0.25412535667419434,-0.007283660117536783,0.4930723011493683,0.23999622464179993,-0.014756018295884132,0.4882532060146332,0.27850618958473206,-0.014395302161574364,0.4964783787727356,0.30362749099731445,-0.013278312981128693,0.5129901766777039,0.2578609883785248,-0.013596720062196255,0.47413089871406555,0.2622315585613251,-0.020421231165528297,0.4731026589870453,0.3021866977214813,-0.018197333440184593,0.48446032404899597,0.32124003767967224,-0.01683579571545124,0.48952585458755493,0.27066570520401,-0.01951013132929802,0.4557304084300995,0.2922579050064087,-0.027366915717720985,0.456722617149353,0.3291439414024353,-0.0273329745978117,0.4677709937095642,0.34596794843673706,-0.025831660255789757,understand
0.5255671143531799,0.42844435572624207,-8.281596564074789e-08,0.5422007441520691,0.36424851417541504,0.007561421953141689,0.5372585654258728,0.3053930103778839,0.006786614656448364,0.5169943571090698,0.27602604031562805,0.003076705150306225,0.4952031373977661,0.27255433797836304,-0.001988739939406514,0.54813152551651,0.26625603437423706,0.0009475186816416681,0.5337866544723511,0.19279278814792633,-0.0023677321150898933,0.5252150893211365,0.14825142920017242,-0.003513005329295993,0.5201482176780701,0.11225283145904541,-0.0061025479808449745,0.5338723063468933,0.2526033818721771,-0.006615533959120512,0.4942646324634552,0.24094457924365997,-0.013093218207359314,0.48894190788269043,0.27889057993888855,-0.012392891570925713,0.49640828371047974,0.3038327395915985,-0.011268661357462406,0.5133969783782959,0.25621289014816284,-0.013312624767422676,0.4752868115901947,0.26019182801246643,-0.019415725022554398,0.47332268953323364,0.29952454566955566,-0.01730731874704361,0.48360955715179443,0.31968945264816284,-0.016227342188358307,0.48982226848602295,0.26803895831108093,-0.01955040544271469,0.45660755038261414,0.2895136773586273,-0.026713000610470772,0.4562259316444397,0.3262486755847931,-0.02647525444626808,0.46574515104293823,0.34482303261756897,-0.02500075288116932,understand
0.5247339606285095,0.42894238233566284,-8.901270120986737e-08,0.5417732000350952,0.3662325441837311,0.005941095761954784,0.537255585193634,0.3067830204963684,0.0049061947502195835,0.5173172354698181,0.2760695815086365,0.0014182623708620667,0.4956839978694916,0.2714497745037079,-0.0032608299516141415,0.5474441647529602,0.26665177941322327,-0.0004184496938250959,0.5324564576148987,0.1931113451719284,-0.004027930554002523,0.5235843062400818,0.14844247698783875,-0.00553449522703886,0.5182245969772339,0.11253539472818375,-0.008274274878203869,0.5332030057907104,0.25286373496055603,-0.007018485106527805,0.49349766969680786,0.24137534201145172,-0.013828405179083347,0.4874183237552643,0.27854621410369873,-0.013511521741747856,0.4940865933895111,0.30410975217819214,-0.01261002104729414,0.5126861333847046,0.25630098581314087,-0.01283456664532423,0.47514814138412476,0.2602323889732361,-0.01937706023454666,0.47232720255851746,0.2986520528793335,-0.017465272918343544,0.48160988092422485,0.31984907388687134,-0.016300417482852936,0.4890757203102112,0.26785340905189514,-0.018315514549613,0.4564720392227173,0.28878524899482727,-0.025928081944584846,0.45561090111732483,0.32485276460647583,-0.025908377021551132,0.46439698338508606,0.3442975580692291,-0.024403933435678482,understand
0.5240575671195984,0.4291748106479645,-1.0455508459017437e-07,0.5408997535705566,0.36781638860702515,0.0064225266687572,0.5365070700645447,0.30855363607406616,0.005884808488190174,0.5164207220077515,0.27745383977890015,0.0029037187341600657,0.49496543407440186,0.27177613973617554,-0.001296867267228663,0.547090470790863,0.26709169149398804,3.819806079263799e-05,0.5315169095993042,0.19355452060699463,-0.003417756175622344,0.5222859382629395,0.14881277084350586,-0.004925170447677374,0.5167759656906128,0.11294720321893692,-0.007646115496754646,0.5330061316490173,0.2537683844566345,-0.006575295235961676,0.4929150342941284,0.23958685994148254,-0.012904577888548374,0.4864546060562134,0.2768090069293976,-0.012248491868376732,0.49334996938705444,0.3023793399333954,-0.011243084445595741,0.5128482580184937,0.25702589750289917,-0.012355474755167961,0.47496455907821655,0.25750455260276794,-0.01833176054060459,0.4718742370605469,0.29629021883010864,-0.015706991776823997,0.48127511143684387,0.31780871748924255,-0.014200879260897636,0.48971331119537354,0.2684822976589203,-0.01779971271753311,0.45676079392433167,0.28597748279571533,-0.024972958490252495,0.4556623697280884,0.3227088749408722,-0.0243203267455101,0.4645646810531616,0.34315115213394165,-0.022422200068831444,understand
0.5242420434951782,0.429033488035202,-1.1157754897794803e-07,0.5403773784637451,0.3667897880077362,0.007626532111316919,0.535286009311676,0.3080872595310211,0.007681602146476507,0.5146419405937195,0.2764456272125244,0.00508085498586297,0.4931453764438629,0.2705184519290924,0.0012155661825090647,0.5466114282608032,0.2672102451324463,0.0013803368201479316,0.5303736329078674,0.19367291033267975,-0.001488753012381494,0.5206601619720459,0.14977368712425232,-0.0026979497633874416,0.5148539543151855,0.11404428631067276,-0.005270953755825758,0.5325215458869934,0.2543087303638458,-0.005603409837931395,0.49098482728004456,0.23701618611812592,-0.011431818827986717,0.48406991362571716,0.2740741968154907,-0.010736818425357342,0.4906378984451294,0.3000887334346771,-0.009675687178969383,0.5126532316207886,0.2572347819805145,-0.011625755578279495,0.473560094833374,0.25819748640060425,-0.01688389666378498,0.4706028401851654,0.2975001037120819,-0.014487098902463913,0.48013123869895935,0.3190188705921173,-0.013206309638917446,0.4896954596042633,0.2688537836074829,-0.017239604145288467,0.45619210600852966,0.2874992787837982,-0.023813171312212944,0.45535826683044434,0.32466772198677063,-0.02332061156630516,0.46463897824287415,0.34499022364616394,-0.02161247655749321,understand
0.5230787992477417,0.4275690019130707,-1.1673414945789773e-07,0.5405872464179993,0.3652757406234741,0.007881342433393002,0.5369588136672974,0.3065716028213501,0.007913237437605858,0.516754150390625,0.2748260498046875,0.005334845278412104,0.49483612179756165,0.2692570686340332,0.0013745954493060708,0.5465295910835266,0.2650696933269501,0.0010015938896685839,0.5299266576766968,0.1922927051782608,-0.0015788342570886016,0.5198964476585388,0.14856290817260742,-0.0027138949371874332,0.5139941573143005,0.11363457143306732,-0.0051557994447648525,0.5320174694061279,0.251837819814682,-0.005901249125599861,0.4907478094100952,0.2378370612859726,-0.010823787190020084,0.48357388377189636,0.27382299304008484,-0.009876723401248455,0.4896599054336548,0.2988232970237732,-0.008879505097866058,0.5119820833206177,0.2552451491355896,-0.011708138510584831,0.4732287526130676,0.258924275636673,-0.015893986448645592,0.4702107906341553,0.2971576452255249,-0.013385333120822906,0.4793141484260559,0.31807205080986023,-0.012338266707956791,0.48895102739334106,0.2672291696071625,-0.017098139971494675,0.45558834075927734,0.2868981659412384,-0.02280033938586712,0.4548001289367676,0.32379186153411865,-0.021985577419400215,0.46380558609962463,0.3442979156970978,-0.020178383216261864,understand
0.5249312520027161,0.42781439423561096,-9.946641199576334e-08,0.540686309337616,0.3644825220108032,0.007456744555383921,0.5358679890632629,0.30551818013191223,0.006795575376600027,0.5151666402816772,0.27499625086784363,0.0033221771009266376,0.4935321509838104,0.2694338858127594,-0.0013696475652977824,0.5466368794441223,0.26512837409973145,0.0008646594942547381,0.5297225117683411,0.19237342476844788,-0.0023971875198185444,0.518882691860199,0.14869891107082367,-0.0037532977294176817,0.5124000310897827,0.11315596103668213,-0.006513760890811682,0.5321202874183655,0.2516339123249054,-0.006527624558657408,0.49112969636917114,0.23742803931236267,-0.012536408379673958,0.4853840172290802,0.2744770050048828,-0.011675317771732807,0.49314385652542114,0.2985958755016327,-0.010613829828798771,0.5117743015289307,0.25507351756095886,-0.013013036921620369,0.47332563996315,0.2582045793533325,-0.018102671951055527,0.4713517725467682,0.2974361479282379,-0.015512102283537388,0.48213931918144226,0.31681254506111145,-0.014457124285399914,0.48842743039131165,0.2670001983642578,-0.01919425092637539,0.45573750138282776,0.2903628647327423,-0.025832649320364,0.45605605840682983,0.32744744420051575,-0.02559591270983219,0.4665718972682953,0.3453117907047272,-0.0242540892213583,understand
0.5243498086929321,0.42732834815979004,-1.2057371634455194e-07,0.540356457233429,0.36443623900413513,0.007964707911014557,0.5358858704566956,0.3057235777378082,0.007700673770159483,0.5148230791091919,0.2753913998603821,0.004727683030068874,0.49310389161109924,0.2701738774776459,0.000492853345349431,0.5473935604095459,0.2649659812450409,0.0013252145145088434,0.5299896001815796,0.1922140121459961,-0.001351691666059196,0.5187270045280457,0.14850814640522003,-0.0024363913107663393,0.5116522908210754,0.11394868046045303,-0.004961899947375059,0.5326898694038391,0.2511683702468872,-0.005888659972697496,0.4913458824157715,0.23897169530391693,-0.011297803372144699,0.4845929741859436,0.27670320868492126,-0.010377981700003147,0.4913176894187927,0.3025472164154053,-0.00932200625538826,0.5122905373573303,0.2540907859802246,-0.012075250968337059,0.4733763039112091,0.25838160514831543,-0.016662772744894028,0.47052818536758423,0.2981218695640564,-0.014118154533207417,0.4802605211734772,0.31929081678390503,-0.013090855441987514,0.4889267086982727,0.2656290829181671,-0.01786259561777115,0.4552880823612213,0.28861433267593384,-0.02404593676328659,0.45481905341148376,0.3264496922492981,-0.02362052910029888,0.46460631489753723,0.34615302085876465,-0.02211107686161995,understand
0.5243781805038452,0.4270172119140625,-1.1706414682066679e-07,0.5406897664070129,0.36351314187049866,0.008542805910110474,0.5363296866416931,0.3048737645149231,0.008797640912234783,0.5154679417610168,0.2744162380695343,0.006139498669654131,0.4937182068824768,0.268959641456604,0.0022458680905401707,0.5474593639373779,0.2650083601474762,0.002699000295251608,0.5297229886054993,0.1934790015220642,0.00047337423893623054,0.5183748006820679,0.15025749802589417,-0.0003190141578670591,0.5114545226097107,0.11582282185554504,-0.0027277914341539145,0.5327764749526978,0.25062626600265503,-0.004747359547764063,0.4927615225315094,0.23774170875549316,-0.009590834379196167,0.48634278774261475,0.27498629689216614,-0.008472290821373463,0.493145227432251,0.30079424381256104,-0.007387634366750717,0.5123866200447083,0.2532905042171478,-0.01121758483350277,0.4746045470237732,0.25727683305740356,-0.015538658015429974,0.4716852307319641,0.29623714089393616,-0.013144205324351788,0.4812442660331726,0.3173408508300781,-0.012311168015003204,0.4887957274913788,0.26465827226638794,-0.017245829105377197,0.4561449885368347,0.2878701984882355,-0.023254895582795143,0.4554409384727478,0.3247811794281006,-0.023007316514849663,0.4647856056690216,0.34394606947898865,-0.021739676594734192,understand
0.5242215394973755,0.42670777440071106,-1.250777472705522e-07,0.5411952137947083,0.3646795451641083,0.00858417246490717,0.5367807149887085,0.3064368665218353,0.008819982409477234,0.516036331653595,0.27568745613098145,0.006079963408410549,0.4942968487739563,0.26999631524086,0.0020077575463801622,0.5475925207138062,0.2643797695636749,0.0026020968798547983,0.5295869708061218,0.1934083253145218,0.0001913753367261961,0.5183910727500916,0.14976009726524353,-0.0007904786616563797,0.5115846991539001,0.11492721736431122,-0.0032169767655432224,0.5330773591995239,0.24978949129581451,-0.004799912218004465,0.4920077919960022,0.24040669202804565,-0.01000742893666029,0.4856503903865814,0.27850788831710815,-0.009193134494125843,0.4923541843891144,0.30468952655792236,-0.008140357211232185,0.5127493739128113,0.252473384141922,-0.011191073805093765,0.4740879535675049,0.2603052258491516,-0.015883803367614746,0.4706616997718811,0.3000609874725342,-0.013856076635420322,0.4797065854072571,0.32162266969680786,-0.01297319121658802,0.4891454577445984,0.2637141942977905,-0.01709836535155773,0.4561225175857544,0.28671348094940186,-0.023082459345459938,0.45510298013687134,0.32391366362571716,-0.02275322750210762,0.4638984501361847,0.34409549832344055,-0.021264901384711266,understand
0.5243672132492065,0.42719265818595886,-1.202520962806375e-07,0.5414251685142517,0.36376237869262695,0.007929936051368713,0.5370657444000244,0.30502769351005554,0.007959304377436638,0.5157581567764282,0.2740233540534973,0.005142969079315662,0.4939349293708801,0.2675454020500183,0.0010920815402641892,0.5475539565086365,0.2641587555408478,0.002504072617739439,0.5291904807090759,0.19411690533161163,-0.00014703553461004049,0.5176924467086792,0.15092338621616364,-0.0013725259341299534,0.5108746290206909,0.1160341203212738,-0.003992543555796146,0.532908022403717,0.24987603724002838,-0.004706340841948986,0.49194008111953735,0.23923058807849884,-0.01019259449094534,0.48605993390083313,0.276852548122406,-0.009583374485373497,0.49307748675346375,0.30225759744644165,-0.008651750162243843,0.5126649141311646,0.2526566982269287,-0.010998652316629887,0.47413158416748047,0.2595479488372803,-0.01588660664856434,0.4712848663330078,0.2991877794265747,-0.013799055479466915,0.4807168245315552,0.3202349841594696,-0.01284408662468195,0.4892742931842804,0.2640732228755951,-0.016892315819859505,0.4564334452152252,0.28612208366394043,-0.023058345541357994,0.45547381043434143,0.32300832867622375,-0.022717710584402084,0.4642203748226166,0.342716246843338,-0.02120514214038849,understand
0.5241498947143555,0.4261090159416199,-1.3671457566033496e-07,0.5410569310188293,0.36425361037254333,0.00951319932937622,0.536759614944458,0.30618995428085327,0.009969491511583328,0.5161052942276001,0.2750503420829773,0.007424867711961269,0.4946015477180481,0.26834675669670105,0.0034681849647313356,0.5477694869041443,0.2642166018486023,0.002562049776315689,0.5286394953727722,0.1931704431772232,0.0005007212166674435,0.5167163610458374,0.1502489447593689,-0.00020062738622073084,0.509576678276062,0.11646947264671326,-0.0024401070550084114,0.5332600474357605,0.24987126886844635,-0.005196631420403719,0.49172699451446533,0.238146111369133,-0.009960050694644451,0.4845806658267975,0.2761538028717041,-0.008843456394970417,0.49066251516342163,0.3030669093132019,-0.0076893107034265995,0.5130301713943481,0.25290006399154663,-0.011772683821618557,0.47368884086608887,0.2590614855289459,-0.015828609466552734,0.4700958728790283,0.29936209321022034,-0.013417038135230541,0.47910112142562866,0.32125189900398254,-0.012503789737820625,0.4896097183227539,0.264833927154541,-0.017758838832378387,0.4559608995914459,0.286490261554718,-0.02335672453045845,0.45513397455215454,0.324010968208313,-0.02272624894976616,0.46421313285827637,0.344082236289978,-0.02113582007586956,understand
